CO,NO2,Proximity_to_Industrial_Areas,Temperature,SO2,Population_Density,Humidity,PM10,Air Quality
0.348534202,0.2,0.163090129,0.362831858,0.707605519,0.170351105,0.250814332,0.512196327,Moderate
0.32247557,0.406956522,0.150214592,0.329646018,0.715202542,0.55006502,0.429967427,0.450650976,Moderate
0.319218241,0.295652174,0.115879828,0.21460177,0.755263688,0.56046814,0.42019544,0.617365637,Moderate
0.16286645,0.106086957,0.369098712,0.303097345,0.638913042,0.472041612,0.033659066,0.349876261,Good
0.117263844,0.252173913,0.43776824,0.289823009,0.644912419,0.149544863,0.376764387,0.494002068,Good
0.381107492,0.617391304,0.025751073,0.575221239,0.815262679,0.631989597,0.657980456,0.625601355,Hazardous
0.374592834,0.412173913,0.090128755,0.626106195,0.756538058,0.711313394,0.504885993,0.491971118,Poor
0.237785016,0.292173913,0.163090129,0.389380531,0.767727385,0.33159948,0.256243214,0.501896346,Moderate
0.449511401,0.655652174,0.124463519,0.353982301,0.744830792,0.387516255,0.627578719,0.551125646,Poor
0.338762215,0.427826087,0.103004292,0.438053097,0.787600657,0.451235371,0.483170467,0.563057416,Poor
0.06514658,0.189565217,0.450643777,0.28539823,0.650772802,0.44343303,0.32247557,0.330289976,Good
0.286644951,0.246956522,0.145922747,0.422566372,0.828992662,0.430429129,0.165038002,0.427093383,Moderate
0.143322476,0.325217391,0.330472103,0.146017699,0.663941077,0.455136541,0.187839305,0.459492956,Good
0.120521173,0.274782609,0.364806867,0.336283186,0.622182194,0.416124837,0.19218241,0.618355065,Good
0.172638436,0.170434783,0.339055794,0.196902655,0.658381251,0.057217165,0.483170467,0.448039736,Good
0.270358306,0.349565217,0.231759657,0.411504425,0.744830792,0.33289987,0.465798046,0.596851267,Moderate
0.100977199,0.191304348,0.510729614,0.210176991,0.604265903,0.22236671,0.427795874,0.425602866,Good
0.390879479,0.683478261,0.068669528,0.53539823,0.768940633,0.483745124,0.490770901,0.704472647,Poor
0.283387622,0.366956522,0.154506438,0.471238938,0.672944229,0.323797139,0.252985885,0.490946665,Moderate
0.156351792,0.516521739,0.223175966,0.539823009,0.743495898,0.799739922,0.664495114,0.56440874,Poor
0.104234528,0.405217391,0.236051502,0.314159292,0.710671761,0.195058518,0.087947883,0.477047712,Moderate
0.127035831,0.029565217,0.510729614,0.314159292,0.55298762,0.431729519,0.450597177,0.432930713,Good
0.107491857,0.311304348,0.321888412,0.269911504,0.622182194,0.452535761,0.242128122,0,Good
0.123778502,0.276521739,0.373390558,0.247787611,0.624335074,0.355006502,0.134636265,0.487836536,Good
0.094462541,0.269565217,0.660944206,0.283185841,0.569490985,0.511053316,0.15092291,0.201974414,Good
0.091205212,0.177391304,0.386266094,0.203539823,0.628586634,0.176853056,0.283387622,0.540643934,Good
0.143322476,0.137391304,0.326180258,0.367256637,0.636881209,0.141742523,0.360477742,0.282908201,Good
0.390879479,0.431304348,0.042918455,0.53539823,0.658381251,0.583875163,0.393051031,0.499956167,Poor
0.123778502,0.229565217,0.330472103,0.35840708,0.584983287,0.343302991,0.321389794,0.40830272,Good
0.540716612,0.420869565,0.017167382,0.865044248,0.944280441,0.7763329,0.520086862,0.785935784,Hazardous
0.368078176,0.36,0.042918455,0.692477876,0.858681193,0.486345904,0.672095548,0.706562972,Hazardous
0.100977199,0.333913043,0.360515021,0.219026549,0.638913042,0.503250975,0.099891422,0.591752049,Good
0.390879479,0.469565217,0.111587983,0.486725664,0.743495898,0.327698309,0.697068404,0.614363068,Poor
0.293159609,0.335652174,0.321888412,0.360619469,0.833721059,0.723016905,0.540716612,0.791847647,Poor
0.084690554,0.123478261,0.356223176,0.185840708,0.652696476,0.347204161,0.47339848,0.501896346,Good
0.345276873,0.311304348,0.210300429,0.316371681,0.667580879,0.527958388,0.543973941,0.790205178,Moderate
0.107491857,0.137391304,0.369098712,0.311946903,0.587475542,0.369310793,0.465798046,0.618847673,Good
0.218241042,0.304347826,0.459227468,0.32300885,0.654605631,0.379713914,0.393051031,0.567080242,Good
0.100977199,0.28,0.330472103,0.194690265,0.604265903,0.466840052,0.152008686,0.392742086,Good
0.478827362,0.575652174,0.103004292,0.440265487,0.919504033,0.55136541,0.370249729,0.747141208,Hazardous
0.638436482,0.55826087,0,0.533185841,0.909288841,0.923276983,0.517915309,0.212501529,Hazardous
0.358306189,0.417391304,0.077253219,0.387168142,0.864554535,0.768530559,0.634093377,0.733457512,Poor
0.342019544,0.631304348,0.25751073,0.57300885,0.760323094,0.496749025,0.465798046,0.774277432,Poor
0.270358306,0.344347826,0.128755365,0.25,0.783063102,0.344603381,0.313789359,0.632557328,Poor
0.244299674,0.387826087,0.240343348,0.318584071,0.793160482,0.540962289,0.290988056,0.463148758,Moderate
0.087947883,0.236521739,0.39055794,0.088495575,0.59958129,0.373211964,0.222584148,0.363240101,Good
0.172638436,0.213913043,0.446351931,0.103982301,0.648834387,0.11053316,0.370249729,0.387229109,Good
0.078175896,0.24173913,0.360515021,0.269911504,0.654605631,0.436931079,0.457111835,0.322335415,Good
0.087947883,0.212173913,0.330472103,0.199115044,0.587475542,0.196358908,0.361563518,0.392742086,Good
0.306188925,0.260869565,0.459227468,0.263274336,0.69169072,0.518855657,0.123778502,0.773471657,Moderate
0.657980456,0.591304348,0.012875536,0.634955752,0.917493729,0.875162549,0.584147666,0.624652477,Hazardous
0.055374593,0.109565217,0.347639485,0.311946903,0.613382633,0.062418726,0.100977199,0.421052975,Good
0.260586319,0.35826087,0.163090129,0.424778761,0.778442666,0.417425228,0.315960912,0.52447932,Moderate
0.537459283,0.610434783,0.206008584,0.723451327,0.796438651,0.33159948,0.69815418,0.892820152,Hazardous
0.423452769,0.466086957,0.051502146,0.444690265,0.894993407,0.535760728,0.490770901,0.704171964,Hazardous
0.299674267,0.283478261,0.150214592,0.767699115,0.652696476,0.568270481,0.630836048,0.521919408,Poor
0.208469055,0.394782609,0.21888412,0.402654867,0.810172731,0.617685306,0.441910966,0.579237102,Moderate
0.273615635,0.340869565,0.137339056,0.345132743,0.374789456,0.455136541,0.515743757,0.663304892,Moderate
0.28990228,0.316521739,0.240343348,0.254424779,0.561373864,0.351105332,0.501628664,0.585309197,Moderate
0.35504886,0.523478261,0.124463519,0.316371681,0.718178599,0.520156047,0.688382193,0.596851267,Poor
0.169381107,0.066086957,0.330472103,0.163716814,0.574761214,0.317295189,0.135722041,0.527834868,Good
0.377850163,0.406956522,0.098712446,0.327433628,0.632767917,0.750325098,0.38762215,0.783665892,Poor
0.537459283,0.499130435,0.184549356,0.411504425,0.840195756,0.630689207,0.365906623,0.818718783,Poor
0.094462541,0.234782609,0.35193133,0.17920354,0.550129263,0.518855657,0.260586319,0.535155849,Good
0.166123779,0.253913043,0.364806867,0.35840708,0.606576074,0.245773732,0.294245385,0.492989562,Good
0.058631922,0.153043478,0.356223176,0.090707965,0.694954789,0.037711313,0.410423453,0.39983059,Good
0.459283388,0.271304348,0.184549356,0.438053097,0.884483093,0.704811443,0.149837134,0.555431095,Poor
0.794788274,0.64173913,0.115879828,1,0.859528637,0.589076723,0.325732899,0.696480529,Hazardous
0.16286645,0.330434783,0.356223176,0.325221239,0.640928685,0.098829649,0.17155266,0.646945125,Good
0.250814332,0.372173913,0.227467811,0.411504425,0.712191056,0.533159948,0.422366992,0.667443953,Moderate
0.087947883,0.146086957,0.326180258,0.256637168,0.624335074,0.392717815,0.302931596,0.431489674,Good
0.25732899,0.353043478,0.300429185,0.272123894,0.728327427,0.382314694,0.361563518,0.567080242,Moderate
0.462540717,0.485217391,0.103004292,0.480088496,0.897917854,0.697009103,0.360477742,0.599070392,Hazardous
0.107491857,0.104347826,0.321888412,0.294247788,0.630685915,0.22106632,0.295331162,0.40830272,Good
0.123778502,0.227826087,0.330472103,0.154867257,0.646881004,0.464239272,0.096634093,0.40664104,Good
0.270358306,0.262608696,0.206008584,0.247787611,0.704501653,0.565669701,0.523344191,0.523630202,Moderate
0.270358306,0.413913043,0.120171674,0.276548673,0.826112609,0.289986996,0.290988056,0.626073857,Moderate
0.114006515,0.113043478,0.343347639,0.192477876,0.702935321,0.100130039,0.195439739,0.487836536,Good
0.488599349,0.420869565,0.175965665,0.457964602,0.799674882,0.422626788,0.672095548,0.756517301,Poor
0.172638436,0.170434783,0.596566524,0.254424779,0.617820675,0.262678804,0.298588491,0.471391048,Good
0.110749186,0.353043478,0.347639485,0.32300885,0.604265903,0.362808843,0.208469055,0.539870462,Good
0.100977199,0.064347826,0.399141631,0.294247788,0.663941077,0.44863459,0.194353963,0.352176218,Good
0.504885993,0.565217391,0.184549356,0.376106195,0.611134068,0.586475943,0.706840391,0.656311562,Poor
0.397394137,0.613913043,0,0.619469027,0.710671761,0.693107932,0.319218241,0.692664019,Hazardous
0.09771987,0.31826087,0.364806867,0.267699115,0.606576074,0.007802341,0.406080347,0.541413976,Good
0.110749186,0.213913043,0.369098712,0.327433628,0.738084742,0.033810143,0.147665581,0.543703823,Good
0.423452769,0.429565217,0.081545064,0.513274336,0.710671761,0.461638492,0.42888165,0.651079706,Poor
0.143322476,0.219130435,0.373390558,0.119469027,0.644912419,0.287386216,0.45276873,0.491971118,Good
0.087947883,0.133913043,0.339055794,0.28539823,0.604265903,0.274382315,0.450597177,0.594603414,Good
0.403908795,0.506086957,0.184549356,0.475663717,0.838362691,0.639791938,0.661237785,0.598518264,Poor
0.153094463,0.302608696,0.424892704,0.212389381,0.564108614,0.526657997,0.159609121,0.316822437,Good
0.055374593,0.325217391,0.35193133,0.196902655,0.642928394,0.033810143,0.464712269,0.573584531,Good
0.143322476,0.27826087,0.52360515,0.17699115,0.582466232,0.195058518,0.444082519,0.358898769,Good
0.472312704,0.31826087,0.068669528,0.692477876,0.866207886,0.591677503,0.429967427,0.587679804,Poor
0.104234528,0.333913043,0.446351931,0.199115044,0.601934441,0.101430429,0.401737242,0.483601102,Good
0.449511401,0.389565217,0.137339056,0.418141593,0.780763433,0.535760728,0.499457112,0.519321192,Poor
0.319218241,0.253913043,0.111587983,0.444690265,0.794257932,0.44083225,0.377850163,0.497004636,Moderate
0.263843648,0.547826087,0.206008584,0.435840708,0.748793722,0.343302991,0.173724213,0.492989562,Moderate
0.127035831,0.194782609,0.334763948,0.267699115,0.683341385,0.409622887,0.13029316,0.529488635,Good
0.403908795,0.633043478,0.150214592,0.365044248,0.835587944,0.641092328,0.453854506,0.556138404,Poor
0.153094463,0.08173913,0.364806867,0.351769912,0.622182194,0.504551365,0.342019544,0.316822437,Good
0.260586319,0.245217391,0.128755365,0.232300885,0.589943482,0.486345904,0.411509229,0.58885308,Moderate
0.13029316,0.226086957,0.429184549,0.227876106,0.656500485,0.169050715,0.043431053,0.553291714,Good
0.143322476,0.106086957,0.429184549,0.188053097,0.535331954,0.046814044,0.370249729,0.425602866,Good
0.557003257,0.565217391,0.064377682,0.696902655,0.891289653,0.897269181,0.757871878,0.674368774,Hazardous
0.117263844,0.293913043,0.35193133,0.300884956,0.632767917,0.022106632,0.103148751,0.460720128,Good
0.48534202,0.573913043,0.017167382,0.800884956,0.820252227,0.576072822,0.55917481,0.777857852,Hazardous
0.218241042,0.206956522,0.107296137,0.442477876,0.707605519,0.189856957,0.46145494,0.817939059,Moderate
0.087947883,0.28,0.738197425,0.223451327,0.678196221,0.340702211,0.169381107,0.390923806,Good
0.123778502,0.220869565,0.35193133,0.194690265,0.638913042,0.166449935,0.431053203,0.535950561,Good
0.286644951,0.236521739,0.175965665,0.486725664,0.725469071,0.572171651,0.172638436,0.693305957,Moderate
0.237785016,0.297391304,0.098712446,0.621681416,0.660248137,0.728218466,0.349619978,0.487836536,Poor
0.091205212,0.133913043,0.330472103,0.168141593,0.667580879,0.247074122,0.266015201,0.401558407,Good
0.361563518,0.419130435,0.206008584,0.396017699,0.753982865,0.421326398,0.409337676,0.601261516,Moderate
0.589576547,0.572173913,0.025751073,0.738938053,0.961813683,0.898569571,0.60369164,0.967374148,Hazardous
0.136807818,0.250434783,0.339055794,0.232300885,0.685033444,0.292587776,0.333333333,0.502858366,Good
0.094462541,0.24,0.326180258,0.247787611,0.55298762,0.049414824,0.098805646,0.352176218,Good
0.439739414,0.410434783,0.120171674,0.236725664,0.802870232,0.564369311,0.252985885,0.613857554,Poor
0.713355049,0.48173913,0.068669528,0.619469027,0.764052329,0.561768531,0.501628664,0.783284675,Hazardous
0.09771987,0.132173913,0.502145923,0.201327434,0.642928394,0.461638492,0.401737242,0.347545431,Good
0.335504886,0.328695652,0.163090129,0.294247788,0.710671761,0.459037711,0.237785016,0.71325922,Moderate
0.107491857,0.248695652,0.442060086,0.247787611,0.650772802,0.345903771,0.166123779,0.385351855,Good
0.309446254,0.297391304,0.244635193,0.411504425,0.654605631,0.252275683,0.376764387,0.438578177,Moderate
0.335504886,0.328695652,0.223175966,0.35619469,0.862890306,0.517555267,0.447339848,0.663304892,Poor
0.283387622,0.375652174,0.17167382,0.422566372,0.712191056,0.288686606,0.350705755,0.646106262,Moderate
0.358306189,0.499130435,0.214592275,0.433628319,0.681637932,0.381014304,0.225841477,0.316822437,Moderate
0.208469055,0.356521739,0.150214592,0.369469027,0.652696476,0.652795839,0.551574376,0.548932216,Moderate
0.091205212,0.283478261,0.381974249,0.196902655,0.676457644,0.133940182,0.427795874,0.308210214,Good
0.293159609,0.264347826,0.111587983,0.309734513,0.75780604,0.198959688,0.49402823,0.599620771,Moderate
0.074918567,0.311304348,0.429184549,0.329646018,0.611134068,0.522756827,0.049945711,0.363240101,Good
0.263843648,0.28173913,0.197424893,0.384955752,0.760323094,0.585175553,0.357220413,0.441334493,Moderate
0.286644951,0.36173913,0.128755365,0.316371681,0.716694947,0.339401821,0.463626493,0.534357484,Moderate
0.218241042,0.394782609,0.145922747,0.440265487,0.650772802,0.158647594,0.50597177,0.33286253,Moderate
0.136807818,0.250434783,0.321888412,0.210176991,0.690042754,0.321196359,0.335504886,0.497004636,Good
0.35504886,0.415652174,0.184549356,0.35840708,0.736713672,0.684005202,0.465798046,0.521919408,Moderate
0.296416938,0.24173913,0.137339056,0.32300885,0.73533513,0.33029909,0.520086862,0.633915699,Moderate
0.449511401,0.596521739,0.021459227,0.442477876,0.752695525,0.960988296,0.537459283,0.606621331,Hazardous
0.153094463,0.104347826,0.433476395,0.210176991,0.529161846,0.075422627,0.048859935,0.371610117,Good
0.211726384,0.269565217,0.163090129,0.21460177,0.773736263,0.533159948,0.25732899,0.569057237,Moderate
0.237785016,0.226086957,0.13304721,0.504424779,0.777274248,0.534460338,0.446254072,0.661390382,Moderate
0.149837134,0.333913043,0.356223176,0.314159292,0.630685915,0.189856957,0.433224756,0.572944957,Good
0.231270358,0.36,0.429184549,0.42920354,0.646881004,0.283485046,0.264929425,0.458257049,Moderate
0.078175896,0.285217391,0.484978541,0.181415929,0.628586634,0.254876463,0.385450597,0.35444611,Good
0.267100977,0.250434783,0.111587983,0.398230088,0.75780604,0.323797139,0.497285559,0.50852118,Moderate
0.201954397,0.274782609,0.175965665,0.309734513,0.713701281,0.188556567,0.293159609,0.539093529,Moderate
0.140065147,0.074782609,0.360515021,0.238938053,0.698177277,0.066319896,0.308360478,0.369555132,Good
0.671009772,0.646956522,0.244635193,0.75,0.850923662,0.598179454,0.568946797,0.843339061,Hazardous
0.449511401,0.655652174,0.030042918,0.588495575,0.842015634,0.823146944,0.572204126,0.669293217,Hazardous
0.140065147,0.102608696,0.360515021,0.349557522,0.646881004,0.22106632,0.391965255,0.609759565,Good
0.104234528,0.274782609,0.339055794,0.148230088,0.706058347,0.236671001,0.061889251,0.389086284,Good
0.410423453,0.64173913,0.004291845,0.646017699,0.611134068,0.438231469,0.636264929,0.597964375,Hazardous
0.530944625,0.446956522,0.13304721,0.449115044,0.860373252,0.504551365,0.398479913,0.882464312,Poor
0.286644951,0.333913043,0.107296137,0.345132743,0.690042754,0.596879064,0.304017372,0.542943891,Moderate
0.397394137,0.332173913,0.201716738,0.382743363,0.765283289,0.323797139,0.198697068,0.536741652,Moderate
0.586319218,0.490434783,0.025751073,0.528761062,0.831840293,0.736020806,0.593919653,0.661004934,Hazardous
0.273615635,0.290434783,0.150214592,0.442477876,0.698177277,0.297789337,0.374592834,0.485731732,Moderate
0.247557003,0.332173913,0.150214592,0.449115044,0.690042754,0.5526658,0.57980456,0.674011114,Moderate
0.09771987,0.153043478,0.321888412,0.212389381,0.704501653,0.323797139,0.093376764,0.586498546,Good
0.312703583,0.412173913,0.240343348,0.342920354,0.724027689,0.486345904,0.478827362,0.527834868,Moderate
0.482084691,0.337391304,0.111587983,0.444690265,0.800744489,0.647594278,0.663409338,0.561010506,Poor
0.078175896,0.300869565,0.356223176,0.261061947,0.67116905,0.427828349,0.071661238,0.513103087,Good
0.319218241,0.403478261,0.145922747,0.371681416,0.662101346,0.547464239,0.474484256,0.569057237,Moderate
0.638436482,0.634782609,0.042918455,0.491150442,0.810172731,0.638491547,0.419109663,0.755176412,Poor
0.247557003,0.11826087,0.128755365,0.420353982,0.715202542,0.391417425,0.307274701,0.750400042,Moderate
0.325732899,0.356521739,0.188841202,0.477876106,0.738084742,0.618985696,0.483170467,0.699906804,Moderate
0.550488599,0.523478261,0.278969957,0.528761062,0.80497826,0.659297789,0.679695983,0.774478293,Poor
0.270358306,0.380869565,0.236051502,0.351769912,0.48490833,0.342002601,0.46145494,0.523630202,Moderate
0.114006515,0.139130435,0.43776824,0.044247788,0.613382633,0.469440832,0.306188925,0.427093383,Good
0.28990228,0.488695652,0.25751073,0.389380531,0.690042754,0.682704811,0.229098806,0.581081129,Moderate
0.755700326,0.495652174,0.115879828,0.35619469,0.780763433,0.576072822,0.513572204,0.551125646,Poor
0.100977199,0.285217391,0.356223176,0.185840708,0.683341385,0.197659298,0.281216069,0.604497216,Good
0.267100977,0.497391304,0.206008584,0.371681416,0.774921098,0.274382315,0.562432139,0.492989562,Moderate
0.081433225,0.196521739,0.35193133,0.32300885,0.68671426,0.351105332,0.315960912,0.322335415,Good
0.071661238,0.250434783,0.356223176,0.396017699,0.620010834,0.058517555,0.115092291,0.375648537,Good
0.345276873,0.612173913,0.08583691,0.207964602,0.716694947,0.819245774,0.51465798,0.657496851,Poor
0.169381107,0.27826087,0.137339056,0.276548673,0.713701281,0.55136541,0.214983713,0.59346848,Moderate
0.778501629,0.756521739,0.111587983,0.504424779,0.924788024,0.973992198,0.555917481,0.50852118,Hazardous
0.358306189,0.533913043,0.124463519,0.398230088,0.811198947,0.469440832,0.463626493,0.475931025,Poor
0.530944625,0.471304348,0.030042918,0.46460177,0.987050305,0.646293888,0.546145494,0.685441479,Hazardous
0.175895765,0.062608696,0.339055794,0.216814159,0.584983287,0.405721717,0.233441911,0.574856656,Good
0.511400651,0.577391304,0.167381974,0.378318584,0.940008365,0.501950585,0.583061889,0.857963562,Hazardous
0.166123779,0.476521739,0.167381974,0.234513274,0.794257932,0.702210663,0.188925081,0.431489674,Moderate
0.439739414,0.55826087,0.072961373,0.413716814,0.667580879,0.396618986,0.4082519,0.69897905,Poor
0.110749186,0.173913043,0.326180258,0.015486726,0.67116905,0.065019506,0.200868621,0.390923806,Good
0.325732899,0.370434783,0.13304721,0.314159292,0.634832924,0.228868661,0.173724213,0.695217656,Moderate
0.107491857,0.260869565,0.429184549,0.17920354,0.626469786,0.263979194,0.397394137,0.411579123,Good
0.429967427,0.370434783,0.21888412,0.396017699,0.818268202,0.390117035,0.711183496,0.692664019,Poor
0.25732899,0.356521739,0.124463519,0.340707965,0.662101346,0.282184655,0.44082519,0.621289967,Moderate
0.136807818,0.095652174,0.321888412,0.39159292,0.634832924,0.499349805,0.221498371,0.503815086,Good
0.361563518,0.267826087,0.111587983,0.32300885,0.851797452,0.282184655,0.210640608,0.484669685,Moderate
0.263843648,0.594782609,0.167381974,0.546460177,0.800744489,0.803641092,0.361563518,0.557544438,Poor
0.436482085,0.393043478,0.339055794,0.621681416,0.75780604,0.485045514,0.600434311,0.790205178,Poor
0.586319218,0.586086957,0.184549356,0.435840708,0.889041088,0.565669701,0.686210641,0.673293575,Hazardous
0.208469055,0.377391304,0.180257511,0.327433628,0.748793722,0.462938882,0.580890337,0.696165671,Moderate
0.19218241,0.396521739,0.163090129,0.446902655,0.728327427,0.684005202,0.490770901,0.599070392,Moderate
0.182410423,0.344347826,0.214592275,0.422566372,0.731153846,0.422626788,0.188925081,0.692342157,Moderate
0.114006515,0.132173913,0.373390558,0.245575221,0.640928685,0.234070221,0.317046688,0.475931025,Good
0.263843648,0.380869565,0.399141631,0.349557522,0.68671426,0.573472042,0.418023887,0.609759565,Moderate
0.433224756,0.408695652,0.042918455,0.504424779,0.865382561,0.56046814,0.530944625,0.745488565,Hazardous
0.335504886,0.203478261,0.13304721,0.300884956,0.726902286,0.392717815,0.156351792,0.598518264,Moderate
0.06514658,0.288695652,0.386266094,0.283185841,0.718178599,0.413524057,0.125950054,0.531940124,Good
0.377850163,0.260869565,0.248927039,0.245575221,0.742153922,0.516254876,0.625407166,0.606621331,Moderate
0.127035831,0.11826087,0.369098712,0.338495575,0.656500485,0.535760728,0.31053203,0.509447284,Good
0.153094463,0.114782609,0.343347639,0.254424779,0.620010834,0.215864759,0.308360478,0.485731732,Good
0.664495114,0.304347826,0.055793991,0.550884956,0.771349812,0.806241873,0.684039088,0.581081129,Poor
0.091205212,0.28173913,0.386266094,0.276548673,0.48490833,0.257477243,0.306188925,0.424099443,Good
0.074918567,0.064347826,0.407725322,0.207964602,0.630685915,0.405721717,0.315960912,0.428571215,Good
0.338762215,0.32,0.167381974,0.422566372,0.658381251,0.426527958,0.424538545,0.62795111,Moderate
0.081433225,0.32,0.35193133,0.258849558,0.52283747,0.055916775,0.255157438,0.438578177,Good
0.32247557,0.253913043,0.120171674,0.431415929,0.701359229,0.429128739,0.147665581,0.58885308,Moderate
0.293159609,0.467826087,0.158798283,0.32300885,0.751401599,0.576072822,0.479913138,0.590598263,Moderate
0.110749186,0.191304348,0.339055794,0.280973451,0.632767917,0.466840052,0.135722041,0.427093383,Good
0.459283388,0.587826087,0.111587983,0.32300885,0.68671426,0.616384915,0.589576547,0.709214081,Poor
0.635179153,0.786086957,0.17167382,0.539823009,0.836516246,0.767230169,0.467969598,0.774076338,Hazardous
0.439739414,0.48,0.081545064,0.402654867,0.55298762,0.574772432,0.724212812,0.796330194,Poor
0.342019544,0.415652174,0.107296137,0.376106195,0.789839272,0.261378414,0.30184582,0.546710724,Moderate
0.13029316,0.203478261,0.656652361,0.267699115,0.663941077,0.248374512,0.024972856,0.39983059,Good
0.302931596,0.662608696,0.064377682,0.513274336,0.81425285,0.366710013,0.46145494,0.572944957,Poor
0.439739414,0.304347826,0.167381974,0.362831858,0.752695525,0.369310793,0.262757872,0.52866372,Moderate
0.54723127,0.443478261,0.098712446,0.449115044,0.806025722,0.479843953,0.654723127,0.778447476,Hazardous
0.263843648,0.417391304,0.145922747,0.283185841,0.681637932,0.55526658,0.282301846,0.775877851,Moderate
0.136807818,0.307826087,0.364806867,0.314159292,0.617820675,0.452535761,0.276872964,0.302221889,Good
0.100977199,0.24,0.381974249,0.384955752,0.634832924,0.366710013,0.263843648,0.272381086,Good
0.136807818,0.288695652,0.347639485,0.227876106,0.67116905,0.237971391,0.170466884,0.547454384,Good
0.517915309,0.546086957,0.278969957,0.657079646,0.733949034,0.592977893,0.42888165,0.47480711,Poor
0.449511401,0.175652174,0.291845494,0.347345133,0.634832924,0.408322497,0.273615635,0.517567195,Moderate
0.133550489,0.133913043,0.596566524,0.331858407,0.681637932,0.189856957,0.13029316,0.510368476,Good
0.371335505,0.551304348,0.115879828,0.466814159,0.67992293,0.340702211,0.543973941,0.542943891,Moderate
0.13029316,0.295652174,0.326180258,0.154867257,0.569490985,0.314694408,0.182410423,0.500928966,Good
0.618892508,0.533913043,0.098712446,0.387168142,0.713701281,0.313394018,0.610206298,0.521919408,Poor
0.156351792,0.069565217,0.360515021,0.221238938,0.622182194,0.22626788,0.203040174,0.458257049,Good
0.446254072,0.427826087,0.107296137,0.340707965,0.719653599,0.491547464,0.44082519,0.853945585,Poor
0.563517915,0.332173913,0.051502146,0.508849558,0.856121692,0.853055917,0.480998914,0.812380699,Hazardous
0.368078176,0.387826087,0.163090129,0.362831858,0.611134068,0.278283485,0.432138979,0.526165199,Moderate
0.100977199,0.170434783,0.527896996,0.238938053,0.674707036,0.401820546,0.21606949,0.432930713,Good
0.28990228,0.36,0.115879828,0.413716814,0.838362691,0.66710013,0.201954397,0.467906432,Moderate
0.381107492,0.653913043,0.210300429,0.402654867,0.884483093,0.801040312,0.668838219,0.8049624,Poor
0.159609121,0.283478261,0.467811159,0.219026549,0.636881209,0.135240572,0.071661238,0.428571215,Good
0.315960912,0.405217391,0.051502146,0.294247788,0.789839272,0.349804941,0.695982628,0.514005137,Poor
0.501628664,0.4,0.072961373,0.396017699,0.837441153,0.756827048,0.69815418,0.576119528,Poor
0.13029316,0.257391304,0.403433476,0.35840708,0.592387577,0.048114434,0.510314875,0.473675874,Good
0.247557003,0.495652174,0.158798283,0.263274336,0.706058347,0.390117035,0.513572204,0.661774977,Moderate
0.074918567,0.250434783,0.369098712,0.287610619,0.634832924,0.291287386,0.263843648,0.463148758,Good
0.296416938,0.514782609,0.188841202,0.232300885,0.738084742,0.482444733,0.275787188,0.646945125,Moderate
0.091205212,0.194782609,0.47639485,0.232300885,0.636881209,0.325097529,0.280130293,0.417952103,Good
0.491856678,0.325217391,0.124463519,0.422566372,0.866207886,0.704811443,0.383279045,0.602346796,Poor
0.703583062,0.746086957,0.167381974,0.559734513,0.790951194,0.409622887,0.389793702,0.602886903,Hazardous
0.28990228,0.408695652,0.107296137,0.420353982,0.785342053,0.21716515,0.513572204,0.516683507,Moderate
0.127035831,0.28173913,0.369098712,0.294247788,0.650772802,0.261378414,0.383279045,0.457012282,Good
0.651465798,0.535652174,0.253218884,0.829646018,0.704501653,0.55006502,0.476655809,0.690072266,Hazardous
0.175895765,0.450434783,0.150214592,0.471238938,0.696571165,0.33680104,0.574375679,0.495008704,Moderate
0.247557003,0.413913043,0.13304721,0.444690265,0.646881004,0.211963589,0.218241042,0.39983059,Moderate
0.120521173,0.24173913,0.416309013,0.278761062,0.67116905,0.028608583,0.205211726,0.548932216,Good
0.136807818,0.233043478,0.330472103,0.327433628,0.626469786,0.248374512,0.348534202,0.404963305,Good
0.175895765,0.229565217,0.377682403,0.221238938,0.617820675,0.396618986,0.070575461,0.352176218,Good
0.136807818,0.106086957,0.381974249,0.269911504,0.656500485,0.395318596,0.180238871,0.272381086,Good
0.117263844,0.172173913,0.381974249,0.201327434,0.592387577,0.031209363,0.059717698,0.367475536,Good
0.260586319,0.382608696,0.150214592,0.444690265,0.721120049,0.578673602,0.431053203,0.514005137,Moderate
0.557003257,0.617391304,0.012875536,0.747787611,0.845616575,0.427828349,0.460369164,0.669293217,Hazardous
0.306188925,0.257391304,0.223175966,0.495575221,0.778442666,0.615084525,0.261672096,0.471391048,Moderate
0.306188925,0.24,0.214592275,0.35619469,0.715202542,0.280884265,0.398479913,0.567080242,Moderate
0.172638436,0.071304348,0.566523605,0.404867257,0.642928394,0.342002601,0.122692725,0.363240101,Good
0.094462541,0.194782609,0.454935622,0.17920354,0.693328019,0.024707412,0.404994571,0.394541525,Good
0.328990228,0.36,0.145922747,0.588495575,0.57992388,0.724317295,0.326818675,0.651079706,Poor
0.449511401,0.36173913,0.25751073,0.568584071,0.740804789,0.819245774,0.503800217,0.682738791,Poor
0.123778502,0.245217391,0.412017167,0.305309735,0.577355718,0.084525358,0.084690554,0.554007774,Good
0.449511401,0.493913043,0.115879828,0.579646018,0.807068866,0.615084525,0.653637351,0.729080777,Poor
0.462540717,0.631304348,0.025751073,0.592920354,0.810172731,0.925877763,0.606948969,0.619338888,Hazardous
0.263843648,0.290434783,0.180257511,0.287610619,0.752695525,0.504551365,0.446254072,0.565749628,Moderate
0.615635179,0.467826087,0.137339056,0.752212389,0.783063102,0.791937581,0.619978284,0.795798358,Hazardous
0.029315961,0.260869565,0.39055794,0.360619469,0.59958129,0.513654096,0.416938111,0.342787758,Good
0.48534202,0.596521739,0.111587983,0.261061947,0.718178599,0.370611183,0.295331162,0.527002041,Poor
0.16286645,0.24,0.579399142,0.256637168,0.636881209,0.459037711,0.431053203,0.40830272,Good
0.250814332,0.379130435,0.266094421,0.384955752,0.652696476,0.488946684,0.34310532,0.487836536,Moderate
0.273615635,0.299130435,0.120171674,0.371681416,0.722578047,0.660598179,0.225841477,0.308210214,Moderate
0.120521173,0.147826087,0.56223176,0.17920354,0.658381251,0.250975293,0.419109663,0.387229109,Good
0.312703583,0.170434783,0.137339056,0.435840708,0.702935321,0.410923277,0.525515744,0.411579123,Moderate
0.084690554,0.332173913,0.416309013,0.236725664,0.613382633,0.283485046,0.124864278,0.573584531,Good
0.319218241,0.286956522,0.283261803,0.486725664,0.710671761,0.573472042,0.527687296,0.657496851,Moderate
0.110749186,0.260869565,0.60944206,0.274336283,0.656500485,0.423927178,0.44082519,0.498977887,Good
0.117263844,0.168695652,0.412017167,0.25,0.642928394,0.33159948,0.167209555,0.556842844,Good
0.374592834,0.366956522,0.201716738,0.21460177,0.798600732,0.680104031,0.703583062,0.597408713,Poor
0.680781759,0.394782609,0.051502146,0.911504425,0.740804789,0.55786736,0.593919653,0.722437112,Hazardous
0.221498371,0.379130435,0.17167382,0.497787611,0.808107725,0.56046814,0.553745928,0.618847673,Moderate
0.182410423,0.316521739,0.154506438,0.378318584,0.681637932,0.276983095,0.424538545,0.618355065,Moderate
0.325732899,0.165217391,0.115879828,0.411504425,0.698177277,0.616384915,0.13897937,0.491971118,Moderate
0.081433225,0.206956522,0.360515021,0.329646018,0.57992388,0.10793238,0.174809989,0.416380652,Good
0.488599349,0.547826087,0.038626609,0.39380531,0.905084392,0.357607282,0.433224756,0.764352204,Poor
0.237785016,0.224347826,0.163090129,0.311946903,0.636881209,0.573472042,0.207383279,0.482525902,Moderate
0.524429967,0.660869565,0.210300429,0.648230088,0.909982838,0.726918075,0.296416938,0.807470545,Poor
0.2247557,0.455652174,0.167381974,0.371681416,0.756538058,0.239271782,0.447339848,0.661774977,Moderate
0.530944625,0.377391304,0.201716738,0.5,0.797522002,0.301690507,0.376764387,0.759387519,Poor
0.488599349,0.728695652,0.034334764,0.511061947,0.678196221,0.898569571,0.733984799,0.68476974,Hazardous
0.13029316,0.356521739,0.622317597,0.28539823,0.597206044,0.184655397,0.203040174,0.389086284,Good
0.530944625,0.431304348,0.008583691,0.878318584,0.795350642,0.43953186,0.371335505,0.76751521,Hazardous
0.084690554,0.332173913,0.412017167,0.289823009,0.597206044,0.245773732,0.182410423,0.419509461,Good
0.100977199,0.314782609,0.377682403,0.152654867,0.632767917,0.296488947,0.33441911,0.539093529,Good
0.293159609,0.40173913,0.236051502,0.367256637,0.652696476,0.382314694,0.326818675,0.569057237,Moderate
0.684039088,0.556521739,0.287553648,0.411504425,0.903667235,0.762028609,0.466883822,0.843878329,Hazardous
0.13029316,0.27826087,0.343347639,0.283185841,0.676457644,0.317295189,0.054288817,0.352176218,Good
0.100977199,0.11826087,0.343347639,0.247787611,0.665767524,0.466840052,0.114006515,0.460720128,Good
0.078175896,0.266086957,0.356223176,0.241150442,0.564108614,0.145643693,0.400651466,0.425602866,Good
0.110749186,0.173913043,0.381974249,0.205752212,0.644912419,0.426527958,0.378935939,0.527002041,Good
0.120521173,0.252173913,0.369098712,0.230088496,0.617820675,0.192457737,0.237785016,0.581691478,Good
0.25732899,0.243478261,0.137339056,0.241150442,0.707605519,0.421326398,0.359391965,0.755848151,Moderate
0.319218241,0.464347826,0.124463519,0.42699115,0.716694947,0.265279584,0.638436482,0.485731732,Moderate
0.117263844,0.15826087,0.326180258,0.345132743,0.632767917,0.049414824,0.170466884,0.460720128,Good
0.136807818,0.246956522,0.343347639,0.316371681,0.624335074,0.055916775,0.359391965,0.522776912,Good
0.081433225,0.227826087,0.343347639,0.247787611,0.665767524,0.21716515,0.31053203,0.532749655,Good
0.123778502,0.23826087,0.321888412,0.188053097,0.622182194,0.254876463,0.449511401,0.584711454,Good
0.117263844,0.292173913,0.386266094,0.227876106,0.577355718,0.11313394,0.427795874,0.483601102,Good
0.136807818,0.314782609,0.343347639,0.294247788,0.574761214,0.149544863,0.062975027,0.35444611,Good
0.214983713,0.483478261,0.283261803,0.42920354,0.676457644,0.44993498,0.488599349,0.547454384,Moderate
0.553745928,0.951304348,0.008583691,0.342920354,0.766508289,0.637191157,0.798045603,0.543703823,Hazardous
0.351791531,0.4,0.253218884,0.360619469,0.674707036,0.543563069,0.486427796,0.481444003,Moderate
0.078175896,0.262608696,0.334763948,0.146017699,0.628586634,0.284785436,0.467969598,0.268725283,Good
0.267100977,0.403478261,0.343347639,0.431415929,0.772545852,0.386215865,0.335504886,0.396322506,Moderate
0.09771987,0.048695652,0.39055794,0.185840708,0.658381251,0.391417425,0.358306189,0.383454086,Good
0.042345277,0.125217391,0.579399142,0.157079646,0.628586634,0.093628088,0.242128122,0.358898769,Good
0.127035831,0.135652174,0.343347639,0.265486726,0.667580879,0.326397919,0.250814332,0.499956167,Good
0.42019544,0.377391304,0.115879828,0.194690265,0.729744584,0.500650195,0.412595005,0.801388997,Poor
0.491856678,0.617391304,0.012875536,0.601769912,0.847398004,0.638491547,0.641693811,0.671849539,Hazardous
0.250814332,0.222608696,0.278969957,0.438053097,0.68671426,0.299089727,0.260586319,0.729341308,Moderate
0.345276873,0.271304348,0.128755365,0.334070796,0.683341385,0.202860858,0.358306189,0.569057237,Moderate
0.540716612,0.506086957,0.017167382,0.373893805,0.81425285,0.360208062,0.550488599,0.598518264,Hazardous
0.570032573,0.375652174,0.150214592,0.475663717,0.786473876,0.495448635,0.653637351,0.731925347,Poor
0.286644951,0.36,0.210300429,0.32300885,0.765283289,0.327698309,0.44082519,0.627483696,Moderate
0.175895765,0.293913043,0.158798283,0.300884956,0.73533513,0.344603381,0.614549403,0.5311268,Moderate
0.146579805,0.300869565,0.459227468,0.236725664,0.654605631,0.236671001,0.321389794,0.367475536,Good
0.462540717,0.368695652,0.326180258,0.455752212,0.774921098,0.468140442,0.296416938,0.557544438,Poor
0.397394137,0.332173913,0.416309013,0.272123894,0.724027689,0.508452536,0.361563518,0.760913592,Poor
0.166123779,0.309565217,0.394849785,0.223451327,0.597206044,0.407022107,0.287730727,0.371610117,Good
0.09771987,0.12,0.47639485,0.192477876,0.715202542,0.361508453,0.156351792,0.441334493,Good
0.117263844,0.349565217,0.343347639,0.35840708,0.683341385,0.165149545,0.089033659,0.581691478,Good
0.553745928,0.648695652,0.042918455,0.561946903,0.866207886,0.758127438,0.587404995,0.739454455,Hazardous
0.293159609,0.513043478,0.107296137,0.362831858,0.535331954,0.323797139,0.290988056,0.612332119,Moderate
0.143322476,0.292173913,0.334763948,0.292035398,0.642928394,0.509752926,0.200868621,0.424099443,Good
0.293159609,0.311304348,0.180257511,0.488938053,0.783063102,0.569570871,0.528773073,0.53030965,Moderate
0.495114007,0.488695652,0.038626609,0.524336283,0.772545852,0.509752926,0.395222584,0.736731539,Poor
0.442996743,0.523478261,0.051502146,0.486725664,0.862054068,0.417425228,0.314875136,0.670027443,Poor
0.615635179,0.706086957,0.0472103,0.637168142,0.75780604,0.677503251,0.325732899,0.688102745,Hazardous
0.084690554,0.206956522,0.347639485,0.25,0.52283747,0.040312094,0.471226927,0.403269202,Good
0.087947883,0.233043478,0.39055794,0.338495575,0.592387577,0.388816645,0.299674267,0.42258289,Good
0.09771987,0.055652174,0.356223176,0.163716814,0.678196221,0.166449935,0.347448426,0.439961804,Good
0.042345277,0.267826087,0.484978541,0.183628319,0.608865337,0.256176853,0.102062975,0.569057237,Good
0.602605863,0.749565217,0.055793991,0.46460177,0.94907607,0.824447334,0.532030402,0.695217656,Hazardous
0.110749186,0.23826087,0.330472103,0.132743363,0.513044174,0.096228869,0.37567861,0.47480711,Good
0.110749186,0.074782609,0.420600858,0.278761062,0.57992388,0.154746424,0.350705755,0.471391048,Good
0.599348534,0.68,0.098712446,0.816371681,0.933777462,0.520156047,0.666666667,0.640117937,Hazardous
0.084690554,0.28173913,0.467811159,0.157079646,0.582466232,0.11443433,0.477741585,0.257272063,Good
0.657980456,0.533913043,0.386266094,0.515486726,0.89054235,0.89336801,0.424538545,0.64861079,Hazardous
0.058631922,0.19826087,0.347639485,0.241150442,0.492241071,0.198959688,0.089033659,0.454495655,Good
0.237785016,0.386086957,0.17167382,0.455752212,0.69169072,0.434330299,0.406080347,0.519321192,Moderate
0.394136808,0.450434783,0.025751073,0.522123894,0.739448421,0.644993498,0.628664495,0.618847673,Hazardous
0.410423453,0.44,0.201716738,0.349557522,0.764052329,0.583875163,0.267100977,0.494002068,Moderate
0.123778502,0.266086957,0.326180258,0.21460177,0.688383982,0.404421326,0.077090119,0.383454086,Good
0.146579805,0.2,0.347639485,0.137168142,0.638913042,0.013003901,0.211726384,0.282908201,Good
0.104234528,0.156521739,0.56223176,0.28539823,0.650772802,0.022106632,0.333333333,0.335397527,Good
0.159609121,0.097391304,0.377682403,0.234513274,0.69169072,0.2236671,0.226927253,0.363240101,Good
0.104234528,0.208695652,0.527896996,0.241150442,0.608865337,0.462938882,0.132464712,0.572944957,Good
0.123778502,0.220869565,0.377682403,0.263274336,0.660248137,0.122236671,0.445168295,0.437183437,Good
0.205211726,0.335652174,0.291845494,0.318584071,0.729744584,0.244473342,0.457111835,0.52866372,Moderate
0.478827362,0.356521739,0.068669528,0.67699115,0.696571165,0.646293888,0.482084691,0.594603414,Poor
0.055374593,0.332173913,0.480686695,0.203539823,0.665767524,0.215864759,0.116178067,0.578618049,Good
0.149837134,0.31826087,0.326180258,0.384955752,0.642928394,0.187256177,0.127035831,0.497994065,Good
0.140065147,0.093913043,0.343347639,0.201327434,0.628586634,0.33680104,0.357220413,0.392742086,Good
0.583061889,0.445217391,0.0472103,0.661504425,0.828036283,0.797139142,0.252985885,0.751778178,Poor
0.19218241,0.236521739,0.137339056,0.294247788,0.658381251,0.5526658,0.196525516,0.495008704,Moderate
0.156351792,0.299130435,0.369098712,0.307522124,0.681637932,0.079323797,0.344191097,0.40664104,Good
0.140065147,0.300869565,0.35193133,0.28539823,0.52283747,0.234070221,0.121606949,0.330289976,Good
0.312703583,0.252173913,0.128755365,0.546460177,0.760323094,0.201560468,0.274701412,0.580468627,Moderate
0.61237785,0.593043478,0.034334764,0.694690265,0.864554535,0.635890767,0.836047774,0.690072266,Hazardous
0.397394137,0.28,0.197424893,0.292035398,0.79205825,0.504551365,0.208469055,0.435777404,Moderate
0.517915309,0.377391304,0.060085837,0.493362832,0.765283289,0.599479844,0.142236699,0.576747537,Poor
0.335504886,0.36,0.124463519,0.380530973,0.719653599,0.477243173,0.39630836,0.451942017,Moderate
0.557003257,0.71826087,0.17167382,0.442477876,0.624335074,0.713914174,0.548317047,0.91642548,Poor
0.338762215,0.267826087,0.124463519,0.318584071,0.662101346,0.304291287,0.416938111,0.547454384,Moderate
0.28990228,0.351304348,0.145922747,0.382743363,0.742153922,0.426527958,0.438653637,0.607673723,Moderate
0.175895765,0.297391304,0.519313305,0.223451327,0.660248137,0.291287386,0.34310532,0.296019651,Good
0.123778502,0.391304348,0.21888412,0.566371681,0.704501653,0.382314694,0.555917481,0.661004934,Moderate
0.345276873,0.269565217,0.356223176,0.444690265,0.636881209,0.435630689,0.084690554,0.7197068,Moderate
0.654723127,0.40173913,0.08583691,0.601769912,0.826112609,0.475942783,0.534201954,0.664821445,Poor
0.254071661,0.233043478,0.107296137,0.185840708,0.704501653,0.157347204,0.191096634,0.461938689,Moderate
0.260586319,0.259130435,0.167381974,0.309734513,0.644912419,0.360208062,0.31053203,0.635710487,Moderate
0.442996743,0.346086957,0.081545064,0.396017699,0.853536028,0.576072822,0.315960912,0.617365637,Poor
0.263843648,0.229565217,0.347639485,0.365044248,0.693328019,0.139141743,0.551574376,0.651079706,Moderate
0.247557003,0.370434783,0.145922747,0.380530973,0.787600657,0.266579974,0.621064061,0.411579123,Moderate
0.475570033,0.64,0.055793991,0.513274336,0.663941077,0.699609883,0.351791531,0.65551685,Poor
0.13029316,0.177391304,0.339055794,0.327433628,0.526019422,0.133940182,0.153094463,0.502858366,Good
0.498371336,0.610434783,0.39055794,0.634955752,0.638913042,0.681404421,0.553745928,0.79774051,Poor
0.127035831,0.060869565,0.566523605,0.269911504,0.606576074,0.136540962,0.143322476,0.337896048,Good
0.671009772,0.812173913,0.060085837,0.497787611,0.931241483,0.483745124,0.675352877,0.521057648,Hazardous
0.475570033,0.553043478,0.343347639,0.400442478,0.732555301,0.486345904,0.381107492,0.623698386,Poor
0.374592834,0.530434783,0.055793991,0.612831858,0.693328019,0.682704811,0.386536374,0.597964375,Poor
0.094462541,0.095652174,0.459227468,0.269911504,0.604265903,0.215864759,0.331161781,0.478157263,Good
0.13029316,0.168695652,0.467811159,0.254424779,0.665767524,0.511053316,0.128121607,0.381535345,Good
0.114006515,0.123478261,0.416309013,0.252212389,0.712191056,0.323797139,0.242128122,0.522776912,Good
0.315960912,0.389565217,0.090128755,0.314159292,0.834656224,0.672301691,0.401737242,0.519321192,Poor
0.361563518,0.511304348,0.278969957,0.420353982,0.845616575,0.591677503,0.482084691,0.69072384,Poor
0.280130293,0.380869565,0.278969957,0.46460177,0.783063102,0.326397919,0.398479913,0.643991203,Moderate
0.127035831,0.285217391,0.343347639,0.318584071,0.678196221,0.3289987,0.143322476,0.482525902,Good
0.459283388,0.499130435,0.055793991,0.626106195,0.856121692,0.401820546,0.628664495,0.548932216,Poor
0.270358306,0.196521739,0.188841202,0.371681416,0.678196221,0.585175553,0.271444083,0.604497216,Moderate
0.123778502,0.08173913,0.369098712,0.303097345,0.694954789,0.068920676,0.167209555,0.630729477,Good
0.543973941,0.549565217,0.330472103,0.595132743,0.818268202,0.741222367,0.578718784,0.931608353,Hazardous
0.390879479,0.587826087,0.055793991,0.243362832,0.812221017,0.608582575,0.448425624,0.565749628,Poor
0.319218241,0.283478261,0.167381974,0.342920354,0.706058347,0.499349805,0.219326819,0.649024721,Moderate
0.136807818,0.224347826,0.381974249,0.292035398,0.636881209,0.243172952,0.024972856,0.480355321,Good
0.071661238,0.297391304,0.407725322,0.243362832,0.617820675,0.250975293,0.131378936,0.52866372,Good
0.172638436,0.253913043,0.141630901,0.309734513,0.699773256,0.22756827,0.094462541,0.546710724,Moderate
0.309446254,0.452173913,0.064377682,0.42920354,0.879841461,0.591677503,0.595005429,0.483601102,Poor
0.208469055,0.40173913,0.124463519,0.513274336,0.706058347,0.490247074,0.15092291,0.478157263,Moderate
0.364820847,0.339130435,0.158798283,0.493362832,0.778442666,0.302990897,0.402823018,0.383454086,Moderate
0.553745928,0.634782609,0.103004292,0.389380531,0.613382633,0.801040312,0.434310532,0.781365935,Poor
0.407166124,0.443478261,0.064377682,0.515486726,0.811198947,0.33420026,0.490770901,0.633915699,Poor
0.276872964,0.302608696,0.227467811,0.238938053,0.718178599,0.210663199,0.208469055,0.590598263,Moderate
0.143322476,0.257391304,0.480686695,0.35840708,0.624335074,0.141742523,0.188925081,0.417952103,Good
0.38762215,0.446956522,0.13304721,0.433628319,0.67116905,0.543563069,0.226927253,0.535155849,Moderate
0.071661238,0.274782609,0.545064378,0.165929204,0.620010834,0.431729519,0.368078176,0.358898769,Good
0.166123779,0.266086957,0.339055794,0.272123894,0.674707036,0.254876463,0.06514658,0.507590109,Good
0.319218241,0.370434783,0.163090129,0.367256637,0.750101021,0.485045514,0.55917481,0.658282573,Moderate
0.104234528,0.064347826,0.515021459,0.227876106,0.613382633,0.33680104,0.410423453,0.292833429,Good
0.071661238,0.144347826,0.454935622,0.172566372,0.626469786,0.348504551,0.304017372,0.367475536,Good
0.133550489,0.226086957,0.369098712,0.21460177,0.640928685,0.488946684,0.08577633,0.387229109,Good
0.120521173,0.313043478,0.587982833,0.183628319,0.665767524,0.146944083,0.186753529,0.485731732,Good
0.143322476,0.295652174,0.403433476,0.223451327,0.660248137,0.21976593,0.109663409,0.387229109,Good
0.599348534,0.631304348,0.021459227,0.57079646,0.788722441,0.77893368,0.409337676,0.662158721,Hazardous
0.521172638,0.526956522,0.068669528,0.528761062,0.871104075,0.587776333,0.25732899,0.577373282,Poor
0.602605863,0.427826087,0.107296137,0.431415929,0.884483093,0.763328999,0.80781759,0.647363041,Hazardous
0.218241042,0.273043478,0.369098712,0.431415929,0.613382633,0.434330299,0.295331162,0.560322805,Moderate
0.28990228,0.323478261,0.137339056,0.422566372,0.756538058,0.143042913,0.213897937,0.430036576,Moderate
0.35504886,0.542608696,0.094420601,0.53539823,0.73533513,0.413524057,0.596091205,0.760913592,Poor
0.149837134,0.106086957,0.412017167,0.234513274,0.632767917,0.539661899,0.102062975,0.356686711,Good
0.293159609,0.513043478,0.051502146,0.435840708,0.784205144,0.681404421,0.358306189,0.483601102,Poor
0.087947883,0.236521739,0.484978541,0.446902655,0.648834387,0.020806242,0.115092291,0.404963305,Good
0.156351792,0.15826087,0.356223176,0.232300885,0.672944229,0.431729519,0.223669924,0.693626039,Good
0.205211726,0.269565217,0.124463519,0.411504425,0.725469071,0.483745124,0.38762215,0.523630202,Moderate
0.107491857,0.085217391,0.515021459,0.157079646,0.589943482,0.352405722,0.219326819,0.425602866,Good
0.094462541,0.156521739,0.386266094,0.296460177,0.624335074,0.22236671,0.266015201,0.404963305,Good
0.218241042,0.285217391,0.206008584,0.360619469,0.69169072,0.475942783,0.42888165,0.613350563,Moderate
0.319218241,0.274782609,0.231759657,0.334070796,0.713701281,0.357607282,0.331161781,0.691372978,Moderate
0.478827362,0.467826087,0.188841202,0.504424779,0.871104075,0.641092328,0.640608035,0.607148324,Poor
0.055374593,0.071304348,0.416309013,0.165929204,0.592387577,0.143042913,0.159609121,0.369555132,Good
0.114006515,0.330434783,0.321888412,0.287610619,0.667580879,0.210663199,0.243213898,0.485731732,Good
0.110749186,0.053913043,0.429184549,0.331858407,0.644912419,0.483745124,0.030401737,0.392742086,Good
0.100977199,0.059130435,0.424892704,0.236725664,0.620010834,0.379713914,0.34310532,0.401558407,Good
0.312703583,0.384347826,0.120171674,0.617256637,0.688383982,0.378413524,0.504885993,0.712400302,Moderate
0.104234528,0.295652174,0.339055794,0.276548673,0.660248137,0.501950585,0.095548317,0.373641067,Good
0.058631922,0.172173913,0.360515021,0.294247788,0.646881004,0.089726918,0.226927253,0.430036576,Good
0.081433225,0.28,0.446351931,0.382743363,0.582466232,0.148244473,0.438653637,0.521057648,Good
0.247557003,0.262608696,0.124463519,0.550884956,0.672944229,0.159947984,0.551574376,0.686110629,Moderate
0.087947883,0.16173913,0.347639485,0.238938053,0.632767917,0.2236671,0.241042345,0.64270969,Good
0.381107492,0.353043478,0.145922747,0.60840708,0.815262679,0.505851756,0.497285559,0.490946665,Poor
0.048859935,0.149565217,0.510729614,0.066371681,0.550129263,0.00130039,0.110749186,0.531940124,Good
0.159609121,0.23826087,0.343347639,0.39159292,0.561373864,0.193758127,0.426710098,0.313998891,Good
0.263843648,0.389565217,0.137339056,0.318584071,0.753982865,0.648894668,0.629750271,0.712400302,Moderate
0.087947883,0.313043478,0.39055794,0.289823009,0.481160678,0.386215865,0.259500543,0.798266439,Good
0.182410423,0.373913043,0.347639485,0.190265487,0.606576074,0.066319896,0.365906623,0.621774331,Good
0.482084691,0.417391304,0.098712446,0.590707965,0.849166975,0.78023407,0.279044517,0.503815086,Poor
0.104234528,0.173913043,0.480686695,0.236725664,0.566814114,0.231469441,0.378935939,0.414794849,Good
0.263843648,0.269565217,0.167381974,0.402654867,0.69169072,0.511053316,0.21606949,0.600716322,Moderate
0.697068404,0.44173913,0.068669528,0.407079646,0.828036283,0.626788036,0.765472313,0.619828717,Hazardous
0.231270358,0.353043478,0.278969957,0.438053097,0.761572291,0.638491547,0.434310532,0.778054616,Moderate
0.244299674,0.283478261,0.141630901,0.39380531,0.790951194,0.379713914,0.425624321,0.721894473,Moderate
0.084690554,0.111304348,0.399141631,0.236725664,0.636881209,0.274382315,0.081433225,0.319600803,Good
0.550488599,0.650434783,0.012875536,0.303097345,0.901526501,0.594278283,0.711183496,0.358898769,Hazardous
0.201954397,0.299130435,0.227467811,0.316371681,0.73533513,0.585175553,0.195439739,0.554720893,Moderate
0.247557003,0.434782609,0.103004292,0.349557522,0.878275128,0.55006502,0.26927253,0.673293575,Poor
0.146579805,0.12,0.334763948,0.303097345,0.660248137,0.237971391,0.156351792,0.687109544,Good
0.208469055,0.342608696,0.13304721,0.506637168,0.663941077,0.390117035,0.38762215,0.427093383,Moderate
0.120521173,0.304347826,0.386266094,0.316371681,0.685033444,0.452535761,0.437567861,0.50852118,Good
0.358306189,0.259130435,0.111587983,0.57300885,0.67992293,0.423927178,0.340933768,0.527834868,Moderate
0.143322476,0.085217391,0.497854077,0.256637168,0.488601269,0.105331599,0.454940282,0.396322506,Good
0.159609121,0.295652174,0.377682403,0.241150442,0.611134068,0.11573472,0.338762215,0.441334493,Good
0.491856678,0.539130435,0.072961373,0.557522124,0.894993407,0.674902471,0.486427796,0.749938222,Poor
0.260586319,0.44173913,0.115879828,0.205752212,0.773736263,0.544863459,0.365906623,0.565749628,Moderate
0.078175896,0.36173913,0.360515021,0.234513274,0.646881004,0.33029909,0.231270358,0.308210214,Good
0.674267101,0.420869565,0.038626609,0.396017699,0.957255688,0.4473342,0.584147666,0.635710487,Hazardous
0.534201954,0.485217391,0.167381974,0.449115044,0.702935321,0.646293888,0.675352877,0.727772223,Poor
0.087947883,0.231304348,0.450643777,0.196902655,0.681637932,0.028608583,0.415852334,0.432930713,Good
0.087947883,0.097391304,0.360515021,0.300884956,0.669381327,0.058517555,0.10640608,0.342787758,Good
0.039087948,0.222608696,0.377682403,0.223451327,0.650772802,0.206762029,0.332247557,0.53030965,Good
0.185667752,0.311304348,0.214592275,0.522123894,0.698177277,0.314694408,0.252985885,0.604497216,Moderate
0.416938111,0.208695652,0.051502146,0.168141593,0.807068866,0.403120936,0.586319218,0.750169286,Poor
0.084690554,0.111304348,0.386266094,0.298672566,0.656500485,0.066319896,0.103148751,0.526165199,Good
0.299674267,0.24,0.184549356,0.309734513,0.624335074,0.351105332,0.342019544,0.64861079,Moderate
0.231270358,0.186086957,0.339055794,0.418141593,0.751401599,0.163849155,0.294245385,0.450650976,Moderate
0.234527687,0.384347826,0.120171674,0.435840708,0.803926442,0.514954486,0.480998914,0.387229109,Moderate
0.521172638,0.429565217,0.098712446,0.311946903,0.770148091,0.292587776,0.574375679,0.735730705,Poor
0.609120521,0.787826087,0.004291845,0.515486726,0.780763433,0.527958388,0.728555917,0.568400737,Hazardous
0.179153094,0.356521739,0.412017167,0.225663717,0.617820675,0.371911573,0.172638436,0.467906432,Good
0.384364821,0.184347826,0.17167382,0.21460177,0.732555301,0.187256177,0.340933768,0.577996781,Moderate
0.302931596,0.351304348,0.0472103,0.353982301,0.606576074,0.573472042,0.395222584,0.375648537,Poor
0.081433225,0.259130435,0.459227468,0.221238938,0.630685915,0.183355007,0.268186754,0.478157263,Good
0.250814332,0.412173913,0.412017167,0.373893805,0.845616575,0.413524057,0.52660152,0.590598263,Moderate
0.084690554,0.180869565,0.360515021,0.17920354,0.642928394,0.131339402,0.199782845,0.589436758,Good
0.104234528,0.064347826,0.347639485,0.243362832,0.756538058,0.499349805,0.131378936,0.595730978,Good
0.390879479,0.408695652,0.103004292,0.424778761,0.811198947,0.33810143,0.24864278,0.640552591,Poor
0.345276873,0.422608696,0.060085837,0.462389381,0.800744489,0.414824447,0.490770901,0.673293575,Poor
0.436482085,0.502608696,0.137339056,0.482300885,0.690042754,0.300390117,0.50597177,0.659454529,Poor
0.179153094,0.373913043,0.124463519,0.274336283,0.669381327,0.451235371,0.176981542,0.70477281,Moderate
0.390879479,0.44,0.077253219,0.57300885,0.800744489,0.422626788,0.527687296,0.786872884,Poor
0.09771987,0.314782609,0.377682403,0.347345133,0.642928394,0.504551365,0.32247557,0.335397527,Good
0.263843648,0.229565217,0.184549356,0.265486726,0.693328019,0.409622887,0.398479913,0.486787324,Moderate
0.361563518,0.51826087,0.111587983,0.121681416,0.796438651,0.654096229,0.52660152,0.558939178,Poor
0.28990228,0.370434783,0.214592275,0.457964602,0.801809594,0.564369311,0.188925081,0.662923675,Moderate
0.058631922,0.168695652,0.35193133,0.334070796,0.628586634,0.244473342,0.241042345,0.411579123,Good
0.094462541,0.227826087,0.493562232,0.404867257,0.646881004,0.490247074,0.24864278,0.645263328,Good
0.615635179,0.420869565,0.103004292,0.590707965,0.286201594,0.496749025,0.283387622,0.734976276,Poor
0.557003257,0.728695652,0.115879828,0.486725664,0.871910972,0.616384915,0.917480999,0.717769713,Hazardous
0.2247557,0.373913043,0.13304721,0.400442478,0.732555301,0.490247074,0.17155266,0.651079706,Moderate
0.107491857,0.351304348,0.326180258,0.283185841,0.646881004,0.460338101,0.170466884,0.403269202,Good
0.371335505,0.373913043,0.111587983,0.683628319,0.726902286,0.591677503,0.252985885,0.50665402,Poor
0.583061889,0.539130435,0.094420601,0.688053097,0.851797452,0.843953186,0.47339848,0.693626039,Hazardous
0.081433225,0.191304348,0.334763948,0.276548673,0.57992388,0.258777633,0.467969598,0.545963866,Good
0.302931596,0.196521739,0.214592275,0.254424779,0.716694947,0.44343303,0.511400651,0.621289967,Moderate
0.071661238,0.290434783,0.347639485,0.207964602,0.615611387,0.250975293,0.401737242,0.327678735,Good
0.361563518,0.514782609,0.094420601,0.413716814,0.783063102,0.804941482,0.480998914,0.589436758,Poor
0.413680782,0.342608696,0.141630901,0.283185841,0.776100409,0.417425228,0.295331162,0.574856656,Moderate
0.325732899,0.448695652,0.060085837,0.493362832,0.733949034,0.729518856,0.638436482,0.638807409,Poor
0.087947883,0.326956522,0.545064378,0.327433628,0.672944229,0.131339402,0.036916395,0.442696415,Good
0.143322476,0.191304348,0.330472103,0.247787611,0.606576074,0.140442133,0.114006515,0.40664104,Good
0.472312704,0.48173913,0.072961373,0.407079646,0.693328019,0.422626788,0.595005429,0.522776912,Poor
0.188925081,0.32173913,0.150214592,0.309734513,0.715202542,0.456436931,0.509229099,0.603962102,Moderate
0.110749186,0.323478261,0.347639485,0.316371681,0.652696476,0.486345904,0.163952226,0.531940124,Good
0.625407166,0.511304348,0.141630901,0.446902655,0.765283289,0.898569571,0.523344191,0.929319225,Hazardous
0.28990228,0.372173913,0.201716738,0.42699115,0.733949034,0.140442133,0.295331162,0.643991203,Moderate
0.537459283,0.768695652,0.206008584,0.57300885,0.869482519,0.374512354,0.611292074,0.628417269,Hazardous
0.280130293,0.335652174,0.270386266,0.449115044,0.784205144,0.284785436,0.503800217,0.417952103,Moderate
0.573289902,0.267826087,0.184549356,0.723451327,0.882945326,0.436931079,0.75135722,0.740678168,Hazardous
0.13029316,0.088695652,0.373390558,0.17920354,0.646881004,0.054616385,0.318132465,0.523630202,Good
0.087947883,0.262608696,0.339055794,0.241150442,0.732555301,0.323797139,0.28990228,0.487836536,Good
0.136807818,0.269565217,0.420600858,0.245575221,0.632767917,0.485045514,0.295331162,0.398085407,Good
0.244299674,0.306086957,0.145922747,0.389380531,0.854400856,0.793237971,0.33441911,0.501896346,Poor
0.136807818,0.128695652,0.450643777,0.079646018,0.519614982,0.407022107,0.46145494,0.555431095,Good
0.306188925,0.427826087,0.128755365,0.493362832,0.709143286,0.44603381,0.479913138,0.668924936,Moderate
0.120521173,0.166956522,0.347639485,0.148230088,0.577355718,0.500650195,0.325732899,0.268725283,Good
0.351791531,0.412173913,0.184549356,0.292035398,0.831840293,0.295188557,0.424538545,0.611820648,Moderate
0.426710098,0.370434783,0.150214592,0.42699115,0.743495898,0.382314694,0.57111835,0.665574783,Poor
0.384364821,0.655652174,0.287553648,0.566371681,0.665767524,0.785435631,0.57980456,0.764989431,Poor
0.123778502,0.243478261,0.321888412,0.152654867,0.592387577,0.191157347,0.312703583,0.656707558,Good
0.35504886,0.349565217,0.120171674,0.449115044,0.790951194,0.44603381,0.230184582,0.615870842,Moderate
0.332247557,0.236521739,0.334763948,0.25,0.718178599,0.469440832,0.471226927,0.67614611,Moderate
0.312703583,0.344347826,0.154506438,0.424778761,0.780763433,0.185955787,0.553745928,0.605030686,Moderate
0.273615635,0.153043478,0.150214592,0.254424779,0.813238973,0.55136541,0.434310532,0.652301124,Moderate
0.762214984,0.826086957,0.115879828,0.466814159,0.820252227,0.485045514,0.750271444,0.606621331,Hazardous
0.078175896,0.187826087,0.480686695,0.305309735,0.624335074,0.011703511,0.193268187,0.662541619,Good
0.117263844,0.205217391,0.356223176,0.314159292,0.630685915,0.284785436,0.095548317,0.421052975,Good
0.201954397,0.255652174,0.592274678,0.506637168,0.779605711,0.399219766,0.26927253,0.595730978,Moderate
0.771986971,0.859130435,0.137339056,0.555309735,0.884483093,0.498049415,0.657980456,0.591752049,Hazardous
0.351791531,0.4,0.064377682,0.453539823,0.833721059,0.289986996,0.459283388,0.603962102,Poor
0.19218241,0.419130435,0.124463519,0.28539823,0.743495898,0.594278283,0.374592834,0.521057648,Moderate
0.315960912,0.52173913,0.068669528,0.438053097,0.669381327,0.607282185,0.613463626,0.626073857,Poor
0.439739414,0.306086957,0.17167382,0.278761062,0.654605631,0.462938882,0.541802389,0.454495655,Moderate
0.348534202,0.485217391,0.605150215,0.480088496,0.789839272,0.325097529,0.495114007,0.437183437,Poor
0.071661238,0.102608696,0.35193133,0.258849558,0.535331954,0.276983095,0.281216069,0.503815086,Good
0.397394137,0.377391304,0.124463519,0.462389381,0.806025722,0.657997399,0.451682953,0.473675874,Poor
0.247557003,0.389565217,0.060085837,0.440265487,0.832782424,0.397919376,0.610206298,0.569057237,Poor
0.052117264,0.104347826,0.442060086,0.296460177,0.683341385,0.122236671,0.317046688,0.491971118,Good
0.198697068,0.335652174,0.128755365,0.331858407,0.731153846,0.631989597,0.543973941,0.579237102,Moderate
0.530944625,0.276521739,0.240343348,0.544247788,0.852668234,0.55656697,0.369163952,0.849572092,Poor
0.381107492,0.248695652,0.111587983,0.548672566,0.719653599,0.457737321,0.359391965,0.681371506,Moderate
0.61237785,0.424347826,0.034334764,0.396017699,0.601934441,0.616384915,0.484256243,0.611307666,Poor
0.123778502,0.351304348,0.360515021,0.261061947,0.694954789,0.11443433,0.292073833,0.451942017,Good
0.498371336,0.389565217,0.068669528,0.597345133,0.57992388,0.33550065,0.714440825,0.699906804,Poor
0.087947883,0.184347826,0.459227468,0.232300885,0.477356668,0.22756827,0.201954397,0.337896048,Good
0.296416938,0.525217391,0.223175966,0.331858407,0.837441153,0.590377113,0.407166124,0.613350563,Poor
0.156351792,0.095652174,0.369098712,0.309734513,0.574761214,0.483745124,0.175895765,0.514902525,Good
0.169381107,0.111304348,0.326180258,0.407079646,0.519614982,0.312093628,0.147665581,0.652706362,Good
0.35504886,0.353043478,0.416309013,0.314159292,0.702935321,0.488946684,0.3669924,0.597408713,Moderate
0.081433225,0.24,0.343347639,0.21460177,0.622182194,0.256176853,0.45276873,0.445388628,Good
0.895765472,0.52173913,0.120171674,0.60840708,0.821238434,0.823146944,0.444082519,0.899493851,Hazardous
0.527687296,0.546086957,0.021459227,0.477876106,0.834656224,0.565669701,0.399565689,0.787804954,Hazardous
0.293159609,0.325217391,0.274678112,0.35619469,0.67992293,0.325097529,0.267100977,0.517567195,Moderate
0.342019544,0.346086957,0.270386266,0.258849558,0.694954789,0.472041612,0.168295331,0.481444003,Moderate
0.267100977,0.377391304,0.150214592,0.475663717,0.81425285,0.44993498,0.46145494,0.522776912,Moderate
0.19218241,0.045217391,0.334763948,0.272123894,0.652696476,0.366710013,0.35504886,0.502858366,Good
0.107491857,0.208695652,0.386266094,0.365044248,0.710671761,0.452535761,0.103148751,0.475931025,Good
0.205211726,0.410434783,0.21888412,0.334070796,0.743495898,0.617685306,0.294245385,0.446719241,Moderate
0.153094463,0.233043478,0.115879828,0.373893805,0.654605631,0.590377113,0.182410423,0.451942017,Moderate
0.029315961,0.292173913,0.433476395,0.252212389,0.597206044,0.509752926,0.463626493,0.543703823,Good
0.25732899,0.386086957,0.150214592,0.276548673,0.736713672,0.267880364,0.298588491,0.556842844,Moderate
0.068403909,0.267826087,0.47639485,0.325221239,0.630685915,0.065019506,0.344191097,0.618847673,Good
0.094462541,0.060869565,0.519313305,0.245575221,0.634832924,0.052015605,0.373507058,0.403269202,Good
0.185667752,0.474782609,0.278969957,0.241150442,0.702935321,0.166449935,0.451682953,0.591752049,Moderate
0.501628664,0.72,0.13304721,0.564159292,0.859528637,0.455136541,0.280130293,0.69072384,Poor
0.338762215,0.47826087,0.124463519,0.360619469,0.776100409,0.358907672,0.498371336,0.449350264,Moderate
0.188925081,0.252173913,0.339055794,0.457964602,0.608865337,0.144343303,0.441910966,0.427093383,Good
0.45276873,0.370434783,0.038626609,0.513274336,0.904376806,0.637191157,0.666666667,0.605030686,Poor
0.087947883,0.290434783,0.334763948,0.188053097,0.628586634,0.072821847,0.339847991,0.495008704,Good
0.576547231,0.467826087,0.064377682,0.336283186,0.850923662,0.681404421,0.525515744,0.617365637,Poor
0.06514658,0.335652174,0.373390558,0.42920354,0.646881004,0.014304291,0.412595005,0.488879448,Good
0.241042345,0.28173913,0.472103004,0.548672566,0.721120049,0.598179454,0.251900109,0.526165199,Moderate
0.228013029,0.300869565,0.180257511,0.404867257,0.716694947,0.325097529,0.369163952,0.529488635,Moderate
0.413680782,0.393043478,0.08583691,0.528761062,0.781915881,0.426527958,0.451682953,0.548932216,Poor
0.114006515,0.191304348,0.347639485,0.234513274,0.558609226,0.347204161,0.311617807,0.432930713,Good
0.123778502,0.259130435,0.356223176,0.338495575,0.646881004,0.032509753,0.252985885,0.497004636,Good
0.429967427,0.551304348,0.13304721,0.318584071,0.622182194,0.378413524,0.435396308,0.421052975,Moderate
0.198697068,0.44,0.120171674,0.584070796,0.75780604,0.349804941,0.499457112,0.547454384,Moderate
0.335504886,0.413913043,0.13304721,0.384955752,0.766508289,0.397919376,0.574375679,0.611820648,Moderate
0.478827362,0.356521739,0.111587983,0.511061947,0.726902286,0.574772432,0.589576547,0.606092733,Poor
0.28990228,0.396521739,0.137339056,0.424778761,0.785342053,0.21716515,0.306188925,0.688761737,Moderate
0.234527687,0.196521739,0.188841202,0.35840708,0.713701281,0.403120936,0.574375679,0.558243208,Moderate
0.338762215,0.504347826,0.094420601,0.482300885,0.849166975,0.465539662,0.479913138,0.522776912,Poor
0.231270358,0.229565217,0.124463519,0.216814159,0.674707036,0.144343303,0.400651466,0.64270969,Moderate
0.586319218,0.815652174,0.111587983,0.526548673,0.918835705,0.499349805,0.682953312,0.707155615,Hazardous
0.159609121,0.095652174,0.326180258,0.112831858,0.642928394,0.163849155,0.197611292,0.529488635,Good
0.110749186,0.067826087,0.347639485,0.424778761,0.669381327,0.452535761,0.368078176,0.480355321,Good
0.358306189,0.27826087,0.210300429,0.42920354,0.803926442,0.577373212,0.386536374,0.599070392,Moderate
0.061889251,0.166956522,0.356223176,0.243362832,0.638913042,0.191157347,0.194353963,0.464350453,Good
0.136807818,0.175652174,0.326180258,0.188053097,0.617820675,0.383615085,0.412595005,0.525324306,Good
0.25732899,0.304347826,0.180257511,0.376106195,0.604265903,0.581274382,0.263843648,0.446719241,Moderate
0.42019544,0.60173913,0.004291845,0.719026549,0.885248485,0.992197659,0.522258415,0.709506165,Hazardous
0.074918567,0.133913043,0.399141631,0.389380531,0.676457644,0.527958388,0.06514658,0.451942017,Good
0.228013029,0.410434783,0.120171674,0.309734513,0.736713672,0.232769831,0.472312704,0.606621331,Moderate
0.342019544,0.325217391,0.137339056,0.457964602,0.797522002,0.172951886,0.477741585,0.548194872,Moderate
0.175895765,0.234782609,0.13304721,0.407079646,0.766508289,0.397919376,0.491856678,0.455758527,Moderate
0.205211726,0.170434783,0.13304721,0.338495575,0.785342053,0.526657997,0.33441911,0.483601102,Moderate
0.110749186,0.102608696,0.321888412,0.365044248,0.626469786,0.245773732,0.110749186,0.450650976,Good
0.114006515,0.186086957,0.115879828,0.384955752,0.667580879,0.539661899,0.327904452,0.591176114,Moderate
0.35504886,0.283478261,0.107296137,0.287610619,0.67116905,0.420026008,0.325732899,0.477047712,Moderate
0.228013029,0.313043478,0.227467811,0.261061947,0.740804789,0.193758127,0.540716612,0.70144213,Moderate
0.039087948,0.302608696,0.347639485,0.139380531,0.642928394,0.141742523,0.347448426,0.392742086,Good
0.276872964,0.286956522,0.13304721,0.265486726,0.736713672,0.603381014,0.449511401,0.497004636,Moderate
0.390879479,0.31826087,0.072961373,0.340707965,0.883715378,0.565669701,0.508143322,0.661004934,Poor
0.100977199,0.24173913,0.377682403,0.139380531,0.59958129,0.343302991,0.07383279,0.536741652,Good
0.449511401,0.495652174,0.098712446,0.371681416,0.817270323,0.301690507,0.548317047,0.536741652,Poor
0.074918567,0.24173913,0.360515021,0.225663717,0.665767524,0.486345904,0.074918567,0.58229969,Good
0.299674267,0.422608696,0.154506438,0.389380531,0.759067697,0.358907672,0.402823018,0.610277134,Moderate
0.094462541,0.219130435,0.506437768,0.236725664,0.613382633,0.019505852,0.271444083,0.488879448,Good
0.342019544,0.386086957,0.141630901,0.422566372,0.715202542,0.347204161,0.423452769,0.717212268,Poor
0.859934853,0.16,0.090128755,0.504424779,0.884483093,0.396618986,0.388707926,0.762211064,Hazardous
0.436482085,0.495652174,0.244635193,0.32079646,0.739448421,0.689206762,0.319218241,0.795620717,Poor
0.149837134,0.300869565,0.43776824,0.188053097,0.577355718,0.305591678,0.364820847,0.41319443,Good
0.348534202,0.252173913,0.193133047,0.351769912,0.660248137,0.193758127,0.475570033,0.471391048,Moderate
0.107491857,0.227826087,0.39055794,0.329646018,0.611134068,0.386215865,0.308360478,0.445388628,Good
0.091205212,0.234782609,0.373390558,0.221238938,0.669381327,0.228868661,0.344191097,0.708040804,Good
0.309446254,0.396521739,0.137339056,0.280973451,0.736713672,0.44343303,0.402823018,0.738222057,Moderate
0.508143322,0.488695652,0.055793991,0.568584071,0.702935321,0.564369311,0.534201954,0.585309197,Poor
0.537459283,0.52173913,0.008583691,0.519911504,0.872715303,0.699609883,0.765472313,0.621774331,Hazardous
0.328990228,0.535652174,0.407725322,0.442477876,0.694954789,0.33289987,0.3669924,0.478157263,Poor
0.143322476,0.323478261,0.442060086,0.241150442,0.68671426,0.183355007,0.418023887,0.387229109,Good
0.254071661,0.217391304,0.184549356,0.382743363,0.694954789,0.44083225,0.483170467,0.619338888,Moderate
0.159609121,0.299130435,0.124463519,0.234513274,0.731153846,0.455136541,0.220412595,0.798790781,Moderate
0.16286645,0.085217391,0.420600858,0.296460177,0.628586634,0.096228869,0.157437568,0.371610117,Good
0.228013029,0.483478261,0.39055794,0.387168142,0.788722441,0.179453836,0.459283388,0.560322805,Moderate
0.094462541,0.332173913,0.373390558,0.274336283,0.613382633,0.202860858,0.370249729,0.430036576,Good
0.058631922,0.335652174,0.360515021,0.351769912,0.706058347,0.390117035,0.34310532,0.501896346,Good
0.436482085,0.39826087,0.055793991,0.438053097,0.826112609,0.498049415,0.34310532,0.630269492,Poor
0.429967427,0.182608696,0.150214592,0.537610619,0.709143286,0.66189857,0.458197611,0.572303018,Moderate
0.214983713,0.28,0.158798283,0.305309735,0.729744584,0.405721717,0.423452769,0.487836536,Moderate
0.384364821,0.572173913,0.128755365,0.442477876,0.784205144,0.608582575,0.566775244,0.786685868,Poor
0.351791531,0.271304348,0.274678112,0.212389381,0.722578047,0.098829649,0.476655809,0.416380652,Moderate
0.071661238,0.182608696,0.360515021,0.225663717,0.642928394,0.529258778,0.148751357,0.472537219,Good
0.504885993,0.426086957,0.060085837,0.657079646,0.825145259,0.395318596,0.716612378,0.45322353,Poor
0.260586319,0.222608696,0.13304721,0.35840708,0.725469071,0.240572172,0.421281216,0.588267433,Moderate
0.583061889,0.23826087,0.163090129,0.221238938,0.843822512,0.412223667,0.548317047,0.540643934,Poor
0.273615635,0.326956522,0.184549356,0.398230088,0.738084742,0.140442133,0.436482085,0.537529156,Moderate
0.211726384,0.51826087,0.163090129,0.404867257,0.752695525,0.405721717,0.465798046,0.615369704,Moderate
0.540716612,0.48,0.098712446,0.683628319,0.797522002,0.739921977,0.568946797,0.464350453,Poor
0.107491857,0.27826087,0.364806867,0.241150442,0.589943482,0.258777633,0.439739414,0.618847673,Good
0.114006515,0.187826087,0.699570815,0.188053097,0.550129263,0.412223667,0.384364821,0.52447932,Good
0.208469055,0.311304348,0.154506438,0.506637168,0.765283289,0.292587776,0.205211726,0.753598842,Moderate
0.469055375,0.445217391,0.111587983,0.528761062,0.835587944,0.710013004,0.551574376,0.722437112,Hazardous
0.159609121,0.213913043,0.412017167,0.172566372,0.681637932,0.322496749,0.21606949,0.430036576,Good
0.091205212,0.166956522,0.463519313,0.243362832,0.669381327,0.236671001,0.344191097,0.296019651,Good
0.358306189,0.48173913,0.154506438,0.303097345,0.622182194,0.413524057,0.567861021,0.569711265,Moderate
0.511400651,0.540869565,0.081545064,0.477876106,0.744830792,0.420026008,0.709011944,0.839378462,Poor
0.306188925,0.179130435,0.210300429,0.216814159,0.847398004,0.563068921,0.170466884,0.70477281,Moderate
0.540716612,0.533913043,0.034334764,0.579646018,0.851797452,0.78283485,0.395222584,0.59346848,Hazardous
0.114006515,0.323478261,0.82832618,0.283185841,0.592387577,0.042912874,0.009771987,0.431489674,Good
0.159609121,0.175652174,0.420600858,0.309734513,0.582466232,0.193758127,0.404994571,0.39983059,Good
0.208469055,0.170434783,0.214592275,0.287610619,0.718178599,0.265279584,0.188925081,0.617861056,Moderate
0.267100977,0.313043478,0.167381974,0.347345133,0.701359229,0.617685306,0.176981542,0.610277134,Moderate
0.208469055,0.142608696,0.39055794,0.400442478,0.604265903,0.105331599,0.132464712,0.444047739,Good
0.117263844,0.128695652,0.347639485,0.380530973,0.642928394,0.405721717,0.383279045,0.494002068,Good
0.28990228,0.273043478,0.193133047,0.345132743,0.526019422,0.44603381,0.370249729,0.646106262,Moderate
0.390879479,0.420869565,0.270386266,0.57079646,0.753982865,0.237971391,0.121606949,0.460720128,Moderate
0.35504886,0.594782609,0.072961373,0.422566372,0.759067697,0.565669701,0.48534202,0.65067065,Poor
0.201954397,0.267826087,0.180257511,0.504424779,0.685033444,0.284785436,0.286644951,0.693626039,Moderate
0.068403909,0.316521739,0.369098712,0.245575221,0.68671426,0.351105332,0.119435396,0.432930713,Good
0.631921824,0.775652174,0.004291845,0.774336283,0.499367229,0.618985696,0.576547231,0.611820648,Hazardous
0.2247557,0.382608696,0.167381974,0.39380531,0.678196221,0.507152146,0.158523344,0.773673451,Moderate
0.208469055,0.380869565,0.107296137,0.342920354,0.662101346,0.473342003,0.360477742,0.534357484,Moderate
0.35504886,0.368695652,0.30472103,0.300884956,0.702935321,0.604681404,0.550488599,0.5311268,Moderate
0.09771987,0.113043478,0.330472103,0.21460177,0.690042754,0.158647594,0.390879479,0.375648537,Good
0.446254072,0.626086957,0.0472103,0.561946903,0.795350642,0.759427828,0.463626493,0.539870462,Hazardous
0.319218241,0.354782609,0.120171674,0.263274336,0.738084742,0.261378414,0.309446254,0.675792096,Moderate
0.465798046,0.31826087,0.051502146,0.615044248,0.739448421,0.684005202,0.479913138,0.620804249,Poor
0.117263844,0.363478261,0.403433476,0.292035398,0.613382633,0.472041612,0.345276873,0.449350264,Good
0.293159609,0.380869565,0.055793991,0.446902655,0.800744489,0.308192458,0.339847991,0.618847673,Poor
0.384364821,0.502608696,0.064377682,0.670353982,0.683341385,0.608582575,0.580890337,0.518446408,Poor
0.293159609,0.168695652,0.330472103,0.345132743,0.731153846,0.404421326,0.409337676,0.526165199,Moderate
0.107491857,0.189565217,0.43776824,0.365044248,0.597206044,0.097529259,0.419109663,0.419509461,Good
0.61237785,0.466086957,0.030042918,0.626106195,0.892034755,0.908972692,0.601520087,0.724590866,Hazardous
0.140065147,0.104347826,0.377682403,0.245575221,0.604265903,0.248374512,0.172638436,0.541413976,Good
0.201954397,0.248695652,0.115879828,0.32079646,0.793160482,0.55916775,0.581976113,0.396322506,Moderate
0.169381107,0.328695652,0.347639485,0.112831858,0.693328019,0.035110533,0.169381107,0.352176218,Good
0.280130293,0.313043478,0.175965665,0.289823009,0.636881209,0.317295189,0.262757872,0.507590109,Moderate
0.488599349,0.276521739,0.072961373,0.351769912,0.801809594,0.846553966,0.295331162,0.572303018,Poor
0.133550489,0.253913043,0.326180258,0.261061947,0.597206044,0.366710013,0.090119435,0.45322353,Good
0.416938111,0.530434783,0.094420601,0.548672566,0.79205825,0.325097529,0.135722041,0.777660865,Poor
0.299674267,0.443478261,0.145922747,0.256637168,0.710671761,0.616384915,0.555917481,0.352176218,Moderate
0.348534202,0.394782609,0.051502146,0.389380531,0.638913042,0.44603381,0.423452769,0.504766564,Poor
0.087947883,0.126956522,0.407725322,0.283185841,0.59958129,0.317295189,0.323561346,0.502858366,Good
0.110749186,0.224347826,0.43776824,0.289823009,0.638913042,0.241872562,0.196525516,0.486787324,Good
0.166123779,0.236521739,0.725321888,0.327433628,0.638913042,0.400520156,0.173724213,0.527002041,Good
0.120521173,0.24173913,0.386266094,0.39159292,0.68671426,0.058517555,0.313789359,0.437183437,Good
0.342019544,0.15826087,0.197424893,0.365044248,0.630685915,0.345903771,0.26927253,0.790205178,Moderate
0.068403909,0.346086957,0.407725322,0.190265487,0.630685915,0.166449935,0.175895765,0.522776912,Good
0.100977199,0.2,0.330472103,0.152654867,0.57992388,0.191157347,0.219326819,0.590598263,Good
0.299674267,0.530434783,0.214592275,0.311946903,0.710671761,0.412223667,0.364820847,0.603425335,Moderate
0.28990228,0.330434783,0.364806867,0.283185841,0.855262737,0.547464239,0.260586319,0.708628433,Moderate
0.423452769,0.434782609,0.184549356,0.413716814,0.716694947,0.464239272,0.575461455,0.517567195,Poor
0.267100977,0.333913043,0.25751073,0.353982301,0.718178599,0.388816645,0.39630836,0.484669685,Moderate
0.182410423,0.229565217,0.111587983,0.407079646,0.789839272,0.239271782,0.539630836,0.471391048,Moderate
0.045602606,0.274782609,0.373390558,0.236725664,0.632767917,0.390117035,0.262757872,0.421052975,Good
0.423452769,0.504347826,0.042918455,0.453539823,0.875907293,0.729518856,0.511400651,0.657496851,Poor
0.107491857,0.273043478,0.369098712,0.256637168,0.615611387,0.507152146,0.353963084,0.463148758,Good
0.117263844,0.090434783,0.515021459,0.289823009,0.654605631,0.234070221,0.205211726,0.268725283,Good
0.296416938,0.356521739,0.120171674,0.351769912,0.740804789,0.312093628,0.425624321,0.580468627,Moderate
0.091205212,0.206956522,0.424892704,0.121681416,0.535331954,0.287386216,0.230184582,0.41319443,Good
0.221498371,0.370434783,0.154506438,0.420353982,0.793160482,0.357607282,0.284473398,0.692019698,Moderate
0.504885993,0.339130435,0.150214592,0.469026549,0.748793722,0.693107932,0.358306189,0.722437112,Poor
0.306188925,0.32173913,0.278969957,0.413716814,0.835587944,0.279583875,0.483170467,0.464350453,Moderate
0.107491857,0.111304348,0.493562232,0.216814159,0.615611387,0.397919376,0.411509229,0.330289976,Good
0.488599349,0.443478261,0.175965665,0.420353982,0.767727385,0.382314694,0.62432139,0.668924936,Poor
0.335504886,0.2,0.244635193,0.305309735,0.771349812,0.508452536,0.374592834,0.653514011,Moderate
0.091205212,0.102608696,0.403433476,0.42920354,0.624335074,0.288686606,0.163952226,0.465543889,Good
0.078175896,0.19826087,0.463519313,0.274336283,0.611134068,0.172951886,0.434310532,0.464350453,Good
0.273615635,0.483478261,0.120171674,0.537610619,0.715202542,0.169050715,0.458197611,0.521057648,Moderate
0.143322476,0.193043478,0.596566524,0.272123894,0.638913042,0.43953186,0.459283388,0.385351855,Good
0.117263844,0.149565217,0.557939914,0.35840708,0.634832924,0.013003901,0.318132465,0.527002041,Good
0.195439739,0.443478261,0.300429185,0.415929204,0.732555301,0.602080624,0.471226927,0.434359892,Moderate
0.087947883,0.354782609,0.360515021,0.199115044,0.597206044,0.370611183,0.114006515,0.457012282,Good
0.09771987,0.196521739,0.446351931,0.243362832,0.650772802,0.200260078,0.374592834,0.642280409,Good
0.54723127,0.485217391,0.25751073,0.440265487,0.744830792,0.756827048,0.6330076,0.649849636,Poor
0.201954397,0.236521739,0.309012876,0.318584071,0.699773256,0.245773732,0.376764387,0.539870462,Moderate
0.25732899,0.422608696,0.13304721,0.488938053,0.742153922,0.33289987,0.403908795,0.680683806,Moderate
0.172638436,0.337391304,0.339055794,0.404867257,0.67116905,0.44473342,0.344191097,0.434359892,Good
0.335504886,0.353043478,0.214592275,0.404867257,0.755263688,0.501950585,0.275787188,0.536741652,Moderate
0.114006515,0.234782609,0.347639485,0.296460177,0.646881004,0.397919376,0.035830619,0.454495655,Good
0.153094463,0.067826087,0.356223176,0.39159292,0.526019422,0.202860858,0.34310532,0.330289976,Good
0.244299674,0.340869565,0.180257511,0.32079646,0.665767524,0.578673602,0.252985885,0.702660691,Moderate
0.394136808,0.547826087,0.077253219,0.424778761,0.693328019,0.44343303,0.448425624,0.613857554,Poor
0.306188925,0.328695652,0.111587983,0.329646018,0.693328019,0.200260078,0.422366992,0.42258289,Moderate
0.615635179,0.44,0.107296137,0.334070796,0.771349812,0.387516255,0.231270358,0.622739023,Poor
0.260586319,0.344347826,0.214592275,0.298672566,0.499367229,0.503250975,0.474484256,0.581691478,Moderate
0.117263844,0.20173913,0.369098712,0.411504425,0.587475542,0.323797139,0.246471227,0.401558407,Good
0.104234528,0.286956522,0.364806867,0.292035398,0.674707036,0.297789337,0.086862106,0.367475536,Good
0.153094463,0.205217391,0.347639485,0.219026549,0.646881004,0.196358908,0.206297503,0.454495655,Good
0.338762215,0.406956522,0.150214592,0.241150442,0.768940633,0.104031209,0.613463626,0.610277134,Moderate
0.133550489,0.083478261,0.330472103,0.225663717,0.592387577,0.461638492,0.117263844,0.387229109,Good
0.237785016,0.43826087,0.223175966,0.28539823,0.725469071,0.420026008,0.414766558,0.432930713,Moderate
0.136807818,0.213913043,0.751072961,0.17699115,0.54135514,0.370611183,0.06514658,0.356686711,Good
0.599348534,0.504347826,0.064377682,0.35840708,0.884483093,0.577373212,0.543973941,0.598518264,Poor
0.381107492,0.676521739,0.098712446,0.415929204,0.844721134,0.579973992,0.324647123,0.537529156,Poor
0.641693811,0.75826087,0.103004292,0.692477876,0.815262679,0.501950585,0.69815418,0.808463746,Hazardous
0.237785016,0.393043478,0.128755365,0.274336283,0.803926442,0.179453836,0.563517915,0.527834868,Moderate
0.563517915,0.608695652,0.090128755,0.659292035,0.803926442,0.44603381,0.812160695,0.700829628,Hazardous
0.06514658,0.31826087,0.360515021,0.292035398,0.566814114,0.055916775,0.352877307,0.496009538,Good
0.371335505,0.217391304,0.120171674,0.132743363,0.743495898,0.22626788,0.200868621,0.615870842,Moderate
0.263843648,0.231304348,0.424892704,0.409292035,0.558609226,0.453836151,0.352877307,0.52447932,Moderate
0.706840391,0.429565217,0.300429185,0.639380531,0.853536028,0.629388817,0.372421281,0.617861056,Hazardous
0.133550489,0.300869565,0.343347639,0.190265487,0.676457644,0.460338101,0.389793702,0.414794849,Good
0.114006515,0.205217391,0.356223176,0.272123894,0.502856414,0.175552666,0.228013029,0.539870462,Good
0.348534202,0.32173913,0.13304721,0.497787611,0.747479631,0.469440832,0.362649294,0.638368358,Poor
0.28990228,0.32,0.206008584,0.371681416,0.731153846,0.646293888,0.599348534,0.467906432,Moderate
0.254071661,0.372173913,0.300429185,0.526548673,0.669381327,0.594278283,0.604777416,0.828989434,Moderate
0.228013029,0.43826087,0.141630901,0.418141593,0.69169072,0.591677503,0.363735071,0.431489674,Moderate
0.28990228,0.302608696,0.145922747,0.634955752,0.704501653,0.253576073,0.258414767,0.552572689,Moderate
0.087947883,0.182608696,0.442060086,0.307522124,0.544313792,0.271781534,0.235613464,0.428571215,Good
0.120521173,0.330434783,0.484978541,0.265486726,0.678196221,0.481144343,0.102062975,0.414794849,Good
0.348534202,0.24173913,0.13304721,0.325221239,0.793160482,0.66189857,0.585233442,0.643991203,Moderate
0.57980456,0.419130435,0.051502146,0.502212389,0.756538058,0.752925878,0.499457112,0.490946665,Poor
0.136807818,0.12,0.416309013,0.353982301,0.646881004,0.22106632,0.356134636,0.569711265,Good
0.700325733,0.433043478,0.077253219,0.716814159,0.826112609,0.55656697,0.285559175,0.696794817,Poor
0.325732899,0.346086957,0.21888412,0.327433628,0.710671761,0.44603381,0.298588491,0.460720128,Moderate
0.110749186,0.28,0.339055794,0.294247788,0.656500485,0.231469441,0.34310532,0.383454086,Good
0.273615635,0.36,0.137339056,0.243362832,0.624335074,0.370611183,0.466883822,0.424099443,Moderate
0.384364821,0.553043478,0.120171674,0.398230088,0.842920686,0.379713914,0.66558089,0.797212983,Poor
0.390879479,0.587826087,0.042918455,0.449115044,0.798600732,0.494148244,0.145494028,0.631188246,Poor
0.250814332,0.403478261,0.115879828,0.360619469,0.806025722,0.270481144,0.275787188,0.605030686,Moderate
0.358306189,0.476521739,0.120171674,0.338495575,0.784205144,0.33550065,0.486427796,0.581691478,Moderate
0.078175896,0.316521739,0.527896996,0.280973451,0.672944229,0.351105332,0.243213898,0.497004636,Good
0.537459283,0.406956522,0.051502146,0.581858407,0.819262159,0.304291287,0.650380022,0.752235137,Poor
0.094462541,0.283478261,0.261802575,0.32300885,0.821238434,0.465539662,0.572204126,0.572944957,Moderate
0.524429967,0.393043478,0.055793991,0.407079646,0.722578047,0.78283485,0.292073833,0.843608904,Poor
0.110749186,0.373913043,0.540772532,0.329646018,0.519614982,0.254876463,0.040173724,0.70477281,Good
0.250814332,0.347826087,0.163090129,0.32079646,0.630685915,0.33159948,0.560260586,0.638368358,Moderate
0.345276873,0.180869565,0.115879828,0.539823009,0.663941077,0.591677503,0.312703583,0.557544438,Poor
0.361563518,0.19826087,0.060085837,0.415929204,0.594808283,0.625487646,0.510314875,0.699598103,Poor
0.16286645,0.213913043,0.454935622,0.194690265,0.632767917,0.423927178,0.46145494,0.375648537,Good
0.403908795,0.377391304,0.145922747,0.422566372,0.762815349,0.534460338,0.533116178,0.670393395,Hazardous
0.127035831,0.147826087,0.356223176,0.14159292,0.67116905,0.488946684,0.19218241,0.529488635,Good
0.156351792,0.326956522,0.416309013,0.334070796,0.577355718,0.371911573,0.127035831,0.325027627,Good
0.218241042,0.269565217,0.180257511,0.42699115,0.79205825,0.460338101,0.217155266,0.737229801,Moderate
0.263843648,0.316521739,0.120171674,0.334070796,0.848284036,0.305591678,0.25732899,0.488879448,Moderate
0.169381107,0.123478261,0.330472103,0.460176991,0.640928685,0.302990897,0.172638436,0.442696415,Good
0.38762215,0.271304348,0.124463519,0.438053097,0.847398004,0.786736021,0.484256243,0.608719776,Poor
0.478827362,0.426086957,0.223175966,0.526548673,0.821238434,0.734720416,0.817589577,0.39983059,Poor
0.328990228,0.24173913,0.223175966,0.311946903,0.756538058,0.269180754,0.491856678,0.667443953,Moderate
0.319218241,0.448695652,0.115879828,0.360619469,0.622182194,0.459037711,0.116178067,0.459492956,Moderate
0.13029316,0.262608696,0.399141631,0.292035398,0.620010834,0.171651495,0.395222584,0.605562521,Good
0.54723127,0.453913043,0.201716738,0.418141593,0.674707036,0.451235371,0.599348534,0.490946665,Poor
0.071661238,0.234782609,0.326180258,0.294247788,0.477356668,0.304291287,0.325732899,0.327678735,Good
0.882736156,0.676521739,0.25751073,0.707964602,0.865382561,0.712613784,0.745928339,0.877211912,Hazardous
0.325732899,0.64,0.068669528,0.409292035,0.808107725,0.413524057,0.370249729,0.50852118,Poor
0.276872964,0.405217391,0.13304721,0.309734513,0.701359229,0.576072822,0.295331162,0.624652477,Moderate
0.674267101,0.314782609,0.120171674,0.460176991,0.795350642,0.483745124,0.391965255,0.492989562,Poor
0.319218241,0.292173913,0.154506438,0.376106195,0.706058347,0.452535761,0.137893594,0.356686711,Moderate
0.035830619,0.253913043,0.536480687,0.338495575,0.660248137,0.170351105,0.295331162,0.501896346,Good
0.110749186,0.175652174,0.463519313,0.252212389,0.650772802,0.349804941,0.261672096,0.184880864,Good
0.28990228,0.193043478,0.266094421,0.384955752,0.733949034,0.361508453,0.540716612,0.59232608,Moderate
0.179153094,0.187826087,0.330472103,0.331858407,0.613382633,0.409622887,0.133550489,0.490946665,Good
0.179153094,0.187826087,0.175965665,0.327433628,0.606576074,0.140442133,0.210640608,0.461938689,Moderate
0.123778502,0.297391304,0.343347639,0.225663717,0.715202542,0.209362809,0.211726384,0.212501529,Good
0.429967427,0.434782609,0.115879828,0.311946903,0.81425285,0.505851756,0.436482085,0.56237779,Poor
0.042345277,0.12173913,0.326180258,0.25,0.632767917,0.21846554,0.110749186,0.567080242,Good
0.110749186,0.142608696,0.343347639,0.192477876,0.630685915,0.364109233,0.31053203,0.510368476,Good
0.517915309,0.56173913,0.077253219,0.431415929,0.752695525,0.587776333,0.662323561,0.611820648,Hazardous
0.293159609,0.563478261,0.042918455,0.555309735,0.698177277,0.626788036,0.491856678,0.691372978,Poor
0.524429967,0.68,0.072961373,0.730088496,0.779605711,0.611183355,0.300760043,0.58590489,Poor
0.361563518,0.224347826,0.111587983,0.371681416,0.780763433,0.501950585,0.283387622,0.6747257,Moderate
0.185667752,0.260869565,0.175965665,0.626106195,0.681637932,0.343302991,0.312703583,0.437183437,Moderate
0.563517915,0.523478261,0.055793991,0.60840708,0.797522002,0.574772432,0.487513572,0.578618049,Poor
0.570032573,0.506086957,0.081545064,0.818584071,0.828036283,0.767230169,0.533116178,0.615870842,Hazardous
0.153094463,0.196521739,0.416309013,0.230088496,0.667580879,0.211963589,0.197611292,0.319600803,Good
0.208469055,0.333913043,0.21888412,0.305309735,0.75780604,0.55656697,0.5917481,0.551125646,Moderate
0.42019544,0.805217391,0.21888412,0.811946903,0.786473876,0.694408322,0.78393051,0.723517328,Hazardous
0.107491857,0.328695652,0.386266094,0.216814159,0.67992293,0.451235371,0.260586319,0.371610117,Good
0.084690554,0.116521739,0.343347639,0.150442478,0.672944229,0.505851756,0.274701412,0.572944957,Good
0.120521173,0.20173913,0.326180258,0.190265487,0.624335074,0.149544863,0.161780673,0.591176114,Good
0.127035831,0.177391304,0.339055794,0.347345133,0.683341385,0.348504551,0.180238871,0.519321192,Good
0.778501629,0.587826087,0.193133047,0.630530973,0.941236338,0.461638492,0.433224756,0.574856656,Hazardous
0.156351792,0.083478261,0.369098712,0.183628319,0.67116905,0.159947984,0.152008686,0.567741744,Good
0.208469055,0.566956522,0.042918455,0.617256637,0.799674882,0.306892068,0.539630836,0.790021718,Poor
0.140065147,0.187826087,0.356223176,0.325221239,0.628586634,0.366710013,0.042345277,0.377633064,Good
0.107491857,0.295652174,0.381974249,0.267699115,0.701359229,0.124837451,0.081433225,0.41319443,Good
0.16286645,0.182608696,0.343347639,0.256637168,0.632767917,0.33680104,0.148751357,0.327678735,Good
0.407166124,0.448695652,0.077253219,0.517699115,0.806025722,0.637191157,0.508143322,0.512196327,Poor
0.312703583,0.266086957,0.399141631,0.351769912,0.683341385,0.236671001,0.425624321,0.678952543,Moderate
0.153094463,0.194782609,0.480686695,0.254424779,0.654605631,0.188556567,0.222584148,0.365370732,Good
0.576547231,0.530434783,0.150214592,0.544247788,0.761572291,0.784135241,0.682953312,0.791665916,Poor
0.123778502,0.323478261,0.373390558,0.276548673,0.617820675,0.2236671,0.460369164,0.615870842,Good
0.110749186,0.126956522,0.592274678,0.152654867,0.624335074,0.141742523,0.42888165,0.47925977,Good
0.06514658,0.107826087,0.424892704,0.274336283,0.658381251,0.469440832,0.45276873,0.596851267,Good
0.263843648,0.273043478,0.13304721,0.276548673,0.660248137,0.392717815,0.560260586,0.673293575,Moderate
0.172638436,0.206956522,0.64806867,0.280973451,0.592387577,0.368010403,0.111834962,0.432930713,Good
0.306188925,0.537391304,0.21888412,0.265486726,0.712191056,0.461638492,0.488599349,0.631645807,Moderate
0.221498371,0.39826087,0.17167382,0.511061947,0.771349812,0.291287386,0.46145494,0.438578177,Moderate
0.071661238,0.179130435,0.326180258,0.340707965,0.561373864,0.485045514,0.074918567,0.458257049,Good
0.537459283,0.365217391,0.090128755,0.32300885,0.615611387,0.717815345,0.434310532,0.567080242,Poor
0.54723127,0.570434783,0.012875536,0.559734513,0.844721134,0.830949285,0.681867535,0.602346796,Hazardous
0.159609121,0.257391304,0.128755365,0.298672566,0.707605519,0.273081925,0.250814332,0.613350563,Moderate
0.06514658,0.125217391,0.39055794,0.25,0.617820675,0.035110533,0.167209555,0.409948649,Good
0.498371336,0.28173913,0.072961373,0.382743363,0.89054235,0.635890767,0.484256243,0.512196327,Poor
0.117263844,0.086956522,0.472103004,0.221238938,0.656500485,0.139141743,0.308360478,0.439961804,Good
0.208469055,0.253913043,0.184549356,0.398230088,0.739448421,0.236671001,0.168295331,0.487836536,Moderate
0.094462541,0.137391304,0.424892704,0.269911504,0.690042754,0.198959688,0.48534202,0.516683507,Good
0.885993485,0.817391304,0.051502146,0.46460177,0.867030527,0.55396619,0.728555917,0.654718484,Hazardous
0.25732899,0.266086957,0.167381974,0.506637168,0.550129263,0.460338101,0.361563518,0.489916133,Moderate
0.342019544,0.231304348,0.163090129,0.35840708,0.622182194,0.599479844,0.221498371,0.624176087,Moderate
0.306188925,0.459130435,0.128755365,0.402654867,0.819262159,0.589076723,0.453854506,0.769385722,Poor
0.074918567,0.306086957,0.373390558,0.351769912,0.597206044,0.284785436,0.221498371,0.172472428,Good
0.67752443,0.422608696,0.08583691,0.39159292,0.842015634,0.462938882,0.878393051,0.626073857,Hazardous
0.442996743,0.699130435,0.13304721,0.46460177,0.844721134,0.758127438,0.704668838,0.473675874,Hazardous
0.273615635,0.337391304,0.236051502,0.35619469,0.719653599,0.325097529,0.190010858,0.547454384,Moderate
0.149837134,0.208695652,0.43776824,0.336283186,0.672944229,0.392717815,0.325732899,0.292833429,Good
0.534201954,0.664347826,0.094420601,0.637168142,0.721120049,0.496749025,0.637350706,0.82647816,Poor
0.426710098,0.551304348,0.090128755,0.519911504,0.761572291,0.547464239,0.527687296,0.754051041,Poor
0.35504886,0.189565217,0.197424893,0.309734513,0.694954789,0.308192458,0.517915309,0.517567195,Moderate
0.42019544,0.20173913,0.072961373,0.493362832,0.788722441,0.456436931,0.597176982,0.684432894,Poor
0.156351792,0.292173913,0.52360515,0.345132743,0.674707036,0.4473342,0.385450597,0.387229109,Good
0.114006515,0.076521739,0.472103004,0.210176991,0.59958129,0.386215865,0.383279045,0.448039736,Good
0.146579805,0.168695652,0.536480687,0.225663717,0.626469786,0.457737321,0.217155266,0.596851267,Good
0.026058632,0.109565217,0.373390558,0.387168142,0.669381327,0.508452536,0.441910966,0.496009538,Good
0.338762215,0.693913043,0.072961373,0.25,0.748793722,0.574772432,0.516829533,0.772864862,Poor
0.410423453,0.507826087,0.042918455,0.528761062,0.806025722,0.836150845,0.501628664,0.608719776,Poor
0.48534202,0.471304348,0.231759657,0.539823009,0.779605711,0.451235371,0.546145494,0.613857554,Poor
0.410423453,0.473043478,0.055793991,0.382743363,0.834656224,0.263979194,0.312703583,0.729601449,Poor
0.416938111,0.340869565,0.21888412,0.35840708,0.67116905,0.228868661,0.115092291,0.496009538,Moderate
0.631921824,0.613913043,0.180257511,0.637168142,0.823199389,0.674902471,0.560260586,0.826626891,Hazardous
0.254071661,0.617391304,0.111587983,0.449115044,0.628586634,0.412223667,0.295331162,0.75982491,Poor
0.302931596,0.353043478,0.557939914,0.387168142,0.764052329,0.145643693,0.540716612,0.53030965,Moderate
0.169381107,0.229565217,0.330472103,0.139380531,0.572139824,0.22236671,0.163952226,0.463148758,Good
0.286644951,0.224347826,0.137339056,0.455752212,0.719653599,0.188556567,0.57111835,0.624652477,Moderate
0.104234528,0.220869565,0.343347639,0.119469027,0.652696476,0.397919376,0.200868621,0.467906432,Good
0.28990228,0.375652174,0.188841202,0.307522124,0.75780604,0.386215865,0.315960912,0.563734392,Moderate
0.439739414,0.525217391,0.420600858,0.491150442,0.748793722,0.473342003,0.648208469,0.597408713,Poor
0.120521173,0.212173913,0.394849785,0.449115044,0.569490985,0.420026008,0.255157438,0.542180618,Good
0.117263844,0.20173913,0.433476395,0.225663717,0.642928394,0.511053316,0.173724213,0.446719241,Good
0.51465798,0.539130435,0.0472103,0.537610619,0.713701281,0.589076723,0.313789359,0.581081129,Poor
0.276872964,0.36,0.111587983,0.418141593,0.710671761,0.325097529,0.356134636,0.35444611,Moderate
0.270358306,0.252173913,0.128755365,0.362831858,0.721120049,0.211963589,0.431053203,0.460720128,Moderate
0.048859935,0.052173913,0.639484979,0.139380531,0.644912419,0.253576073,0.159609121,0.403269202,Good
0.081433225,0.257391304,0.39055794,0.276548673,0.630685915,0.192457737,0.444082519,0.613350563,Good
0.560260586,0.709565217,0.004291845,0.413716814,0.813238973,0.790637191,0.703583062,0.739208674,Hazardous
0.553745928,0.596521739,0.004291845,0.517699115,0.658381251,0.855656697,0.384364821,0.669660718,Hazardous
0.143322476,0.104347826,0.394849785,0.300884956,0.644912419,0.193758127,0.13897937,0.598518264,Good
0.03257329,0.132173913,0.343347639,0.362831858,0.678196221,0.230169051,0.199782845,0.437183437,Good
0.306188925,0.436521739,0.515021459,0.451327434,0.811198947,0.595578674,0.391965255,0.47480711,Moderate
0.110749186,0.353043478,0.407725322,0.263274336,0.624335074,0.118335501,0.205211726,0.361083002,Good
0.13029316,0.097391304,0.339055794,0.075221239,0.660248137,0.055916775,0.229098806,0.571011977,Good
0.250814332,0.493913043,0.270386266,0.455752212,0.656500485,0.418725618,0.587404995,0.64861079,Moderate
0.504885993,0.523478261,0.038626609,0.258849558,0.833721059,0.357607282,0.46145494,0.697108538,Poor
0.521172638,0.500869565,0.038626609,0.376106195,0.824174195,0.297789337,0.604777416,0.523630202,Poor
0.169381107,0.52173913,0.223175966,0.280973451,0.778442666,0.460338101,0.570032573,0.652706362,Moderate
0.394136808,0.422608696,0.154506438,0.446902655,0.787600657,0.654096229,0.471226927,0.608719776,Poor
0.400651466,0.28,0.227467811,0.373893805,0.776100409,0.230169051,0.575461455,0.40830272,Moderate
0.400651466,0.544347826,0.120171674,0.422566372,0.766508289,0.650195059,0.575461455,0.619338888,Poor
0.153094463,0.340869565,0.39055794,0.311946903,0.709143286,0.360208062,0.350705755,0.347545431,Good
0.120521173,0.323478261,0.347639485,0.232300885,0.59958129,0.096228869,0.095548317,0.308210214,Good
0.117263844,0.295652174,0.330472103,0.261061947,0.608865337,0.094928479,0.229098806,0.542943891,Good
0.540716612,0.39826087,0.163090129,0.424778761,0.793160482,0.681404421,0.507057546,0.77883945,Poor
0.540716612,0.532173913,0.051502146,0.522123894,0.892777668,0.762028609,0.439739414,0.623219367,Poor
0.576547231,0.596521739,0.072961373,0.32300885,0.864554535,0.637191157,0.42888165,0.781558766,Poor
0.114006515,0.344347826,0.124463519,0.420353982,0.638913042,0.291287386,0.222584148,0.471391048,Moderate
0.57980456,0.366956522,0.150214592,0.612831858,0.79205825,0.742522757,0.370249729,0.714397875,Hazardous
0.263843648,0.309565217,0.253218884,0.365044248,0.739448421,0.626788036,0.320304017,0.389086284,Moderate
0.127035831,0.144347826,0.377682403,0.238938053,0.681637932,0.230169051,0.077090119,0.53355543,Good
0.188925081,0.426086957,0.201716738,0.542035398,0.728327427,0.136540962,0.661237785,0.687109544,Moderate
0.433224756,0.455652174,0.30472103,0.668141593,0.815262679,0.308192458,0.622149837,0.784425824,Poor
0.19218241,0.44,0.484978541,0.449115044,0.656500485,0.355006502,0.331161781,0.757847915,Moderate
0.374592834,0.257391304,0.141630901,0.471238938,0.728327427,0.591677503,0.543973941,0.57548924,Moderate
0.247557003,0.28,0.145922747,0.298672566,0.699773256,0.248374512,0.498371336,0.6465262,Moderate
0.078175896,0.116521739,0.326180258,0.112831858,0.634832924,0.312093628,0.312703583,0.441334493,Good
0.270358306,0.44,0.115879828,0.316371681,0.709143286,0.585175553,0.407166124,0.495008704,Moderate
0.143322476,0.100869565,0.339055794,0.165929204,0.669381327,0.340702211,0.457111835,0.552572689,Good
0.335504886,0.206956522,0.055793991,0.420353982,0.767727385,0.520156047,0.497285559,0.599070392,Poor
0.286644951,0.420869565,0.339055794,0.345132743,0.746158679,0.373211964,0.524429967,0.480355321,Moderate
0.136807818,0.203478261,0.369098712,0.174778761,0.535331954,0.119635891,0.385450597,0.50665402,Good
0.371335505,0.429565217,0.154506438,0.287610619,0.67116905,0.486345904,0.129207383,0.707155615,Moderate
0.120521173,0.133913043,0.343347639,0.21460177,0.648834387,0.145643693,0.220412595,0.617365637,Good
0.182410423,0.097391304,0.450643777,0.305309735,0.644912419,0.456436931,0.524429967,0.548932216,Good
0.127035831,0.295652174,0.429184549,0.216814159,0.519614982,0.239271782,0.195439739,0.39983059,Good
0.32247557,0.248695652,0.124463519,0.533185841,0.676457644,0.605981795,0.146579805,0.482525902,Moderate
0.123778502,0.222608696,0.343347639,0.172566372,0.642928394,0.33550065,0.456026059,0.487836536,Good
0.146579805,0.23826087,0.394849785,0.261061947,0.624335074,0.054616385,0.174809989,0.311128673,Good
0.254071661,0.35826087,0.356223176,0.347345133,0.701359229,0.302990897,0.198697068,0.484669685,Moderate
0.091205212,0.224347826,0.364806867,0.296460177,0.663941077,0.287386216,0.490770901,0.335397527,Good
0.03257329,0.144347826,0.334763948,0.303097345,0.620010834,0.317295189,0.165038002,0.571011977,Good
0.615635179,0.285217391,0.120171674,0.544247788,0.526019422,0.737321196,0.464712269,0.403269202,Poor
0.35504886,0.486956522,0.553648069,0.35840708,0.875907293,0.728218466,0.576547231,0.601261516,Poor
0.553745928,0.523478261,0.017167382,0.774336283,0.909982838,0.957087126,0.604777416,0.655118126,Hazardous
0.306188925,0.35826087,0.21888412,0.39380531,0.762815349,0.386215865,0.304017372,0.569057237,Moderate
0.234527687,0.165217391,0.240343348,0.221238938,0.589943482,0.270481144,0.179153094,0.430036576,Moderate
0.120521173,0.267826087,0.484978541,0.269911504,0.630685915,0.503250975,0.147665581,0.282908201,Good
0.081433225,0.295652174,0.373390558,0.245575221,0.606576074,0.44083225,0.100977199,0.403269202,Good
0.127035831,0.292173913,0.433476395,0.203539823,0.626469786,0.314694408,0.438653637,0.518446408,Good
0.120521173,0.245217391,0.527896996,0.212389381,0.597206044,0.035110533,0.05320304,0.568400737,Good
0.133550489,0.302608696,0.347639485,0.25,0.592387577,0.530559168,0.386536374,0.619338888,Good
0.091205212,0.116521739,0.343347639,0.232300885,0.674707036,0.188556567,0.076004343,0.505712856,Good
0.149837134,0.243478261,0.420600858,0.194690265,0.630685915,0.208062419,0.220412595,0.466729178,Good
0.127035831,0.052173913,0.429184549,0.329646018,0.611134068,0.429128739,0.429967427,0.398085407,Good
0.133550489,0.31826087,0.484978541,0.154867257,0.704501653,0.379713914,0.08577633,0.492989562,Good
0.348534202,0.436521739,0.137339056,0.230088496,0.658381251,0.192457737,0.174809989,0.718047767,Moderate
0.117263844,0.273043478,0.416309013,0.280973451,0.672944229,0.248374512,0.319218241,0.472537219,Good
0.433224756,0.413913043,0.128755365,0.630530973,0.740804789,0.352405722,0.491856678,0.555431095,Poor
0.488599349,0.295652174,0.193133047,0.469026549,0.790951194,0.758127438,0.317046688,0.714113911,Poor
0.67752443,0.659130435,0.034334764,0.699115044,0.815262679,0.55526658,0.857763301,0.666698698,Hazardous
0.400651466,0.403478261,0.184549356,0.451327434,0.748793722,0.503250975,0.348534202,0.467906432,Moderate
0.175895765,0.083478261,0.703862661,0.269911504,0.632767917,0.265279584,0.232356135,0.352176218,Good
0.693811075,0.443478261,0.090128755,0.619469027,0.739448421,0.526657997,0.276872964,0.652301124,Poor
0.306188925,0.295652174,0.330472103,0.475663717,0.584983287,0.613784135,0.436482085,0.503815086,Moderate
0.172638436,0.208695652,0.347639485,0.139380531,0.589943482,0.270481144,0.28990228,0.582905779,Good
0.156351792,0.109565217,0.386266094,0.212389381,0.658381251,0.453836151,0.092290988,0.428571215,Good
0.570032573,0.566956522,0.317596567,0.378318584,0.709143286,0.566970091,0.436482085,0.671122994,Poor
0.977198697,0.646956522,0.012875536,0.566371681,0.828992662,0.682704811,0.771986971,0.594036874,Hazardous
0.28990228,0.342608696,0.412017167,0.207964602,0.750101021,0.505851756,0.434310532,0.545963866,Moderate
0.127035831,0.088695652,0.412017167,0.318584071,0.67116905,0.091027308,0.225841477,0.411579123,Good
0.13029316,0.292173913,0.167381974,0.345132743,0.648834387,0.420026008,0.491856678,0.754951921,Moderate
0.250814332,0.526956522,0.145922747,0.628318584,0.667580879,0.44083225,0.427795874,0.621774331,Poor
0.348534202,0.32,0.223175966,0.296460177,0.660248137,0.498049415,0.598262758,0.540643934,Moderate
0.345276873,0.330434783,0.115879828,0.382743363,0.835587944,0.600780234,0.498371336,0.439961804,Moderate
0.283387622,0.255652174,0.120171674,0.376106195,0.713701281,0.533159948,0.593919653,0.799834737,Moderate
0.328990228,0.671304348,0.064377682,0.325221239,0.829945438,0.388816645,0.626492942,0.685776376,Poor
0.716612378,0.483478261,0.094420601,0.256637168,0.788722441,0.639791938,0.557003257,0.741408278,Hazardous
0.589576547,0.492173913,0.064377682,0.612831858,0.783063102,0.605981795,0.500542888,0.692342157,Poor
0.358306189,0.469565217,0.111587983,0.329646018,0.724027689,0.387516255,0.398479913,0.741165249,Poor
0.416938111,0.448695652,0.103004292,0.542035398,0.767727385,0.546163849,0.47339848,0.634366138,Poor
0.462540717,0.627826087,0.090128755,0.64380531,0.846508858,0.719115735,0.78393051,0.828401805,Hazardous
0.25732899,0.236521739,0.283261803,0.365044248,0.68671426,0.388816645,0.546145494,0.529488635,Moderate
0.768729642,0.660869565,0.077253219,0.411504425,0.878275128,0.66319896,0.71009772,0.760261202,Hazardous
0.188925081,0.32,0.120171674,0.451327434,0.728327427,0.587776333,0.19218241,0.597964375,Moderate
0.117263844,0.163478261,0.416309013,0.190265487,0.654605631,0.054616385,0.220412595,0.454495655,Good
0.114006515,0.24,0.442060086,0.174778761,0.604265903,0.143042913,0.061889251,0.432930713,Good
0.117263844,0.307826087,0.334763948,0.296460177,0.626469786,0.267880364,0.435396308,0.421052975,Good
0.136807818,0.328695652,0.356223176,0.203539823,0.555814039,0.381014304,0.376764387,0.373641067,Good
0.25732899,0.2,0.291845494,0.413716814,0.752695525,0.282184655,0.429967427,0.539093529,Moderate
0.517915309,0.248695652,0.051502146,0.482300885,0.770148091,0.423927178,0.54723127,0.717212268,Poor
0.570032573,0.429565217,0.008583691,0.723451327,0.903667235,0.672301691,0.483170467,0.710088864,Hazardous
0.244299674,0.353043478,0.137339056,0.349557522,0.726902286,0.180754226,0.195439739,0.398085407,Moderate
0.104234528,0.24173913,0.43776824,0.278761062,0.608865337,0.357607282,0.385450597,0.621289967,Good
0.491856678,0.486956522,0.051502146,0.703539823,0.864554535,0.490247074,0.621064061,0.76177965,Hazardous
0.149837134,0.234782609,0.433476395,0.203539823,0.646881004,0.165149545,0.052117264,0.428571215,Good
0.104234528,0.323478261,0.330472103,0.234513274,0.678196221,0.098829649,0.165038002,0.498977887,Good
0.377850163,0.156521739,0.236051502,0.309734513,0.793160482,0.283485046,0.448425624,0.539093529,Moderate
0.293159609,0.116521739,0.214592275,0.424778761,0.764052329,0.578673602,0.47339848,0.688102745,Moderate
0.068403909,0.16173913,0.39055794,0.194690265,0.681637932,0.353706112,0.233441911,0.33286253,Good
0.260586319,0.252173913,0.145922747,0.398230088,0.799674882,0.568270481,0.294245385,0.489916133,Moderate
0.055374593,0.28173913,0.712446352,0.280973451,0.57992388,0.158647594,0.519001086,0.632102165,Good
0.153094463,0.172173913,0.364806867,0.258849558,0.658381251,0.232769831,0.302931596,0.39983059,Good
0.566775244,0.605217391,0.008583691,0.615044248,0.807068866,0.815344603,0.610206298,0.681714338,Hazardous
0.286644951,0.226086957,0.334763948,0.524336283,0.780763433,0.362808843,0.129207383,0.577996781,Moderate
0.055374593,0.100869565,0.369098712,0.274336283,0.646881004,0.092327698,0.184581976,0.53355543,Good
0.087947883,0.253913043,0.377682403,0.376106195,0.650772802,0.33550065,0.089033659,0.439961804,Good
0.319218241,0.229565217,0.326180258,0.491150442,0.779605711,0.629388817,0.504885993,0.446719241,Moderate
0.250814332,0.495652174,0.128755365,0.327433628,0.577355718,0.456436931,0.427795874,0.460720128,Moderate
0.172638436,0.083478261,0.399141631,0.203539823,0.644912419,0.381014304,0.358306189,0.379595166,Good
0.104234528,0.351304348,0.480686695,0.077433628,0.660248137,0.196358908,0.400651466,0.058426459,Good
0.094462541,0.332173913,0.429184549,0.042035398,0.608865337,0.097529259,0.13029316,0.535950561,Good
0.641693811,0.633043478,0.180257511,0.544247788,0.81425285,0.533159948,0.527687296,0.721077322,Hazardous
0.127035831,0.20173913,0.381974249,0.336283186,0.622182194,0.33289987,0.342019544,0.313998891,Good
0.381107492,0.502608696,0.012875536,0.53539823,0.842920686,0.44213264,0.68946797,0.879419751,Hazardous
0.06514658,0.326956522,0.39055794,0.075221239,0.615611387,0.079323797,0.114006515,0.42258289,Good
0.146579805,0.224347826,0.343347639,0.252212389,0.648834387,0.299089727,0.040173724,0.463148758,Good
0.068403909,0.248695652,0.321888412,0.303097345,0.597206044,0.284785436,0.438653637,0.460720128,Good
0.13029316,0.140869565,0.420600858,0.367256637,0.674707036,0.475942783,0.456026059,0.478157263,Good
0.35504886,0.299130435,0.124463519,0.311946903,0.674707036,0.547464239,0.324647123,0.605562521,Moderate
0.475570033,0.754782609,0.055793991,0.475663717,0.801809594,0.791937581,0.487513572,0.612332119,Hazardous
0.276872964,0.377391304,0.206008584,0.331858407,0.750101021,0.617685306,0.199782845,0.50852118,Moderate
0.123778502,0.083478261,0.424892704,0.205752212,0.662101346,0.326397919,0.472312704,0.387229109,Good
0.09771987,0.307826087,0.467811159,0.152654867,0.626469786,0.11573472,0.176981542,0.342787758,Good
0.576547231,0.476521739,0.137339056,0.484513274,0.773736263,0.276983095,0.382193268,0.64270969,Poor
0.16286645,0.208695652,0.416309013,0.185840708,0.488601269,0.392717815,0.395222584,0.375648537,Good
0.270358306,0.490434783,0.274678112,0.42920354,0.678196221,0.517555267,0.165038002,0.59289822,Moderate
0.527687296,0.313043478,0.060085837,0.559734513,0.858681193,0.750325098,0.395222584,0.55963237,Poor
0.195439739,0.353043478,0.334763948,0.53539823,0.771349812,0.420026008,0.128121607,0.682738791,Moderate
0.280130293,0.297391304,0.236051502,0.353982301,0.762815349,0.352405722,0.402823018,0.58590489,Moderate
0.270358306,0.24,0.141630901,0.561946903,0.704501653,0.464239272,0.31053203,0.607673723,Moderate
0.312703583,0.328695652,0.231759657,0.378318584,0.718178599,0.3289987,0.42019544,0.551850675,Moderate
0.325732899,0.452173913,0.120171674,0.219026549,0.772545852,0.412223667,0.497285559,0.621289967,Moderate
0.234527687,0.380869565,0.180257511,0.396017699,0.746158679,0.197659298,0.143322476,0.482525902,Moderate
0.094462541,0.184347826,0.407725322,0.289823009,0.55298762,0.349804941,0.069489685,0.473675874,Good
0.100977199,0.146086957,0.579399142,0.161504425,0.604265903,0.234070221,0.445168295,0.532749655,Good
0.123778502,0.250434783,0.536480687,0.181415929,0.685033444,0.538361508,0.114006515,0.490946665,Good
0.270358306,0.450434783,0.193133047,0.278761062,0.777274248,0.22236671,0.307274701,0.638368358,Moderate
0.068403909,0.125217391,0.360515021,0.325221239,0.636881209,0.236671001,0.323561346,0.396322506,Good
0.107491857,0.285217391,0.39055794,0.309734513,0.628586634,0.204161248,0.273615635,0.608719776,Good
0.087947883,0.219130435,0.334763948,0.188053097,0.587475542,0.270481144,0.263843648,0.253280066,Good
0.094462541,0.290434783,0.420600858,0.185840708,0.558609226,0.301690507,0.373507058,0.548194872,Good
0.280130293,0.260869565,0.150214592,0.588495575,0.589943482,0.344603381,0.525515744,0.712400302,Moderate
0.094462541,0.373913043,0.180257511,0.14159292,0.732555301,0.582574772,0.432138979,0.358898769,Moderate
0.283387622,0.429565217,0.175965665,0.351769912,0.731153846,0.265279584,0.306188925,0.58229969,Moderate
0.117263844,0.166956522,0.480686695,0.362831858,0.667580879,0.470741222,0.344191097,0.457012282,Good
0.218241042,0.372173913,0.145922747,0.267699115,0.626469786,0.44083225,0.293159609,0.640117937,Moderate
0.267100977,0.23826087,0.107296137,0.548672566,0.704501653,0.386215865,0.20412595,0.694900498,Moderate
0.361563518,0.502608696,0.107296137,0.75,0.810172731,0.409622887,0.429967427,0.787432726,Poor
0.146579805,0.156521739,0.369098712,0.353982301,0.626469786,0.431729519,0.309446254,0.308210214,Good
0.586319218,0.469565217,0.150214592,0.747787611,0.837441153,0.976592978,0.444082519,0.579853956,Hazardous
0.153094463,0.323478261,0.403433476,0.35840708,0.506298125,0.392717815,0.4082519,0.387229109,Good
0.149837134,0.163478261,0.381974249,0.331858407,0.69169072,0.2236671,0.38762215,0.483601102,Good
0.534201954,0.474782609,0.055793991,0.438053097,0.744830792,0.517555267,0.524429967,0.843203981,Poor
0.133550489,0.292173913,0.347639485,0.28539823,0.716694947,0.014304291,0.147665581,0.401558407,Good
0.540716612,0.594782609,0.098712446,0.382743363,0.886772356,0.750325098,0.716612378,0.574221758,Hazardous
0.394136808,0.457391304,0.124463519,0.311946903,0.713701281,0.453836151,0.532030402,0.746198768,Moderate
0.342019544,0.490434783,0.115879828,0.168141593,0.718178599,0.260078023,0.637350706,0.500928966,Poor
0.45276873,0.370434783,0.038626609,0.466814159,0.706058347,0.384915475,0.26927253,0.674368774,Poor
0.631921824,0.467826087,0.158798283,0.449115044,0.747479631,0.472041612,0.512486428,0.568400737,Poor
0.273615635,0.40173913,0.111587983,0.508849558,0.768940633,0.22756827,0.238870793,0.557544438,Moderate
0.188925081,0.236521739,0.326180258,0.444690265,0.715202542,0.466840052,0.095548317,0.663304892,Moderate
0.182410423,0.44173913,0.244635193,0.475663717,0.744830792,0.565669701,0.33441911,0.535950561,Moderate
0.244299674,0.257391304,0.115879828,0.539823009,0.756538058,0.297789337,0.419109663,0.591752049,Moderate
0.117263844,0.179130435,0.399141631,0.21460177,0.620010834,0.200260078,0.380021716,0.417952103,Good
0.104234528,0.326956522,0.536480687,0.345132743,0.615611387,0.080624187,0.040173724,0.496009538,Good
0.110749186,0.156521739,0.35193133,0.243362832,0.492241071,0.407022107,0.300760043,0.619338888,Good
0.117263844,0.276521739,0.699570815,0.274336283,0.663941077,0.504551365,0.458197611,0.531940124,Good
0.140065147,0.193043478,0.377682403,0.283185841,0.704501653,0.491547464,0.307274701,0.525324306,Good
0.166123779,0.260869565,0.154506438,0.400442478,0.628586634,0.505851756,0.281216069,0.810106561,Moderate
0.084690554,0.283478261,0.403433476,0.243362832,0.611134068,0.068920676,0.095548317,0.373641067,Good
0.263843648,0.290434783,0.227467811,0.398230088,0.740804789,0.22496749,0.471226927,0.721894473,Moderate
0.260586319,0.2,0.407725322,0.294247788,0.743495898,0.44083225,0.395222584,0.497004636,Moderate
0.091205212,0.142608696,0.356223176,0.360619469,0.620010834,0.276983095,0.195439739,0.377633064,Good
0.143322476,0.114782609,0.339055794,0.225663717,0.594808283,0.027308192,0.128121607,0.352176218,Good
0.09771987,0.213913043,0.334763948,0.415929204,0.617820675,0.208062419,0.28990228,0.377633064,Good
0.091205212,0.297391304,0.330472103,0.254424779,0.702935321,0.260078023,0.33441911,0.445388628,Good
0.433224756,0.434782609,0.055793991,0.650442478,0.886011568,0.533159948,0.462540717,0.663685273,Poor
0.273615635,0.372173913,0.21888412,0.420353982,0.662101346,0.413524057,0.217155266,0.489916133,Moderate
0.241042345,0.307826087,0.145922747,0.440265487,0.728327427,0.420026008,0.308360478,0.613857554,Moderate
0.328990228,0.255652174,0.115879828,0.311946903,0.756538058,0.143042913,0.210640608,0.67293369,Moderate
0.348534202,0.473043478,0.300429185,0.457964602,0.532265712,0.356306892,0.346362649,0.673293575,Moderate
0.446254072,0.499130435,0.137339056,0.575221239,0.589943482,0.345903771,0.793702497,0.705072455,Poor
0.198697068,0.419130435,0.197424893,0.42699115,0.707605519,0.370611183,0.288816504,0.732181649,Moderate
0.407166124,0.445217391,0.120171674,0.506637168,0.800744489,0.689206762,0.530944625,0.473675874,Poor
0.560260586,0.603478261,0.060085837,0.506637168,0.748793722,0.456436931,0.369163952,0.745251184,Poor
0.127035831,0.224347826,0.343347639,0.238938053,0.69169072,0.102730819,0.349619978,0.349876261,Good
0.348534202,0.553043478,0.278969957,0.508849558,0.794257932,0.77243173,0.507057546,0.630729477,Poor
0.299674267,0.31826087,0.43776824,0.247787611,0.597206044,0.55786736,0.238870793,0.521919408,Moderate
0.231270358,0.572173913,0.004291845,0.442477876,0.759067697,0.531859558,0.479913138,0.610277134,Hazardous
0.237785016,0.297391304,0.163090129,0.336283186,0.811198947,0.361508453,0.517915309,0.404963305,Moderate
0.117263844,0.104347826,0.386266094,0.119469027,0.67116905,0.384915475,0.116178067,0.330289976,Good
0.410423453,0.431304348,0.0472103,0.469026549,0.608865337,0.66970091,0.431053203,0.584111646,Poor
0.25732899,0.406956522,0.236051502,0.236725664,0.812221017,0.214564369,0.262757872,0.450650976,Moderate
0.153094463,0.177391304,0.454935622,0.446902655,0.59958129,0.141742523,0.228013029,0.389086284,Good
0.403908795,0.370434783,0.072961373,0.648230088,0.572139824,0.750325098,0.370249729,0.844281684,Poor
0.250814332,0.488695652,0.300429185,0.46460177,0.747479631,0.512353706,0.432138979,0.550397577,Moderate
0.06514658,0.097391304,0.60944206,0.294247788,0.658381251,0.22496749,0.281216069,0.497004636,Good
0.195439739,0.286956522,0.214592275,0.42699115,0.806025722,0.410923277,0.467969598,0.595730978,Moderate
0.462540717,0.542608696,0.051502146,0.407079646,0.813238973,0.472041612,0.546145494,0.481444003,Poor
0.055374593,0.259130435,0.386266094,0.236725664,0.59958129,0.420026008,0.179153094,0.411579123,Good
0.54723127,0.464347826,0.081545064,0.261061947,0.811198947,0.507152146,0.574375679,0.662541619,Poor
0.495114007,0.56173913,0.124463519,0.654867257,0.809142335,0.524057217,0.65689468,0.637486914,Hazardous
0.628664495,0.754782609,0.012875536,0.586283186,0.851797452,0.478543563,0.826275787,0.698668694,Hazardous
0.429967427,0.55826087,0.090128755,0.336283186,0.67992293,0.586475943,0.602605863,0.769178879,Poor
0.498371336,0.660869565,0.072961373,0.369469027,0.827076275,0.611183355,0.580890337,0.64098616,Poor
0.270358306,0.267826087,0.25751073,0.449115044,0.797522002,0.592977893,0.39630836,0.550397577,Moderate
0.302931596,0.380869565,0.120171674,0.376106195,0.702935321,0.607282185,0.400651466,0.571658697,Moderate
0.13029316,0.182608696,0.343347639,0.35619469,0.665767524,0.326397919,0.285559175,0.454495655,Good
0.110749186,0.271304348,0.433476395,0.331858407,0.662101346,0.149544863,0.098805646,0.492989562,Good
0.583061889,0.577391304,0.077253219,0.690265487,0.869482519,0.626788036,0.639522258,0.798790781,Hazardous
0.250814332,0.32,0.330472103,0.367256637,0.636881209,0.409622887,0.535287731,0.514902525,Moderate
0.133550489,0.128695652,0.575107296,0.25,0.572139824,0.373211964,0.357220413,0.435777404,Good
0.270358306,0.64173913,0.103004292,0.336283186,0.613382633,0.769830949,0.389793702,0.510368476,Poor
0.602605863,0.846956522,0.008583691,0.418141593,0.89054235,0.797139142,0.553745928,0.740434115,Hazardous
0.081433225,0.339130435,0.373390558,0.223451327,0.597206044,0.11573472,0.435396308,0.373641067,Good
0.570032573,0.434782609,0.068669528,0.544247788,0.67116905,0.375812744,0.37567861,0.829428855,Poor
0.599348534,0.255652174,0.145922747,0.407079646,0.713701281,0.651495449,0.339847991,0.556138404,Poor
0.13029316,0.300869565,0.373390558,0.238938053,0.604265903,0.089726918,0.058631922,0.603425335,Good
0.094462541,0.177391304,0.364806867,0.181415929,0.574761214,0.524057217,0.451682953,0.428571215,Good
0.136807818,0.114782609,0.39055794,0.351769912,0.584983287,0.22496749,0.446254072,0.52866372,Good
0.241042345,0.300869565,0.167381974,0.349557522,0.755263688,0.587776333,0.454940282,0.541413976,Moderate
0.153094463,0.234782609,0.369098712,0.280973451,0.589943482,0.258777633,0.026058632,0.327678735,Good
0.25732899,0.386086957,0.248927039,0.39380531,0.788722441,0.317295189,0.19218241,0.659064755,Moderate
0.342019544,0.285217391,0.248927039,0.449115044,0.488601269,0.282184655,0.574375679,0.521919408,Moderate
0.576547231,0.466086957,0,0.488938053,0.849166975,0.88686606,0.793702497,0.792572676,Hazardous
0.081433225,0.144347826,0.334763948,0.210176991,0.604265903,0.262678804,0.416938111,0.196461436,Good
0.25732899,0.335652174,0.145922747,0.451327434,0.644912419,0.605981795,0.567861021,0.461938689,Moderate
0.654723127,0.704347826,0.004291845,0.442477876,0.776100409,0.78023407,0.678610206,0.707155615,Hazardous
0.469055375,0.570434783,0.068669528,0.495575221,0.770148091,0.292587776,0.324647123,0.7712363,Poor
0.381107492,0.486956522,0.038626609,0.522123894,0.861215056,0.426527958,0.388707926,0.639682192,Poor
0.149837134,0.128695652,0.356223176,0.207964602,0.592387577,0.438231469,0.261672096,0.482525902,Good
0.86970684,0.467826087,0.004291845,0.838495575,0.740804789,0.455136541,0.238870793,0.677554996,Hazardous
0.38762215,0.467826087,0.150214592,0.422566372,0.715202542,0.178153446,0.214983713,0.466729178,Moderate
0.149837134,0.264347826,0.579399142,0.349557522,0.652696476,0.189856957,0.318132465,0.619338888,Good
0.241042345,0.27826087,0.158798283,0.39380531,0.753982865,0.254876463,0.44082519,0.62795111,Moderate
0.260586319,0.657391304,0.111587983,0.526548673,0.779605711,0.413524057,0.32247557,0.53355543,Poor
0.286644951,0.293913043,0.163090129,0.314159292,0.699773256,0.512353706,0.581976113,0.617365637,Moderate
0.306188925,0.347826087,0.128755365,0.296460177,0.698177277,0.361508453,0.244299674,0.671122994,Moderate
0.397394137,0.313043478,0.055793991,0.550884956,0.733949034,0.3289987,0.733984799,0.584111646,Poor
0.140065147,0.092173913,0.403433476,0.261061947,0.642928394,0.145643693,0.279044517,0.616370538,Good
0.319218241,0.234782609,0.107296137,0.183628319,0.672944229,0.509752926,0.413680782,0.752235137,Moderate
0.179153094,0.170434783,0.360515021,0.247787611,0.644912419,0.426527958,0.071661238,0.485731732,Good
0.433224756,0.363478261,0.051502146,0.480088496,0.587475542,0.531859558,0.458197611,0.608719776,Poor
0.127035831,0.137391304,0.416309013,0.196902655,0.564108614,0.062418726,0.060803474,0.496009538,Good
0.397394137,0.43826087,0.253218884,0.380530973,0.909288841,0.685305592,0.436482085,0.484669685,Poor
0.104234528,0.125217391,0.35193133,0.230088496,0.630685915,0.185955787,0.317046688,0.47480711,Good
0.410423453,0.459130435,0.060085837,0.488938053,0.858681193,0.634590377,0.388707926,0.582905779,Poor
0.078175896,0.309565217,0.403433476,0.309734513,0.646881004,0.521456437,0.368078176,0.411579123,Good
0.208469055,0.173913043,0.145922747,0.462389381,0.767727385,0.569570871,0.522258415,0.541413976,Moderate
0.38762215,0.586086957,0.120171674,0.522123894,0.846508858,0.365409623,0.478827362,0.681371506,Poor
0.328990228,0.384347826,0.248927039,0.526548673,0.731153846,0.44603381,0.634093377,0.6330113,Poor
0.140065147,0.292173913,0.377682403,0.146017699,0.577355718,0.027308192,0.273615635,0.505712856,Good
0.110749186,0.379130435,0.373390558,0.247787611,0.628586634,0.258777633,0.292073833,0.231815217,Good
0.153094463,0.163478261,0.39055794,0.232300885,0.636881209,0.213263979,0.066232356,0.569711265,Good
0.521172638,0.539130435,0.042918455,0.610619469,0.760323094,0.630689207,0.268186754,0.70477281,Poor
0.296416938,0.417391304,0.124463519,0.196902655,0.662101346,0.210663199,0.50597177,0.664821445,Moderate
0.390879479,0.504347826,0.098712446,0.588495575,0.787600657,0.485045514,0.590662324,0.56440874,Poor
0.156351792,0.290434783,0.43776824,0.32300885,0.566814114,0.127438231,0.099891422,0.414794849,Good
0.596091205,0.311304348,0.042918455,0.511061947,0.850923662,0.565669701,0.282301846,0.69897905,Poor
0.247557003,0.23826087,0.360515021,0.396017699,0.704501653,0.520156047,0.218241042,0.442696415,Moderate
0.439739414,0.553043478,0.115879828,0.367256637,0.806025722,0.786736021,0.337676439,0.381535345,Poor
0.299674267,0.311304348,0.356223176,0.309734513,0.638913042,0.375812744,0.448425624,0.450650976,Moderate
0.260586319,0.420869565,0.128755365,0.402654867,0.751401599,0.618985696,0.489685125,0.597408713,Moderate
0.247557003,0.257391304,0.223175966,0.272123894,0.660248137,0.431729519,0.384364821,0.517567195,Moderate
0.146579805,0.15826087,0.553648069,0.196902655,0.617820675,0.405721717,0.149837134,0.517567195,Good
0.348534202,0.406956522,0.35193133,0.205752212,0.774921098,0.504551365,0.401737242,0.639682192,Moderate
0.527687296,0.660869565,0.008583691,0.78539823,0.859528637,0.880364109,0.282301846,0.626545076,Hazardous
0.765472313,0.737391304,0.107296137,0.542035398,0.943674544,0.453836151,0.380021716,0.538313104,Hazardous
0.091205212,0.139130435,0.386266094,0.325221239,0.597206044,0.240572172,0.304017372,0.470237262,Good
0.117263844,0.311304348,0.424892704,0.223451327,0.630685915,0.161248375,0.418023887,0.340359128,Good
0.286644951,0.276521739,0.300429185,0.382743363,0.712191056,0.248374512,0.330076004,0.563057416,Moderate
0.534201954,0.653913043,0.0472103,0.376106195,0.866207886,0.641092328,0.587404995,0.535950561,Hazardous
0.446254072,0.613913043,0.158798283,0.544247788,0.808107725,0.730819246,0.45276873,0.730379543,Hazardous
0.625407166,0.260869565,0.042918455,0.457964602,0.894993407,0.707412224,0.419109663,0.675081893,Poor
0.241042345,0.433043478,0.13304721,0.411504425,0.617820675,0.465539662,0.423452769,0.458257049,Moderate
0.667752443,0.431304348,0.025751073,0.400442478,0.796438651,0.726918075,0.393051031,0.719981772,Hazardous
0.436482085,0.573913043,0.158798283,0.411504425,0.846508858,0.345903771,0.525515744,0.641850063,Poor
0.071661238,0.114782609,0.708154506,0.307522124,0.615611387,0.360208062,0.27795874,0.217535047,Good
0.068403909,0.12,0.467811159,0.316371681,0.613382633,0.308192458,0.362649294,0.392742086,Good
0.104234528,0.309565217,0.497854077,0.234513274,0.665767524,0.258777633,0.320304017,0.404963305,Good
0.058631922,0.276521739,0.334763948,0.338495575,0.632767917,0.308192458,0.425624321,0.383454086,Good
0.175895765,0.088695652,0.360515021,0.263274336,0.650772802,0.045513654,0.120521173,0.591176114,Good
0.48534202,0.391304348,0.064377682,0.39380531,0.744830792,0.538361508,0.389793702,0.750630493,Poor
0.446254072,0.787826087,0.08583691,0.462389381,0.811198947,0.970091027,0.638436482,0.601261516,Hazardous
0.511400651,0.413913043,0.103004292,0.528761062,0.797522002,0.525357607,0.532030402,0.55963237,Poor
0.267100977,0.271304348,0.21888412,0.420353982,0.722578047,0.185955787,0.438653637,0.597408713,Moderate
0.114006515,0.266086957,0.326180258,0.181415929,0.594808283,0.045513654,0.155266015,0.358898769,Good
0.472312704,0.434782609,0.184549356,0.192477876,0.855262737,0.395318596,0.411509229,0.478157263,Poor
0.120521173,0.170434783,0.360515021,0.219026549,0.665767524,0.420026008,0.484256243,0.437183437,Good
0.713355049,0.535652174,0.051502146,0.783185841,0.80497826,0.618985696,0.608034745,0.56641621,Hazardous
0.153094463,0.267826087,0.339055794,0.287610619,0.650772802,0.456436931,0.175895765,0.571011977,Good
0.117263844,0.213913043,0.39055794,0.338495575,0.688383982,0.258777633,0.054288817,0.430036576,Good
0.456026059,0.373913043,0.055793991,0.579646018,0.582466232,0.655396619,0.561346363,0.454495655,Poor
0.270358306,0.32,0.038626609,0.373893805,0.8578309,0.513654096,0.568946797,0.681714338,Poor
0.260586319,0.179130435,0.150214592,0.329646018,0.710671761,0.117035111,0.256243214,0.630729477,Moderate
0.342019544,0.511304348,0.188841202,0.360619469,0.724027689,0.349804941,0.564603692,0.471391048,Moderate
0.397394137,0.619130435,0.060085837,0.420353982,0.846508858,0.438231469,0.648208469,0.337896048,Poor
0.211726384,0.299130435,0.167381974,0.39380531,0.750101021,0.325097529,0.521172638,0.643137913,Moderate
0.312703583,0.205217391,0.13304721,0.316371681,0.746158679,0.414824447,0.219326819,0.504766564,Moderate
0.123778502,0.095652174,0.403433476,0.21460177,0.650772802,0.139141743,0.242128122,0.371610117,Good
0.081433225,0.163478261,0.416309013,0.101769912,0.597206044,0.470741222,0.179153094,0.439961804,Good
0.475570033,0.450434783,0.111587983,0.568584071,0.650772802,0.561768531,0.529858849,0.522776912,Poor
0.071661238,0.259130435,0.343347639,0.269911504,0.672944229,0.426527958,0.476655809,0.33286253,Good
0.104234528,0.057391304,0.334763948,0.152654867,0.594808283,0.127438231,0.337676439,0.448039736,Good
0.560260586,0.436521739,0.098712446,0.57079646,0.875113064,0.340702211,0.524429967,0.814784672,Poor
0.078175896,0.184347826,0.502145923,0.152654867,0.654605631,0.156046814,0.451682953,0.526165199,Good
0.403908795,0.293913043,0.137339056,0.415929204,0.753982865,0.381014304,0.362649294,0.473675874,Moderate
0.104234528,0.250434783,0.454935622,0.334070796,0.611134068,0.418725618,0.380021716,0.461938689,Good
0.175895765,0.266086957,0.227467811,0.265486726,0.726902286,0.547464239,0.441910966,0.525324306,Moderate
0.449511401,0.286956522,0.068669528,0.553097345,0.862054068,0.55526658,0.404994571,0.792029188,Poor
0.293159609,0.403478261,0.158798283,0.409292035,0.709143286,0.250975293,0.328990228,0.645685306,Moderate
0.361563518,0.469565217,0.068669528,0.681415929,0.817270323,0.697009103,0.474484256,0.557544438,Poor
0.345276873,0.276521739,0.111587983,0.685840708,0.742153922,0.746423927,0.369163952,0.526165199,Poor
0.254071661,0.483478261,0.124463519,0.340707965,0.676457644,0.474642393,0.141150923,0.40830272,Moderate
0.423452769,0.653913043,0.030042918,0.878318584,0.660248137,0.869960988,0.231270358,0.773067363,Hazardous
0.345276873,0.325217391,0.210300429,0.420353982,0.716694947,0.144343303,0.23669924,0.59232608,Moderate
0.120521173,0.24,0.339055794,0.258849558,0.662101346,0.145643693,0.200868621,0.495008704,Good
0.153094463,0.133913043,0.442060086,0.230088496,0.606576074,0.44343303,0.066232356,0.371610117,Good
0.172638436,0.40173913,0.197424893,0.28539823,0.662101346,0.379713914,0.598262758,0.879310024,Moderate
0.384364821,0.636521739,0.055793991,0.564159292,0.779605711,0.594278283,0.517915309,0.679647121,Poor
0.358306189,0.309565217,0.154506438,0.415929204,0.773736263,0.426527958,0.212812161,0.53030965,Moderate
0.618892508,0.23826087,0.274678112,0.453539823,0.815262679,0.639791938,0.294245385,0.444047739,Poor
0.283387622,0.326956522,0.154506438,0.415929204,0.709143286,0.236671001,0.352877307,0.556138404,Moderate
0.09771987,0.266086957,0.583690987,0.305309735,0.604265903,0.068920676,0.266015201,0.308210214,Good
0.25732899,0.142608696,0.137339056,0.39380531,0.748793722,0.257477243,0.167209555,0.650260628,Moderate
0.270358306,0.35826087,0.244635193,0.329646018,0.519614982,0.185955787,0.221498371,0.599070392,Moderate
0.09771987,0.139130435,0.424892704,0.232300885,0.672944229,0.22626788,0.333333333,0.383454086,Good
0.280130293,0.23826087,0.107296137,0.451327434,0.751401599,0.22496749,0.482084691,0.612332119,Moderate
0.671009772,0.528695652,0.034334764,0.800884956,0.906493654,0.586475943,0.476655809,0.576119528,Hazardous
0.45276873,0.606956522,0.08583691,0.418141593,0.582466232,0.582574772,0.399565689,0.600716322,Hazardous
0.400651466,0.474782609,0.150214592,0.654867257,0.706058347,0.243172952,0.511400651,0.763926083,Poor
0.296416938,0.170434783,0.115879828,0.471238938,0.701359229,0.176853056,0.480998914,0.432930713,Moderate
0.628664495,0.516521739,0.111587983,0.537610619,0.880621005,0.461638492,0.776330076,0.693305957,Hazardous
0.058631922,0.27826087,0.386266094,0.247787611,0.706058347,0.464239272,0.066232356,0.424099443,Good
0.146579805,0.448695652,0.145922747,0.35619469,0.764052329,0.261378414,0.475570033,0.596292026,Moderate
0.13029316,0.311304348,0.446351931,0.316371681,0.656500485,0.039011704,0.262757872,0.335397527,Good
0.439739414,0.476521739,0.175965665,0.296460177,0.759067697,0.681404421,0.679695983,0.542943891,Poor
0.25732899,0.36173913,0.158798283,0.369469027,0.640928685,0.598179454,0.424538545,0.615369704,Moderate
0.084690554,0.337391304,0.463519313,0.196902655,0.59958129,0.122236671,0.32247557,0.335397527,Good
0.364820847,0.212173913,0.137339056,0.32300885,0.685033444,0.620286086,0.552660152,0.498977887,Moderate
0.276872964,0.288695652,0.158798283,0.486725664,0.767727385,0.262678804,0.423452769,0.520191591,Moderate
0.429967427,0.48173913,0.0472103,0.5,0.854400856,0.364109233,0.426710098,0.712973386,Poor
0.114006515,0.311304348,0.472103004,0.303097345,0.650772802,0.477243173,0.413680782,0.398085407,Good
0.143322476,0.306086957,0.360515021,0.254424779,0.52283747,0.097529259,0.325732899,0.375648537,Good
0.104234528,0.299130435,0.420600858,0.216814159,0.59958129,0.508452536,0.365906623,0.473675874,Good
0.136807818,0.384347826,0.115879828,0.475663717,0.69169072,0.494148244,0.293159609,0.738716066,Moderate
0.700325733,0.537391304,0.163090129,0.694690265,0.912053479,0.816644993,0.671009772,0.708628433,Hazardous
0.74267101,0.653913043,0.184549356,0.617256637,0.916144596,0.928478544,0.592833876,0.780786154,Hazardous
0.348534202,0.516521739,0.094420601,0.444690265,0.843822512,0.524057217,0.509229099,0.667815385,Poor
0.469055375,0.443478261,0.120171674,0.316371681,0.81425285,0.577373212,0.516829533,0.529488635,Poor
0.35504886,0.502608696,0.214592275,0.557522124,0.8578309,0.524057217,0.818675353,0.53030965,Poor
0.423452769,0.485217391,0.253218884,0.236725664,0.662101346,0.396618986,0.397394137,0.630269492,Moderate
0.208469055,0.31826087,0.433476395,0.296460177,0.622182194,0.059817945,0.262757872,0.421052975,Good
0.459283388,0.483478261,0.08583691,0.451327434,0.822220811,0.582574772,0.326818675,0.76177965,Poor
0.146579805,0.267826087,0.330472103,0.112831858,0.626469786,0.535760728,0.231270358,0.435777404,Good
0.299674267,0.262608696,0.154506438,0.373893805,0.648834387,0.319895969,0.362649294,0.687441243,Moderate
0.081433225,0.273043478,0.386266094,0.230088496,0.589943482,0.538361508,0.091205212,0.446719241,Good
0.091205212,0.332173913,0.600858369,0.252212389,0.604265903,0.271781534,0.041259501,0.736231843,Good
0.381107492,0.177391304,0.214592275,0.296460177,0.786473876,0.624187256,0.510314875,0.738222057,Moderate
0.13029316,0.057391304,0.330472103,0.289823009,0.672944229,0.477243173,0.170466884,0.325027627,Good
0.218241042,0.332173913,0.424892704,0.442477876,0.719653599,0.183355007,0.181324647,0.723786335,Moderate
0.371335505,0.627826087,0.240343348,0.402654867,0.778442666,0.481144343,0.69815418,0.539870462,Poor
0.697068404,0.586086957,0.017167382,0.415929204,0.777274248,0.89336801,0.268186754,0.728296828,Hazardous
0.54723127,0.464347826,0.175965665,0.568584071,0.640928685,0.638491547,0.33441911,0.539870462,Poor
0.123778502,0.135652174,0.412017167,0.199115044,0.67116905,0.036410923,0.07383279,0.398085407,Good
0.13029316,0.213913043,0.356223176,0.305309735,0.676457644,0.400520156,0.111834962,0.520191591,Good
0.25732899,0.283478261,0.150214592,0.369469027,0.728327427,0.22756827,0.597176982,0.639245351,Moderate
0.351791531,0.455652174,0.038626609,0.42920354,0.856977739,0.374512354,0.24864278,0.690072266,Poor
0.667752443,0.76173913,0.017167382,0.35840708,0.709143286,0.78023407,0.435396308,0.678952543,Hazardous
0.110749186,0.297391304,0.321888412,0.203539823,0.628586634,0.124837451,0.081433225,0.56641621,Good
0.221498371,0.24173913,0.201716738,0.265486726,0.722578047,0.413524057,0.388707926,0.445388628,Moderate
0.127035831,0.326956522,1,0.185840708,0.663941077,0.046814044,0.406080347,0.448039736,Good
0.254071661,0.283478261,0.278969957,0.365044248,0.719653599,0.172951886,0.167209555,0.47480711,Moderate
0.169381107,0.363478261,0.145922747,0.207964602,0.617820675,0.271781534,0.346362649,0.763070691,Moderate
0.530944625,0.464347826,0.072961373,0.64380531,0.73533513,0.642392718,0.487513572,0.663304892,Poor
0.661237785,0.412173913,0.0472103,0.530973451,0.712191056,0.487646294,0.755700326,0.665198522,Poor
0.299674267,0.565217391,0.145922747,0.513274336,0.760323094,0.652795839,0.802388708,0.497994065,Poor
0.345276873,0.366956522,0.137339056,0.347345133,0.694954789,0.524057217,0.446254072,0.755848151,Moderate
0.143322476,0.212173913,0.347639485,0.360619469,0.644912419,0.287386216,0.393051031,0.425602866,Good
0.338762215,0.257391304,0.111587983,0.365044248,0.683341385,0.306892068,0.52660152,0.560322805,Moderate
0.136807818,0.140869565,0.373390558,0.207964602,0.712191056,0.391417425,0.179153094,0.494002068,Good
0.498371336,0.462608696,0.193133047,0.497787611,0.753982865,0.33680104,0.368078176,0.505712856,Poor
0.153094463,0.166956522,0.377682403,0.380530973,0.662101346,0.387516255,0.064060803,0.441334493,Good
0.410423453,0.406956522,0.188841202,0.482300885,0.750101021,0.169050715,0.537459283,0.45322353,Moderate
0.136807818,0.217391304,0.326180258,0.159292035,0.535331954,0.024707412,0.263843648,0.638368358,Good
0.172638436,0.330434783,0.360515021,0.201327434,0.67116905,0.343302991,0.051031488,0.607148324,Good
0.117263844,0.236521739,0.381974249,0.296460177,0.550129263,0.262678804,0.431053203,0.55963237,Good
0.543973941,0.620869565,0.248927039,0.508849558,0.693328019,0.812743823,0.820846906,0.733203088,Hazardous
0.140065147,0.306086957,0.480686695,0.258849558,0.658381251,0.347204161,0.071661238,0.5311268,Good
0.351791531,0.27826087,0.21888412,0.504424779,0.713701281,0.501950585,0.299674267,0.581691478,Moderate
0.429967427,0.453913043,0.103004292,0.486725664,0.793160482,0.659297789,0.465798046,0.490946665,Poor
0.446254072,0.626086957,0.158798283,0.595132743,0.793160482,0.827048114,0.326818675,0.538313104,Poor
0.234527687,0.340869565,0.163090129,0.205752212,0.731153846,0.577373212,0.581976113,0.625127565,Moderate
0.280130293,0.28,0.150214592,0.42699115,0.526019422,0.533159948,0.618892508,0.556842844,Moderate
0.433224756,0.645217391,0.270386266,0.440265487,0.678196221,0.695708713,0.402823018,0.613857554,Poor
0.153094463,0.076521739,0.506437768,0.32300885,0.650772802,0.193758127,0.320304017,0.367475536,Good
0.107491857,0.224347826,0.660944206,0.347345133,0.640928685,0.280884265,0.436482085,0.371610117,Good
0.267100977,0.422608696,0.141630901,0.276548673,0.771349812,0.260078023,0.259500543,0.345182888,Moderate
0.563517915,0.525217391,0.407725322,0.632743363,0.806025722,0.384915475,0.454940282,0.602886903,Hazardous
0.299674267,0.300869565,0.111587983,0.431415929,0.751401599,0.362808843,0.294245385,0.50852118,Moderate
0.2247557,0.462608696,0.377682403,0.362831858,0.622182194,0.282184655,0.537459283,0.487836536,Moderate
0.315960912,0.382608696,0.231759657,0.411504425,0.740804789,0.540962289,0.573289902,0.466729178,Moderate
0.423452769,0.659130435,0.120171674,0.457964602,0.704501653,0.855656697,0.467969598,0.912843214,Hazardous
0.550488599,0.513043478,0.068669528,0.650442478,0.787600657,0.737321196,0.86970684,0.606092733,Hazardous
0.371335505,0.215652174,0.261802575,0.488938053,0.748793722,0.55136541,0.542888165,0.777463654,Moderate
0.293159609,0.380869565,0.206008584,0.283185841,0.779605711,0.271781534,0.180238871,0.441334493,Moderate
0.107491857,0.170434783,0.660944206,0.280973451,0.589943482,0.180754226,0.200868621,0.337896048,Good
0.140065147,0.323478261,0.339055794,0.126106195,0.652696476,0.234070221,0.313789359,0.427093383,Good
0.254071661,0.455652174,0.13304721,0.457964602,0.630685915,0.43953186,0.400651466,0.489916133,Moderate
0.175895765,0.417391304,0.128755365,0.216814159,0.761572291,0.211963589,0.574375679,0.716932872,Moderate
0.517915309,0.525217391,0.0472103,0.314159292,0.728327427,0.546163849,0.470141151,0.6465262,Poor
0.133550489,0.285217391,0.339055794,0.134955752,0.55298762,0.262678804,0.072747014,0.396322506,Good
0.306188925,0.271304348,0.296137339,0.39380531,0.608865337,0.395318596,0.195439739,0.551850675,Moderate
0.302931596,0.391304348,0.120171674,0.400442478,0.756538058,0.269180754,0.194353963,0.431489674,Moderate
0.628664495,0.537391304,0.145922747,0.758849558,0.855262737,0.602080624,0.360477742,0.685776376,Poor
0.221498371,0.332173913,0.115879828,0.316371681,0.836516246,0.167750325,0.497285559,0.401558407,Moderate
0.244299674,0.340869565,0.270386266,0.247787611,0.780763433,0.21846554,0.178067318,0.514005137,Moderate
0.449511401,0.31826087,0.0472103,0.508849558,0.780763433,0.647594278,0.780673181,0.608197537,Poor
0.074918567,0.154782609,0.527896996,0.39380531,0.624335074,0.44603381,0.196525516,0.483601102,Good
0.592833876,0.746086957,0.051502146,0.53539823,0.656500485,0.911573472,0.634093377,0.581691478,Hazardous
0.084690554,0.050434783,0.334763948,0.309734513,0.640928685,0.182054616,0.437567861,0.473675874,Good
0.280130293,0.32,0.120171674,0.345132743,0.802870232,0.503250975,0.469055375,0.767932624,Moderate
0.074918567,0.333913043,0.424892704,0.289823009,0.660248137,0.253576073,0.058631922,0.445388628,Good
0.084690554,0.151304348,0.575107296,0.256637168,0.561373864,0.284785436,0.298588491,0.579853956,Good
0.283387622,0.72,0.077253219,0.610619469,0.897189906,0.340702211,0.502714441,0.81684153,Poor
0.28990228,0.259130435,0.115879828,0.289823009,0.747479631,0.202860858,0.469055375,0.710959263,Moderate
0.348534202,0.453913043,0.17167382,0.5,0.513044174,0.192457737,0.425624321,0.427093383,Moderate
0.117263844,0.32,0.330472103,0.225663717,0.622182194,0.153446034,0.435396308,0.337896048,Good
0.201954397,0.424347826,0.120171674,0.294247788,0.638913042,0.455136541,0.13897937,0.558939178,Moderate
0.286644951,0.269565217,0.128755365,0.327433628,0.788722441,0.205461638,0.432138979,0.891699534,Moderate
0.2247557,0.539130435,0.17167382,0.402654867,0.746158679,0.302990897,0.758957655,0.490946665,Poor
0.061889251,0.215652174,0.347639485,0.185840708,0.688383982,0.342002601,0.079261672,0.319600803,Good
0.32247557,0.40173913,0.429184549,0.353982301,0.638913042,0.243172952,0.217155266,0.653514011,Moderate
0.25732899,0.52173913,0.167381974,0.469026549,0.722578047,0.293888166,0.543973941,0.591176114,Moderate
0.117263844,0.213913043,0.381974249,0.378318584,0.636881209,0.399219766,0.285559175,0.520191591,Good
0.446254072,0.855652174,0.098712446,0.289823009,0.713701281,0.539661899,0.546145494,0.696794817,Hazardous
0.446254072,0.737391304,0.025751073,0.444690265,0.802870232,0.637191157,0.24864278,0.594036874,Hazardous
0.094462541,0.330434783,0.339055794,0.243362832,0.663941077,0.504551365,0.252985885,0.490946665,Good
0.127035831,0.116521739,0.583690987,0.203539823,0.611134068,0.313394018,0.201954397,0.567741744,Good
0.306188925,0.379130435,0.158798283,0.269911504,0.589943482,0.512353706,0.558089034,0.609759565,Moderate
0.416938111,0.340869565,0.038626609,0.247787611,0.813238973,0.44213264,0.382193268,0.652706362,Poor
0.241042345,0.511304348,0.042918455,0.637168142,0.793160482,0.751625488,0.51465798,0.682397978,Poor
0.201954397,0.368695652,0.115879828,0.329646018,0.778442666,0.314694408,0.507057546,0.527834868,Moderate
0.602605863,0.433043478,0.141630901,0.584070796,0.911365147,0.78283485,0.46145494,0.651487801,Poor
0.091205212,0.233043478,0.454935622,0.243362832,0.644912419,0.362808843,0.327904452,0.396322506,Good
0.078175896,0.15826087,0.626609442,0.152654867,0.617820675,0.00390117,0.293159609,0.561010506,Good
0.140065147,0.140869565,0.343347639,0.174778761,0.658381251,0.140442133,0.133550489,0.337896048,Good
0.123778502,0.306086957,0.334763948,0.331858407,0.529161846,0.026007802,0.092290988,0.499956167,Good
0.114006515,0.144347826,0.35193133,0.194690265,0.592387577,0.245773732,0.077090119,0.403269202,Good
0.413680782,0.410434783,0.090128755,0.396017699,0.860373252,0.641092328,0.410423453,0.671486646,Poor
0.117263844,0.23826087,0.454935622,0.28539823,0.535331954,0.230169051,0.418023887,0.5157953,Good
0.244299674,0.267826087,0.210300429,0.387168142,0.726902286,0.309492848,0.263843648,0.737478397,Moderate
0.267100977,0.163478261,0.137339056,0.318584071,0.75780604,0.456436931,0.427795874,0.477047712,Moderate
0.198697068,0.32,0.180257511,0.418141593,0.589943482,0.626788036,0.484256243,0.509447284,Moderate
0.114006515,0.222608696,0.330472103,0.278761062,0.648834387,0.274382315,0.331161781,0.327678735,Good
0.120521173,0.170434783,0.326180258,0.223451327,0.654605631,0.254876463,0.261672096,0.369555132,Good
0.228013029,0.262608696,0.150214592,0.272123894,0.674707036,0.295188557,0.344191097,0.691372978,Moderate
0.039087948,0.095652174,0.467811159,0.234513274,0.601934441,0.205461638,0.100977199,0.571658697,Good
0.296416938,0.295652174,0.339055794,0.407079646,0.801809594,0.638491547,0.478827362,0.377633064,Moderate
0.583061889,0.260869565,0.214592275,0.438053097,0.760323094,0.401820546,0.592833876,0.706265891,Poor
0.087947883,0.144347826,0.407725322,0.309734513,0.693328019,0.499349805,0.407166124,0.546710724,Good
0.517915309,0.660869565,0.051502146,0.480088496,0.608865337,0.66970091,0.504885993,0.460720128,Poor
0.38762215,0.32,0.098712446,0.435840708,0.722578047,0.33810143,0.271444083,0.642280409,Poor
0.09771987,0.19826087,0.416309013,0.210176991,0.652696476,0.048114434,0.152008686,0.556138404,Good
0.436482085,0.288695652,0.180257511,0.398230088,0.776100409,0.206762029,0.6330076,0.747376021,Moderate
0.123778502,0.259130435,0.433476395,0.232300885,0.544313792,0.404421326,0.318132465,0.615870842,Good
0.508143322,0.500869565,0.021459227,0.557522124,0.905084392,0.873862159,0.393051031,0.734976276,Hazardous
0.410423453,0.746086957,0.115879828,0.805309735,0.841107331,0.55786736,0.469055375,0.769178879,Poor
0.140065147,0.206956522,0.463519313,0.21460177,0.658381251,0.197659298,0.261672096,0.385351855,Good
0.231270358,0.384347826,0.25751073,0.298672566,0.638913042,0.162548765,0.190010858,0.588267433,Moderate
0.120521173,0.08173913,0.35193133,0.338495575,0.681637932,0.505851756,0.448425624,0.565080478,Good
0.110749186,0.210434783,0.369098712,0.389380531,0.68671426,0.031209363,0.384364821,0.424099443,Good
0.508143322,0.243478261,0.081545064,0.42920354,0.750101021,0.522756827,0.4082519,0.643565082,Poor
0.140065147,0.28173913,0.364806867,0.199115044,0.617820675,0.529258778,0.231270358,0.41319443,Good
0.094462541,0.257391304,0.381974249,0.305309735,0.640928685,0.505851756,0.181324647,0.471391048,Good
0.09771987,0.337391304,0.369098712,0.292035398,0.604265903,0.470741222,0.305103149,0.438578177,Good
0.110749186,0.328695652,0.369098712,0.210176991,0.620010834,0.427828349,0.180238871,0.486787324,Good
0.042345277,0.20173913,0.377682403,0.382743363,0.592387577,0.421326398,0.381107492,0.620804249,Good
0.123778502,0.227826087,0.403433476,0.150442478,0.640928685,0.373211964,0.047774159,0.466729178,Good
0.068403909,0.113043478,0.407725322,0.283185841,0.592387577,0.182054616,0.486427796,0.497004636,Good
0.156351792,0.085217391,0.326180258,0.265486726,0.652696476,0.237971391,0.403908795,0.625127565,Good
0.32247557,0.313043478,0.193133047,0.442477876,0.731153846,0.283485046,0.259500543,0.649849636,Moderate
0.081433225,0.2,0.420600858,0.294247788,0.658381251,0.470741222,0.061889251,0.521057648,Good
0.469055375,0.530434783,0.060085837,0.466814159,0.807068866,0.723016905,0.384364821,0.692019698,Poor
0.221498371,0.257391304,0.128755365,0.599557522,0.715202542,0.273081925,0.373507058,0.664443546,Moderate
0.7752443,0.631304348,0.017167382,0.491150442,0.909288841,0.518855657,0.426710098,0.724323103,Hazardous
0.439739414,0.699130435,0.184549356,0.303097345,0.636881209,0.33680104,0.476655809,0.68644424,Poor
0.511400651,0.328695652,0.115879828,0.294247788,0.829945438,0.302990897,0.536373507,0.446719241,Poor
0.521172638,0.664347826,0.08583691,0.57079646,0.879841461,0.655396619,0.8165038,0.672573058,Hazardous
0.573289902,0.575652174,0.103004292,0.546460177,0.873517085,0.877763329,0.657980456,0.762641409,Hazardous
0.423452769,0.47826087,0.107296137,0.289823009,0.742153922,0.477243173,0.465798046,0.517567195,Moderate
0.078175896,0.210434783,0.369098712,0.216814159,0.646881004,0.087126138,0.046688382,0.401558407,Good
0.127035831,0.168695652,0.369098712,0.446902655,0.617820675,0.102730819,0.13897937,0.581691478,Good
0.146579805,0.095652174,0.52360515,0.300884956,0.608865337,0.482444733,0.345276873,0.591176114,Good
0.563517915,0.676521739,0.111587983,0.630530973,0.818268202,0.44603381,0.587404995,0.685776376,Hazardous
0.273615635,0.332173913,0.206008584,0.365044248,0.674707036,0.175552666,0.462540717,0.597964375,Moderate
0.488599349,0.424347826,0.098712446,0.287610619,0.728327427,0.468140442,0.434310532,0.612842087,Poor
0.439739414,0.406956522,0.107296137,0.424778761,0.667580879,0.260078023,0.389793702,0.714397875,Moderate
0.09771987,0.217391304,0.364806867,0.07300885,0.669381327,0.053315995,0.1834962,0.371610117,Good
0.104234528,0.133913043,0.399141631,0.17920354,0.672944229,0.230169051,0.259500543,0.330289976,Good
0.332247557,0.408695652,0.193133047,0.365044248,0.773736263,0.22236671,0.197611292,0.639245351,Moderate
0.13029316,0.151304348,0.424892704,0.380530973,0.572139824,0.257477243,0.129207383,0.520191591,Good
0.517915309,0.516521739,0.175965665,0.349557522,0.815262679,0.498049415,0.45276873,0.628417269,Poor
0.061889251,0.203478261,0.467811159,0.353982301,0.622182194,0.052015605,0.072747014,0.381535345,Good
0.247557003,0.206956522,0.253218884,0.440265487,0.759067697,0.353706112,0.328990228,0.572303018,Moderate
0.25732899,0.326956522,0.180257511,0.342920354,0.822220811,0.339401821,0.188925081,0.545963866,Moderate
0.45276873,0.455652174,0.068669528,0.457964602,0.672944229,0.33029909,0.285559175,0.856342456,Poor
0.156351792,0.205217391,0.334763948,0.338495575,0.693328019,0.381014304,0.340933768,0.485731732,Good
0.299674267,0.205217391,0.128755365,0.484513274,0.652696476,0.504551365,0.318132465,0.631645807,Moderate
0.293159609,0.436521739,0.193133047,0.32079646,0.529161846,0.339401821,0.131378936,0.47925977,Moderate
0.136807818,0.053913043,0.364806867,0.236725664,0.660248137,0.345903771,0.42019544,0.449350264,Good
0.423452769,0.551304348,0.012875536,0.396017699,0.951440217,0.736020806,0.694896851,0.626073857,Hazardous
0.241042345,0.325217391,0.163090129,0.376106195,0.68671426,0.546163849,0.465798046,0.601805004,Moderate
0.110749186,0.307826087,0.403433476,0.296460177,0.665767524,0.466840052,0.338762215,0.504766564,Good
0.416938111,0.493913043,0.210300429,0.336283186,0.751401599,0.631989597,0.511400651,0.59232608,Moderate
0.117263844,0.045217391,0.570815451,0.274336283,0.663941077,0.292587776,0.288816504,0.500928966,Good
0.156351792,0.227826087,0.381974249,0.342920354,0.696571165,0.386215865,0.149837134,0.172472428,Good
0.576547231,0.269565217,0.081545064,0.652654867,0.760323094,0.639791938,0.738327904,0.765412954,Poor
0.410423453,0.39826087,0.042918455,0.681415929,0.872715303,0.286085826,0.705754615,0.42258289,Poor
0.498371336,0.523478261,0.060085837,0.168141593,0.767727385,0.625487646,0.627578719,0.525324306,Poor
0.188925081,0.182608696,0.13304721,0.396017699,0.73533513,0.417425228,0.528773073,0.653916431,Moderate
0.140065147,0.222608696,0.403433476,0.212389381,0.622182194,0.400520156,0.140065147,0.39983059,Good
0.64495114,0.671304348,0.068669528,0.555309735,0.79205825,0.605981795,0.64495114,0.787990769,Hazardous
0.123778502,0.337391304,0.403433476,0.35840708,0.601934441,0.145643693,0.110749186,0.29914846,Good
0.475570033,0.417391304,0.060085837,0.595132743,0.880621005,0.249674902,0.406080347,0.596851267,Poor
0.527687296,0.56,0.042918455,0.615044248,0.694954789,0.651495449,0.541802389,0.539870462,Poor
0.120521173,0.196521739,0.433476395,0.347345133,0.597206044,0.193758127,0.059717698,0.311128673,Good
0.306188925,0.311304348,0.167381974,0.294247788,0.683341385,0.139141743,0.193268187,0.544460444,Moderate
0.302931596,0.373913043,0.124463519,0.360619469,0.716694947,0.631989597,0.358306189,0.57548924,Moderate
0.381107492,0.351304348,0.0472103,0.35619469,0.825145259,0.657997399,0.3669924,0.539093529,Poor
0.570032573,0.653913043,0.094420601,0.588495575,0.778442666,0.960988296,0.51465798,0.571011977,Hazardous
0.348534202,0.424347826,0.055793991,0.402654867,0.702935321,0.522756827,0.453854506,0.514005137,Poor
0.149837134,0.227826087,0.373390558,0.35619469,0.601934441,0.248374512,0.339847991,0.444047739,Good
0.664495114,0.386086957,0.283261803,0.415929204,0.812221017,0.3289987,0.333333333,0.621774331,Poor
0.169381107,0.153043478,0.163090129,0.338495575,0.732555301,0.377113134,0.302931596,0.569057237,Moderate
0.143322476,0.354782609,0.360515021,0.287610619,0.713701281,0.120936281,0.163952226,0.272381086,Good
0.498371336,0.44,0.060085837,0.522123894,0.793160482,0.724317295,0.699239957,0.619338888,Poor
0.237785016,0.220869565,0.180257511,0.415929204,0.755263688,0.276983095,0.522258415,0.464350453,Moderate
0.143322476,0.08173913,0.47639485,0.210176991,0.694954789,0.521456437,0.153094463,0.469075758,Good
0.368078176,0.523478261,0.124463519,0.400442478,0.867030527,0.44863459,0.409337676,0.561010506,Poor
0.368078176,0.387826087,0.0472103,0.860619469,0.828992662,0.425227568,0.418023887,0.560322805,Poor
0.48534202,0.311304348,0.223175966,0.493362832,0.767727385,0.55396619,0.499457112,0.708334867,Poor
0.631921824,0.313043478,0.060085837,0.415929204,0.828992662,0.711313394,0.369163952,0.42258289,Poor
0.299674267,0.48173913,0.111587983,0.491150442,0.719653599,0.306892068,0.234527687,0.615870842,Moderate
0.071661238,0.290434783,0.330472103,0.221238938,0.582466232,0.318595579,0.203040174,0.451942017,Good
0.081433225,0.083478261,0.369098712,0.252212389,0.628586634,0.11573472,0.480998914,0.472537219,Good
0.397394137,0.43826087,0.13304721,0.396017699,0.733949034,0.342002601,0.423452769,0.673293575,Poor
0.146579805,0.125217391,0.360515021,0.305309735,0.594808283,0.124837451,0.07383279,0.483601102,Good
0.13029316,0.213913043,0.484978541,0.283185841,0.656500485,0.235370611,0.306188925,0.356686711,Good
0.651465798,0.563478261,0.072961373,0.834070796,0.836516246,0.644993498,0.369163952,0.279469589,Hazardous
0.35504886,0.499130435,0.0472103,0.451327434,0.784205144,0.56046814,0.384364821,0.711825321,Poor
0.205211726,0.419130435,0.300429185,0.469026549,0.678196221,0.179453836,0.480998914,0.59289822,Moderate
0.498371336,0.405217391,0.068669528,0.469026549,0.799674882,0.736020806,0.386536374,0.634815412,Poor
0.299674267,0.459130435,0.13304721,0.309734513,0.800744489,0.364109233,0.456026059,0.545213782,Moderate
0.06514658,0.220869565,0.454935622,0.296460177,0.622182194,0.11443433,0.066232356,0.444047739,Good
0.446254072,0.302608696,0.145922747,0.438053097,0.663941077,0.616384915,0.390879479,0.497004636,Poor
0.674267101,0.8,0.094420601,0.60619469,0.863723789,0.650195059,0.627578719,0.581081129,Hazardous
0.114006515,0.295652174,0.416309013,0.057522124,0.561373864,0.388816645,0.305103149,0.521057648,Good
0.384364821,0.436521739,0.188841202,0.387168142,0.569490985,0.604681404,0.409337676,0.42258289,Moderate
0.345276873,0.4,0.08583691,0.477876106,0.773736263,0.55786736,0.479913138,0.563057416,Poor
0.351791531,0.163478261,0.145922747,0.39380531,0.718178599,0.498049415,0.546145494,0.692664019,Moderate
0.188925081,0.302608696,0.124463519,0.278761062,0.608865337,0.381014304,0.551574376,0.794372114,Moderate
0.218241042,0.213913043,0.154506438,0.265486726,0.718178599,0.352405722,0.414766558,0.669660718,Moderate
0.511400651,0.35826087,0.206008584,0.555309735,0.776100409,0.33159948,0.519001086,0.602886903,Poor
0.508143322,0.52,0.081545064,0.387168142,0.667580879,0.613784135,0.575461455,0.602346796,Poor
0.416938111,0.513043478,0.072961373,0.710176991,0.710671761,0.362808843,0.34310532,0.726718234,Poor
0.296416938,0.259130435,0.206008584,0.216814159,0.784205144,0.537061118,0.548317047,0.541413976,Moderate
0.543973941,0.631304348,0.072961373,0.564159292,0.788722441,0.548764629,0.450597177,0.571011977,Poor
0.270358306,0.445217391,0.094420601,0.42920354,0.831840293,0.607282185,0.299674267,0.699288852,Poor
0.596091205,0.424347826,0.124463519,0.807522124,0.907895108,0.859557867,0.60369164,0.687109544,Hazardous
0.211726384,0.354782609,0.111587983,0.384955752,0.796438651,0.296488947,0.525515744,0.684432894,Moderate
0.319218241,0.353043478,0.175965665,0.292035398,0.743495898,0.269180754,0.325732899,0.275961506,Moderate
0.429967427,0.667826087,0.184549356,0.601769912,0.748793722,0.723016905,0.610206298,0.807802243,Poor
0.042345277,0.347826087,0.703862661,0.278761062,0.674707036,0.465539662,0.100977199,0.45322353,Good
0.185667752,0.328695652,0.313304721,0.433628319,0.630685915,0.607282185,0.119435396,0.553291714,Moderate
0.127035831,0.194782609,0.450643777,0.095132743,0.561373864,0.526657997,0.425624321,0.385351855,Good
0.482084691,0.419130435,0.081545064,0.400442478,0.652696476,0.44343303,0.210640608,0.737478397,Poor
0.592833876,0.75826087,0.068669528,0.588495575,0.8578309,0.537061118,0.634093377,0.681027996,Hazardous
0.661237785,0.711304348,0.030042918,0.577433628,0.957255688,0.920676203,0.373507058,0.599070392,Hazardous
0.179153094,0.434782609,0.128755365,0.263274336,0.755263688,0.300390117,0.410423453,0.522776912,Moderate
0.143322476,0.113043478,0.334763948,0.121681416,0.632767917,0.288686606,0.295331162,0.385351855,Good
0.149837134,0.302608696,0.193133047,0.327433628,0.73533513,0.505851756,0.407166124,0.481444003,Moderate
0.469055375,0.573913043,0.008583691,0.462389381,0.75780604,0.810143043,0.720955483,0.709797759,Hazardous
0.32247557,0.339130435,0.154506438,0.318584071,0.654605631,0.237971391,0.2247557,0.513103087,Moderate
0.078175896,0.142608696,0.403433476,0.294247788,0.558609226,0.169050715,0.182410423,0.607148324,Good
0.433224756,0.596521739,0.158798283,0.548672566,0.793160482,0.677503251,0.804560261,0.454495655,Poor
0.133550489,0.314782609,0.334763948,0.318584071,0.636881209,0.22236671,0.466883822,0.560322805,Good
0.172638436,0.093913043,0.536480687,0.192477876,0.630685915,0.037711313,0.054288817,0.532749655,Good
0.084690554,0.229565217,0.339055794,0.210176991,0.67992293,0.192457737,0.232356135,0.551850675,Good
0.087947883,0.328695652,0.381974249,0.188053097,0.544313792,0.096228869,0.098805646,0.486787324,Good
0.234527687,0.332173913,0.124463519,0.205752212,0.587475542,0.172951886,0.351791531,0.572303018,Moderate
0.16286645,0.196521739,0.442060086,0.199115044,0.611134068,0.074122237,0.358306189,0.450650976,Good
0.136807818,0.210434783,0.553648069,0.280973451,0.706058347,0.250975293,0.279044517,0.396322506,Good
0.091205212,0.173913043,0.47639485,0.232300885,0.622182194,0.397919376,0.292073833,0.50665402,Good
0.280130293,0.382608696,0.158798283,0.247787611,0.68671426,0.418725618,0.28990228,0.512196327,Moderate
0.123778502,0.290434783,0.480686695,0.265486726,0.702935321,0.240572172,0.477741585,0.439961804,Good
0.146579805,0.304347826,0.467811159,0.267699115,0.626469786,0.352405722,0.30184582,0.296019651,Good
0.143322476,0.106086957,0.356223176,0.318584071,0.606576074,0.44083225,0.066232356,0.325027627,Good
0.394136808,0.266086957,0.261802575,0.327433628,0.672944229,0.407022107,0.273615635,0.432930713,Moderate
0.32247557,0.620869565,0.154506438,0.537610619,0.738084742,0.55396619,0.510314875,0.832761303,Poor
0.615635179,0.812173913,0.004291845,0.396017699,0.807068866,0.737321196,0.406080347,0.781365935,Hazardous
0.114006515,0.168695652,0.39055794,0.376106195,0.626469786,0.504551365,0.163952226,0.385351855,Good
0.820846906,0.751304348,0.012875536,0.646017699,0.795350642,0.690507152,0.766558089,0.796860406,Hazardous
0.51465798,0.714782609,0.038626609,0.420353982,0.846508858,0.755526658,0.570032573,0.706562972,Hazardous
0.107491857,0.146086957,0.364806867,0.234513274,0.55298762,0.3289987,0.080347448,0.411579123,Good
0.071661238,0.173913043,0.407725322,0.327433628,0.626469786,0.44213264,0.28990228,0.375648537,Good
0.273615635,0.226086957,0.261802575,0.39380531,0.784205144,0.534460338,0.285559175,0.398085407,Moderate
0.338762215,0.413913043,0.244635193,0.438053097,0.648834387,0.166449935,0.231270358,0.532749655,Moderate
0.449511401,0.646956522,0,0.663716814,0.795350642,0.794538362,0.457111835,0.691048712,Hazardous
0.35504886,0.323478261,0.077253219,0.5,0.495829243,0.392717815,0.584147666,0.67614611,Poor
0.237785016,0.363478261,0.115879828,0.435840708,0.707605519,0.590377113,0.23669924,0.613350563,Moderate
0.267100977,0.328695652,0.291845494,0.46460177,0.718178599,0.349804941,0.635179153,0.679300179,Poor
0.133550489,0.226086957,0.343347639,0.21460177,0.713701281,0.163849155,0.040173724,0.584711454,Good
0.127035831,0.196521739,0.35193133,0.227876106,0.658381251,0.162548765,0.178067318,0.302221889,Good
0.576547231,0.780869565,0.13304721,0.632743363,0.856121692,0.855656697,0.453854506,0.660618629,Hazardous
0.449511401,0.532173913,0.042918455,0.495575221,0.781915881,0.455136541,0.477741585,0.663685273,Hazardous
0.2247557,0.250434783,0.124463519,0.411504425,0.793160482,0.178153446,0.57980456,0.507590109,Moderate
0.13029316,0.262608696,0.420600858,0.230088496,0.642928394,0.462938882,0.470141151,0.428571215,Good
0.38762215,0.434782609,0.072961373,0.292035398,0.8578309,0.522756827,0.650380022,0.895939894,Poor
0.179153094,0.113043478,0.330472103,0.300884956,0.620010834,0.390117035,0.4082519,0.253280066,Good
0.358306189,0.347826087,0.291845494,0.484513274,0.73533513,0.581274382,0.372421281,0.607673723,Moderate
0.143322476,0.097391304,0.373390558,0.274336283,0.663941077,0.158647594,0.350705755,0.521919408,Good
0.218241042,0.337391304,0.128755365,0.196902655,0.773736263,0.401820546,0.326818675,0.487836536,Moderate
0.319218241,0.372173913,0.266094421,0.515486726,0.817270323,0.408322497,0.093376764,0.337896048,Poor
0.25732899,0.422608696,0.128755365,0.398230088,0.746158679,0.33680104,0.491856678,0.484669685,Moderate
0.071661238,0.20173913,0.605150215,0.201327434,0.640928685,0.395318596,0.218241042,0.617365637,Good
0.615635179,0.467826087,0.128755365,0.484513274,0.672944229,0.612483745,0.501628664,0.785747755,Poor
0.120521173,0.246956522,0.480686695,0.396017699,0.620010834,0.153446034,0.385450597,0.589436758,Good
0.042345277,0.106086957,0.896995708,0.404867257,0.604265903,0.235370611,0.38762215,0.565749628,Good
0.306188925,0.368695652,0.223175966,0.329646018,0.740804789,0.540962289,0.371335505,0.696165671,Moderate
0.605863192,0.368695652,0.017167382,0.940265487,0.811198947,0.840052016,0.562432139,0.692342157,Hazardous
0.19218241,0.208695652,0.309012876,0.338495575,0.733949034,0.521456437,0.358306189,0.6168688,Moderate
0.136807818,0.156521739,0.515021459,0.101769912,0.566814114,0.498049415,0.078175896,0.419509461,Good
0.25732899,0.43826087,0.111587983,0.314159292,0.660248137,0.257477243,0.166123779,0.457012282,Moderate
0.045602606,0.133913043,0.399141631,0.292035398,0.509693637,0.193758127,0.141150923,0.455758527,Good
0.068403909,0.172173913,0.403433476,0.338495575,0.577355718,0.206762029,0.207383279,0.557544438,Good
0.28990228,0.386086957,0.25751073,0.373893805,0.662101346,0.436931079,0.239956569,0.466729178,Moderate
0.42019544,0.373913043,0.124463519,0.159292035,0.751401599,0.291287386,0.57111835,0.708334867,Moderate
0.087947883,0.189565217,0.381974249,0.223451327,0.613382633,0.010403121,0.285559175,0.471391048,Good
0.071661238,0.274782609,0.330472103,0.292035398,0.620010834,0.174252276,0.218241042,0.305241865,Good
0.478827362,0.389565217,0.094420601,0.513274336,0.831840293,0.566970091,0.622149837,0.696480529,Poor
0.159609121,0.033043478,0.373390558,0.349557522,0.613382633,0.210663199,0.401737242,0.60016941,Good
0.241042345,0.379130435,0.167381974,0.409292035,0.715202542,0.651495449,0.376764387,0.590018482,Moderate
0.071661238,0.114782609,0.364806867,0.21460177,0.693328019,0.128738622,0.161780673,0.40664104,Good
0.100977199,0.229565217,0.454935622,0.165929204,0.587475542,0.139141743,0.285559175,0.435777404,Good
0.449511401,0.431304348,0.021459227,0.584070796,0.849166975,0.499349805,0.786102063,0.64270969,Hazardous
0.309446254,0.260869565,0.13304721,0.380530973,0.777274248,0.501950585,0.611292074,0.600716322,Moderate
0.403908795,0.24173913,0.068669528,0.542035398,0.751401599,0.827048114,0.340933768,0.743100024,Poor
0.13029316,0.233043478,0.549356223,0.294247788,0.660248137,0.137841352,0.453854506,0.425602866,Good
0.475570033,0.493913043,0.08583691,0.471238938,0.746158679,0.370611183,0.561346363,0.669293217,Poor
0.312703583,0.492173913,0.068669528,0.473451327,0.777274248,0.802340702,0.373507058,0.671486646,Poor
0.32247557,0.379130435,0.180257511,0.407079646,0.564108614,0.345903771,0.34310532,0.484669685,Moderate
0.429967427,0.716521739,0.008583691,0.792035398,0.850046844,0.605981795,0.497285559,0.823778972,Hazardous
0.811074919,0.55826087,0.012875536,0.730088496,0.879059507,0.505851756,0.471226927,0.847343332,Hazardous
0.153094463,0.114782609,0.450643777,0.225663717,0.611134068,0.145643693,0.397394137,0.308210214,Good
0.104234528,0.125217391,0.377682403,0.347345133,0.634832924,0.512353706,0.238870793,0.470237262,Good
0.540716612,0.648695652,0.167381974,0.471238938,0.891289653,0.322496749,0.279044517,0.639245351,Poor
0.117263844,0.314782609,0.394849785,0.17699115,0.574761214,0.139141743,0.318132465,0.457012282,Good
0.358306189,0.530434783,0.210300429,0.349557522,0.818268202,0.461638492,0.195439739,0.504766564,Moderate
0.283387622,0.314782609,0.399141631,0.365044248,0.726902286,0.624187256,0.365906623,0.466729178,Moderate
0.117263844,0.292173913,0.579399142,0.258849558,0.608865337,0.265279584,0.079261672,0.589436758,Good
0.068403909,0.142608696,0.330472103,0.216814159,0.702935321,0.131339402,0.091205212,0.432930713,Good
0.182410423,0.384347826,0.56223176,0.219026549,0.742153922,0.280884265,0.381107492,0.641418649,Moderate
0.234527687,0.306086957,0.167381974,0.369469027,0.777274248,0.421326398,0.566775244,0.742859353,Moderate
0.491856678,0.306086957,0.184549356,0.477876106,0.815262679,0.689206762,0.61237785,0.591752049,Poor
0.169381107,0.384347826,0.111587983,0.396017699,0.729744584,0.66189857,0.433224756,0.40830272,Moderate
0.462540717,0.267826087,0.124463519,0.400442478,0.52283747,0.33550065,0.34310532,0.670027443,Moderate
0.465798046,0.526956522,0.197424893,0.493362832,0.821238434,0.534460338,0.693811075,0.617365637,Poor
0.442996743,0.572173913,0.124463519,0.528761062,0.835587944,0.641092328,0.349619978,0.536741652,Poor
0.159609121,0.314782609,0.420600858,0.188053097,0.555814039,0.029908973,0.347448426,0.633464088,Good
0.078175896,0.067826087,0.643776824,0.254424779,0.716694947,0.101430429,0.123778502,0.609759565,Good
0.195439739,0.28173913,0.13304721,0.438053097,0.660248137,0.357607282,0.256243214,0.489916133,Moderate
0.270358306,0.459130435,0.489270386,0.258849558,0.690042754,0.568270481,0.491856678,0.545213782,Moderate
0.120521173,0.191304348,0.339055794,0.314159292,0.604265903,0.061118336,0.287730727,0.494002068,Good
0.107491857,0.24173913,0.386266094,0.296460177,0.592387577,0.205461638,0.161780673,0.569057237,Good
0.351791531,0.443478261,0.274678112,0.533185841,0.842015634,0.798439532,0.648208469,0.58590489,Poor
0.153094463,0.290434783,0.334763948,0.294247788,0.574761214,0.407022107,0.448425624,0.614867116,Good
0.364820847,0.32,0.270386266,0.232300885,0.73533513,0.3289987,0.475570033,0.677203845,Moderate
0.820846906,0.525217391,0.124463519,0.362831858,0.881398154,0.616384915,0.830618893,0.700522564,Hazardous
0.296416938,0.215652174,0.197424893,0.283185841,0.704501653,0.127438231,0.541802389,0.714964415,Moderate
0.110749186,0.316521739,0.330472103,0.298672566,0.617820675,0.10793238,0.42019544,0.430036576,Good
0.143322476,0.36173913,0.141630901,0.530973451,0.662101346,0.590377113,0.450597177,0.545213782,Moderate
0.110749186,0.224347826,0.35193133,0.294247788,0.67992293,0.505851756,0.27795874,0.539093529,Good
0.57980456,0.59826087,0.008583691,0.513274336,0.743495898,0.592977893,0.83713355,0.890262753,Hazardous
0.635179153,0.6,0.004291845,0.524336283,0.886011568,0.859557867,0.749185668,0.85508507,Hazardous
0.094462541,0.269565217,0.339055794,0.137168142,0.613382633,0.260078023,0.42019544,0.305241865,Good
0.114006515,0.104347826,0.463519313,0.300884956,0.624335074,0.144343303,0.327904452,0.414794849,Good
0.198697068,0.316521739,0.124463519,0.451327434,0.683341385,0.534460338,0.351791531,0.599620771,Moderate
0.094462541,0.194782609,0.343347639,0.25,0.57992388,0.230169051,0.21606949,0.554720893,Good
0.09771987,0.234782609,0.326180258,0.183628319,0.582466232,0.413524057,0.438653637,0.570362839,Good
0,0.295652174,0.381974249,0.247787611,0.640928685,0.500650195,0.447339848,0.437183437,Good
0.110749186,0.099130435,0.364806867,0.289823009,0.513044174,0.046814044,0.100977199,0.483601102,Good
0.325732899,0.19826087,0.30472103,0.192477876,0.646881004,0.349804941,0.193268187,0.527002041,Moderate
0.921824104,0.394782609,0.030042918,0.577433628,0.825145259,0.785435631,0.799131379,0.800699932,Hazardous
0.342019544,0.349565217,0.154506438,0.331858407,0.746158679,0.436931079,0.323561346,0.547454384,Moderate
0.429967427,0.32,0.145922747,0.424778761,0.846508858,0.457737321,0.459283388,0.56440874,Poor
0.381107492,0.39826087,0.244635193,0.409292035,0.902242094,0.758127438,0.317046688,0.525324306,Poor
0.06514658,0.276521739,0.622317597,0.265486726,0.676457644,0.178153446,0.426710098,0.245009731,Good
0.667752443,0.542608696,0.012875536,0.659292035,0.902242094,0.570871261,0.532030402,0.901050336,Hazardous
0.254071661,0.28,0.21888412,0.219026549,0.694954789,0.340702211,0.377850163,0.628417269,Moderate
0.074918567,0.097391304,0.570815451,0.280973451,0.638913042,0.516254876,0.457111835,0.441334493,Good
0.449511401,0.68,0.025751073,0.415929204,0.843822512,0.672301691,0.491856678,0.487836536,Hazardous
0.078175896,0.222608696,0.330472103,0.411504425,0.624335074,0.016905072,0.287730727,0.319600803,Good
0.084690554,0.333913043,0.334763948,0.39380531,0.622182194,0.288686606,0.451682953,0.485731732,Good
0.127035831,0.125217391,0.527896996,0.203539823,0.622182194,0.10663199,0.390879479,0.670027443,Good
0.042345277,0.12,0.412017167,0.090707965,0.638913042,0.395318596,0.09771987,0.572944957,Good
0.550488599,0.469565217,0.034334764,0.745575221,0.650772802,0.853055917,0.741585233,0.264990855,Hazardous
0.328990228,0.248695652,0.150214592,0.227876106,0.712191056,0.257477243,0.401737242,0.541413976,Moderate
0.107491857,0.093913043,0.347639485,0.223451327,0.55298762,0.026007802,0.26927253,0.475931025,Good
0.407166124,0.24173913,0.08583691,0.581858407,0.856121692,0.55656697,0.541802389,0.781365935,Poor
0.423452769,0.584347826,0.004291845,0.75,0.809142335,0.768530559,0.312703583,0.544460444,Hazardous
0.530944625,0.655652174,0.317596567,0.455752212,0.844721134,0.400520156,0.512486428,0.641850063,Poor
0.107491857,0.16173913,0.35193133,0.210176991,0.513044174,0.526657997,0.30184582,0.409948649,Good
0.394136808,0.553043478,0.072961373,0.553097345,0.778442666,0.401820546,0.332247557,0.630269492,Poor
0.06514658,0.074782609,0.360515021,0.340707965,0.644912419,0.486345904,0.313789359,0.585309197,Good
0.335504886,0.217391304,0.175965665,0.477876106,0.736713672,0.314694408,0.438653637,0.587090179,Moderate
0.338762215,0.4,0.270386266,0.398230088,0.574761214,0.55916775,0.407166124,0.439961804,Moderate
0.058631922,0.306086957,0.330472103,0.088495575,0.547238239,0.425227568,0.083604777,0.50852118,Good
0.13029316,0.267826087,0.330472103,0.267699115,0.658381251,0.302990897,0.268186754,0.50665402,Good
0.117263844,0.073043478,0.424892704,0.267699115,0.681637932,0.512353706,0.256243214,0.448039736,Good
0.413680782,0.379130435,0.21888412,0.584070796,0.794257932,0.482444733,0.530944625,0.689418238,Poor
0.263843648,0.370434783,0.124463519,0.477876106,0.739448421,0.33159948,0.385450597,0.520191591,Moderate
0.107491857,0.15826087,0.326180258,0.316371681,0.658381251,0.195058518,0.394136808,0.690398358,Good
0.211726384,0.23826087,0.128755365,0.216814159,0.550129263,0.339401821,0.42019544,0.480355321,Moderate
0.022801303,0.311304348,0.429184549,0.192477876,0.667580879,0.33810143,0.142236699,0.470237262,Good
0.123778502,0.274782609,0.35193133,0.137168142,0.529161846,0.065019506,0.25732899,0.5157953,Good
0.133550489,0.149565217,0.39055794,0.360619469,0.634832924,0.368010403,0.293159609,0.580468627,Good
0.120521173,0.125217391,0.381974249,0.28539823,0.706058347,0.206762029,0.476655809,0.387229109,Good
0.221498371,0.337391304,0.403433476,0.303097345,0.683341385,0.312093628,0.221498371,0.715810773,Moderate
0.885993485,0.902608696,0.077253219,0.455752212,0.713701281,0.937581274,0.548317047,0.708921504,Hazardous
0.543973941,0.499130435,0.081545064,0.345132743,0.761572291,0.673602081,0.57111835,0.6168688,Poor
0.364820847,0.340869565,0.107296137,0.327433628,0.693328019,0.455136541,0.55917481,0.428571215,Moderate
0.260586319,0.547826087,0.201716738,0.610619469,0.832782424,0.299089727,0.260586319,0.711248429,Poor
0.325732899,0.379130435,0.13304721,0.462389381,0.640928685,0.150845254,0.140065147,0.584111646,Moderate
0.283387622,0.273043478,0.248927039,0.418141593,0.699773256,0.201560468,0.55917481,0.327678735,Moderate
0.13029316,0.349565217,0.377682403,0.307522124,0.640928685,0.126137841,0.474484256,0.379595166,Good
0.188925081,0.382608696,0.236051502,0.210176991,0.626469786,0.452535761,0.284473398,0.576747537,Moderate
0.104234528,0.170434783,0.356223176,0.196902655,0.59958129,0.240572172,0.357220413,0.480355321,Good
0.127035831,0.253913043,0.540772532,0.170353982,0.569490985,0.377113134,0.261672096,0.437183437,Good
0.309446254,0.172173913,0.253218884,0.415929204,0.764052329,0.345903771,0.448425624,0.518446408,Moderate
0.16286645,0.32173913,0.630901288,0.245575221,0.67992293,0.022106632,0.258414767,0.438578177,Good
0.201954397,0.210434783,0.463519313,0.274336283,0.658381251,0.201560468,0.453854506,0.40830272,Good
0.061889251,0.313043478,0.360515021,0.174778761,0.513044174,0.387516255,0.373507058,0.501896346,Good
0.234527687,0.180869565,0.13304721,0.384955752,0.688383982,0.581274382,0.358306189,0.540643934,Moderate
0.114006515,0.27826087,0.377682403,0.154867257,0.617820675,0.040312094,0.252985885,0.292833429,Good
0.175895765,0.332173913,0.274678112,0.365044248,0.742153922,0.507152146,0.457111835,0.715810773,Moderate
0.087947883,0.196521739,0.35193133,0.134955752,0.667580879,0.152145644,0.132464712,0.373641067,Good
0.143322476,0.245217391,0.334763948,0.35619469,0.555814039,0.028608583,0.059717698,0.398085407,Good
0.140065147,0.085217391,0.43776824,0.261061947,0.628586634,0.368010403,0.08577633,0.313998891,Good
0.86970684,0.737391304,0.145922747,0.568584071,0.813238973,0.491547464,0.60369164,0.876655538,Hazardous
0.136807818,0.088695652,0.403433476,0.254424779,0.669381327,0.067620286,0.374592834,0.340359128,Good
0.120521173,0.288695652,0.347639485,0.342920354,0.604265903,0.44993498,0.320304017,0.308210214,Good
0.09771987,0.168695652,0.339055794,0.188053097,0.606576074,0.026007802,0.382193268,0.425602866,Good
0.169381107,0.262608696,0.373390558,0.203539823,0.632767917,0.318595579,0.122692725,0.403269202,Good
0.306188925,0.500869565,0.120171674,0.482300885,0.742153922,0.657997399,0.166123779,0.494002068,Moderate
0.394136808,0.48173913,0.064377682,0.497787611,0.722578047,0.628088427,0.377850163,0.679647121,Poor
0.110749186,0.259130435,0.334763948,0.238938053,0.509693637,0.477243173,0.28990228,0.394541525,Good
0.247557003,0.266086957,0.154506438,0.400442478,0.726902286,0.596879064,0.477741585,0.783475388,Moderate
0.250814332,0.311304348,0.120171674,0.477876106,0.795350642,0.3289987,0.232356135,0.319600803,Moderate
0.442996743,0.52173913,0.120171674,0.119469027,0.874316333,0.44213264,0.229098806,0.670758577,Moderate
0.084690554,0.32173913,0.347639485,0.234513274,0.608865337,0.158647594,0.070575461,0.482525902,Good
0.540716612,0.593043478,0.107296137,0.665929204,0.774921098,0.527958388,0.581976113,0.672211676,Hazardous
0.16286645,0.104347826,0.463519313,0.183628319,0.622182194,0.126137841,0.423452769,0.488879448,Good
0.110749186,0.264347826,0.416309013,0.092920354,0.636881209,0.388816645,0.446254072,0.56237779,Good
0.091205212,0.220869565,0.364806867,0.387168142,0.59958129,0.063719116,0.146579805,0.330289976,Good
0.348534202,0.593043478,0.197424893,0.453539823,0.850046844,0.409622887,0.251900109,0.76751521,Poor
0.107491857,0.248695652,0.506437768,0.258849558,0.699773256,0.101430429,0.218241042,0.42258289,Good
0.133550489,0.139130435,0.399141631,0.223451327,0.646881004,0.178153446,0.20412595,0.404963305,Good
0.384364821,0.205217391,0.120171674,0.367256637,0.688383982,0.44343303,0.279044517,0.489916133,Moderate
0.573289902,0.382608696,0.060085837,0.411504425,0.896459856,0.66189857,0.140065147,0.62795111,Poor
0.234527687,0.471304348,0.145922747,0.451327434,0.709143286,0.603381014,0.347448426,0.675792096,Moderate
0.214983713,0.394782609,0.236051502,0.389380531,0.828036283,0.384915475,0.111834962,0.603425335,Moderate
0.403908795,0.283478261,0.244635193,0.442477876,0.606576074,0.260078023,0.437567861,0.383454086,Moderate
0.394136808,0.333913043,0.124463519,0.431415929,0.79205825,0.267880364,0.720955483,0.651079706,Poor
0.280130293,0.504347826,0.253218884,0.389380531,0.706058347,0.628088427,0.188925081,0.469075758,Moderate
0.296416938,0.311304348,0.120171674,0.486725664,0.662101346,0.308192458,0.533116178,0.567080242,Moderate
0.283387622,0.339130435,0.124463519,0.298672566,0.636881209,0.378413524,0.39630836,0.633915699,Poor
0.074918567,0.297391304,0.343347639,0.212389381,0.650772802,0.167750325,0.082519001,0.375648537,Good
0.25732899,0.208695652,0.296137339,0.599557522,0.786473876,0.374512354,0.558089034,0.512196327,Moderate
0.140065147,0.12,0.360515021,0.296460177,0.601934441,0.202860858,0.123778502,0.47480711,Good
0.680781759,0.542608696,0.072961373,0.57300885,0.790951194,0.579973992,0.745928339,0.473675874,Hazardous
0.433224756,0.47826087,0.124463519,0.460176991,0.719653599,0.491547464,0.580890337,0.818718783,Poor
0.459283388,0.780869565,0.055793991,0.60619469,0.828992662,0.44473342,0.477741585,0.662923675,Hazardous
0.475570033,0.309565217,0.051502146,0.451327434,0.79205825,0.284785436,0.610206298,0.650260628,Poor
0.429967427,0.295652174,0.180257511,0.365044248,0.887530863,0.360208062,0.399565689,0.740678168,Poor
0.384364821,0.351304348,0.107296137,0.353982301,0.760323094,0.694408322,0.31053203,0.591752049,Poor
0.143322476,0.180869565,0.364806867,0.183628319,0.678196221,0.066319896,0.069489685,0.503815086,Good
0.13029316,0.356521739,0.347639485,0.243362832,0.638913042,0.315994798,0.195439739,0.325027627,Good
0.293159609,0.332173913,0.210300429,0.314159292,0.761572291,0.624187256,0.522258415,0.45322353,Moderate
0.429967427,0.626086957,0.30472103,0.376106195,0.788722441,0.408322497,0.342019544,0.538313104,Poor
0.296416938,0.262608696,0.150214592,0.316371681,0.817270323,0.399219766,0.292073833,0.560322805,Moderate
0.091205212,0.273043478,0.347639485,0.219026549,0.535331954,0.172951886,0.131378936,0.626545076,Good
0.276872964,0.405217391,0.188841202,0.170353982,0.718178599,0.613784135,0.197611292,0.711825321,Moderate
0.166123779,0.269565217,0.334763948,0.265486726,0.604265903,0.342002601,0.091205212,0.365370732,Good
0.042345277,0.114782609,0.403433476,0.35619469,0.663941077,0.165149545,0.20412595,0.484669685,Good
0.706840391,0.676521739,0.051502146,0.699115044,0.721120049,0.525357607,0.50597177,0.581081129,Hazardous
0.117263844,0.262608696,0.326180258,0.283185841,0.630685915,0.339401821,0.172638436,0.469075758,Good
0.110749186,0.203478261,0.467811159,0.353982301,0.656500485,0.150845254,0.091205212,0.520191591,Good
0.456026059,0.302608696,0.042918455,0.409292035,0.803926442,0.832249675,0.604777416,0.361083002,Poor
0.534201954,0.500869565,0.145922747,0.519911504,0.841107331,0.724317295,0.527687296,0.556842844,Poor
0.478827362,0.457391304,0.248927039,0.415929204,0.889041088,0.421326398,0.284473398,0.619828717,Hazardous
0.068403909,0.234782609,0.35193133,0.236725664,0.566814114,0.456436931,0.447339848,0.41319443,Good
0.06514658,0.285217391,0.454935622,0.196902655,0.620010834,0.469440832,0.048859935,0.367475536,Good
0.459283388,0.255652174,0.0472103,0.39380531,0.785342053,0.707412224,0.264929425,0.330289976,Poor
0.273615635,0.375652174,0.154506438,0.329646018,0.665767524,0.487646294,0.50597177,0.571658697,Moderate
0.319218241,0.655652174,0.094420601,0.495575221,0.864554535,0.807542263,0.555917481,0.490946665,Poor
0.091205212,0.194782609,0.326180258,0.272123894,0.632767917,0.266579974,0.323561346,0.484669685,Good
0.120521173,0.193043478,0.549356223,0.334070796,0.615611387,0.33810143,0.495114007,0.615870842,Good
0.09771987,0.231304348,0.420600858,0.371681416,0.624335074,0.33420026,0.429967427,0.514902525,Good
0.110749186,0.224347826,0.424892704,0.245575221,0.644912419,0.126137841,0.061889251,0.594603414,Good
0.156351792,0.220869565,0.429184549,0.201327434,0.594808283,0.492847854,0.196525516,0.557544438,Good
0.156351792,0.226086957,0.545064378,0.276548673,0.59958129,0.136540962,0.054288817,0.045558038,Good
0.299674267,0.297391304,0.236051502,0.402654867,0.807068866,0.483745124,0.385450597,0.56237779,Moderate
0.114006515,0.24173913,0.515021459,0.210176991,0.699773256,0.426527958,0.137893594,0.497004636,Good
0.16286645,0.24,0.575107296,0.101769912,0.662101346,0.101430429,0.35504886,0.40830272,Good
0.260586319,0.492173913,0.429184549,0.223451327,0.628586634,0.204161248,0.377850163,0.464350453,Moderate
0.120521173,0.292173913,0.326180258,0.199115044,0.597206044,0.100130039,0.282301846,0.435777404,Good
0.361563518,0.537391304,0.072961373,0.455752212,0.628586634,0.578673602,0.605863192,0.655914661,Hazardous
0.247557003,0.203478261,0.115879828,0.497787611,0.731153846,0.561768531,0.459283388,0.289587648,Moderate
0.104234528,0.255652174,0.39055794,0.362831858,0.555814039,0.11573472,0.141150923,0.352176218,Good
0.107491857,0.302608696,0.412017167,0.274336283,0.654605631,0.248374512,0.282301846,0.389086284,Good
0.403908795,0.290434783,0.420600858,0.338495575,0.495829243,0.522756827,0.57980456,0.430036576,Moderate
0.648208469,0.711304348,0.038626609,0.566371681,0.912053479,0.737321196,0.660152009,0.718047767,Hazardous
0.517915309,0.36173913,0.201716738,0.480088496,0.790951194,0.746423927,0.312703583,0.840480095,Poor
0.374592834,0.342608696,0.064377682,0.539823009,0.834656224,0.650195059,0.521172638,0.540643934,Poor
0.436482085,0.476521739,0.060085837,0.212389381,0.753982865,0.482444733,0.545059718,0.569057237,Poor
0.127035831,0.180869565,0.339055794,0.349557522,0.67116905,0.508452536,0.115092291,0.356686711,Good
0.13029316,0.144347826,0.377682403,0.256637168,0.587475542,0.391417425,0.483170467,0.381535345,Good
0.074918567,0.224347826,0.446351931,0.269911504,0.59958129,0.426527958,0.382193268,0.449350264,Good
0.123778502,0.434782609,0.240343348,0.223451327,0.783063102,0.55396619,0.285559175,0.427093383,Moderate
0.371335505,0.469565217,0.077253219,0.462389381,0.707605519,0.641092328,0.464712269,0.47925977,Poor
0.114006515,0.252173913,0.356223176,0.174778761,0.589943482,0.239271782,0.383279045,0.624176087,Good
0.61237785,0.711304348,0.098712446,0.486725664,0.822220811,0.681404421,0.791530945,0.745013478,Hazardous
0.117263844,0.142608696,0.459227468,0.327433628,0.589943482,0.300390117,0.416938111,0.414794849,Good
0.684039088,0.51826087,0.081545064,0.683628319,0.818268202,0.368010403,0.561346363,0.548194872,Hazardous
0.416938111,0.48,0.210300429,0.550884956,0.759067697,0.342002601,0.463626493,0.501896346,Poor
0.449511401,0.43826087,0.060085837,0.60840708,0.889792833,0.77373212,0.533116178,0.67614611,Hazardous
0.358306189,0.314782609,0.141630901,0.362831858,0.648834387,0.609882965,0.610206298,0.595730978,Moderate
0.260586319,0.323478261,0.184549356,0.420353982,0.622182194,0.537061118,0.501628664,0.494002068,Moderate
0.188925081,0.229565217,0.669527897,0.17699115,0.646881004,0.058517555,0.233441911,0.513103087,Good
0.540716612,0.234782609,0.055793991,0.451327434,0.855262737,0.314694408,0.353963084,0.655118126,Poor
0.211726384,0.410434783,0.141630901,0.42699115,0.787600657,0.643693108,0.542888165,0.50665402,Moderate
0.09771987,0.088695652,0.394849785,0.28539823,0.617820675,0.271781534,0.089033659,0.53355543,Good
0.368078176,0.333913043,0.150214592,0.451327434,0.736713672,0.174252276,0.288816504,0.53030965,Moderate
0.110749186,0.154782609,0.690987124,0.225663717,0.632767917,0.44213264,0.476655809,0.45322353,Good
0.140065147,0.12,0.369098712,0.35840708,0.634832924,0.325097529,0.199782845,0.448039736,Good
0.482084691,0.48173913,0.064377682,0.376106195,0.756538058,0.568270481,0.680781759,0.595168111,Poor
0.081433225,0.266086957,0.347639485,0.305309735,0.654605631,0.381014304,0.23669924,0.432930713,Good
0.104234528,0.299130435,0.407725322,0.238938053,0.67116905,0.413524057,0.166123779,0.601805004,Good
0.114006515,0.126956522,0.442060086,0.146017699,0.672944229,0.123537061,0.206297503,0.505712856,Good
0.078175896,0.290434783,0.381974249,0.148230088,0.648834387,0.472041612,0.123778502,0.296019651,Good
0.400651466,0.248695652,0.158798283,0.353982301,0.802870232,0.572171651,0.611292074,0.513103087,Moderate
0.325732899,0.227826087,0.197424893,0.39380531,0.707605519,0.563068921,0.519001086,0.719155548,Moderate
0.456026059,0.523478261,0.077253219,0.595132743,0.807068866,0.33289987,0.498371336,0.511284807,Poor
0.234527687,0.446956522,0.163090129,0.318584071,0.729744584,0.44863459,0.589576547,0.535155849,Moderate
0.123778502,0.128695652,0.545064378,0.192477876,0.601934441,0.306892068,0.425624321,0.39983059,Good
0.127035831,0.146086957,0.321888412,0.365044248,0.587475542,0.426527958,0.082519001,0.322335415,Good
0.104234528,0.109565217,0.399141631,0.42920354,0.626469786,0.127438231,0.220412595,0.491971118,Good
0.270358306,0.269565217,0.124463519,0.329646018,0.719653599,0.470741222,0.554831705,0.678255175,Moderate
0.267100977,0.27826087,0.163090129,0.236725664,0.613382633,0.373211964,0.378935939,0.510368476,Moderate
0.136807818,0.16,0.334763948,0.261061947,0.582466232,0.416124837,0.304017372,0.363240101,Good
0.127035831,0.172173913,0.364806867,0.25,0.615611387,0.071521456,0.373507058,0.450650976,Good
0.377850163,0.467826087,0.120171674,0.274336283,0.615611387,0.416124837,0.337676439,0.750860637,Moderate
0.159609121,0.259130435,0.347639485,0.243362832,0.499367229,0.054616385,0.335504886,0.438578177,Good
0.599348534,0.448695652,0.008583691,0.67920354,0.492241071,0.490247074,0.397394137,0.77607687,Hazardous
0.576547231,0.84173913,0.081545064,0.446902655,0.710671761,0.617685306,0.356134636,0.655118126,Hazardous
0.2247557,0.313043478,0.038626609,0.407079646,0.750101021,0.583875163,0.349619978,0.538313104,Poor
0.283387622,0.405217391,0.231759657,0.451327434,0.83089464,0.548764629,0.398479913,0.745013478,Poor
0.48534202,0.59826087,0.210300429,0.597345133,0.834656224,0.752925878,0.777415852,0.70387076,Hazardous
0.127035831,0.132173913,0.334763948,0.325221239,0.55298762,0.088426528,0.419109663,0.313998891,Good
0.078175896,0.133913043,0.605150215,0.256637168,0.634832924,0.087126138,0.245385451,0.451942017,Good
0.573289902,0.500869565,0.13304721,0.446902655,0.532265712,0.279583875,0.172638436,0.721894473,Poor
0.107491857,0.28173913,0.43776824,0.196902655,0.646881004,0.158647594,0.3669924,0.52866372,Good
0.325732899,0.408695652,0.0472103,0.349557522,0.676457644,0.682704811,0.62432139,0.596292026,Poor
0.48534202,0.450434783,0.064377682,0.511061947,0.752695525,0.565669701,0.548317047,0.612332119,Poor
0.335504886,0.27826087,0.244635193,0.473451327,0.798600732,0.638491547,0.398479913,0.531940124,Moderate
0.478827362,0.44173913,0.051502146,0.557522124,0.59958129,0.55136541,0.436482085,0.678952543,Poor
0.2247557,0.295652174,0.35193133,0.387168142,0.756538058,0.266579974,0.37567861,0.6465262,Moderate
0.491856678,0.692173913,0.060085837,0.455752212,0.75780604,0.698309493,0.349619978,0.42258289,Poor
0.09771987,0.215652174,0.56223176,0.07079646,0.640928685,0.098829649,0.029315961,0.394541525,Good
0.029315961,0.307826087,0.39055794,0,0.529161846,0.174252276,0.323561346,0.365370732,Good
0.143322476,0.132173913,0.399141631,0.247787611,0.656500485,0.249674902,0.190010858,0.289587648,Good
0.136807818,0.288695652,0.536480687,0.294247788,0.604265903,0.462938882,0.308360478,0.482525902,Good
0.13029316,0.31826087,0.424892704,0.314159292,0.582466232,0.438231469,0.197611292,0.482525902,Good
0.143322476,0.217391304,0.334763948,0.28539823,0.693328019,0.092327698,0.284473398,0.611820648,Good
0.28990228,0.243478261,0.175965665,0.272123894,0.783063102,0.176853056,0.308360478,0.567080242,Moderate
0.110749186,0.262608696,0.369098712,0.35840708,0.642928394,0.417425228,0.184581976,0.535155849,Good
0.149837134,0.306086957,0.115879828,0.327433628,0.73533513,0.240572172,0.483170467,0.605562521,Moderate
0.094462541,0.23826087,0.339055794,0.183628319,0.656500485,0.526657997,0.358306189,0.457012282,Good
0.120521173,0.149565217,0.416309013,0.384955752,0.624335074,0.183355007,0.120521173,0.53030965,Good
0.211726384,0.417391304,0.124463519,0.402654867,0.55298762,0.422626788,0.336590662,0.545963866,Moderate
0.508143322,0.36,0.060085837,0.639380531,0.842920686,0.602080624,0.377850163,0.624176087,Poor
0.110749186,0.107826087,0.386266094,0.241150442,0.669381327,0.074122237,0.158523344,0.461938689,Good
0.250814332,0.325217391,0.347639485,0.212389381,0.787600657,0.193758127,0.252985885,0.520191591,Moderate
0.107491857,0.12,0.339055794,0.387168142,0.555814039,0.039011704,0.115092291,0.467906432,Good
0.117263844,0.113043478,0.446351931,0.172566372,0.724027689,0.417425228,0.364820847,0.500928966,Good
0.599348534,0.419130435,0.158798283,0.347345133,0.803926442,0.460338101,0.471226927,0.702964,Poor
0.543973941,0.389565217,0.064377682,0.495575221,0.764052329,0.386215865,0.388707926,0.694582759,Poor
0.149837134,0.137391304,0.360515021,0.307522124,0.662101346,0.345903771,0.376764387,0.349876261,Good
0.149837134,0.257391304,0.386266094,0.225663717,0.642928394,0.382314694,0.369163952,0.511284807,Good
0.325732899,0.309565217,0.270386266,0.245575221,0.676457644,0.266579974,0.284473398,0.45322353,Moderate
0.107491857,0.325217391,0.369098712,0.181415929,0.566814114,0.143042913,0.220412595,0.62701502,Good
0.218241042,0.389565217,0.188841202,0.247787611,0.783063102,0.585175553,0.198697068,0.586498546,Moderate
0.35504886,0.554782609,0.150214592,0.601769912,0.781915881,0.737321196,0.496199783,0.755848151,Poor
0.273615635,0.253913043,0.21888412,0.159292035,0.624335074,0.596879064,0.484256243,0.319600803,Moderate
0.390879479,0.495652174,0.064377682,0.555309735,0.885248485,0.55006502,0.314875136,0.796153096,Poor
0.501628664,0.662608696,0.077253219,0.303097345,0.776100409,0.803641092,0.276872964,0.594036874,Poor
0.250814332,0.48,0.154506438,0.292035398,0.722578047,0.43953186,0.617806732,0.68974556,Moderate
0.283387622,0.114782609,0.111587983,0.384955752,0.771349812,0.210663199,0.302931596,0.659064755,Moderate
0.195439739,0.467826087,0.158798283,0.588495575,0.638913042,0.21716515,0.181324647,0.449350264,Moderate
0.498371336,0.51826087,0.124463519,0.5,0.848284036,0.399219766,0.369163952,0.473675874,Poor
0.368078176,0.175652174,0.158798283,0.196902655,0.622182194,0.137841352,0.16286645,0.645685306,Moderate
0.469055375,0.311304348,0.0472103,0.668141593,0.718178599,0.434330299,0.62432139,0.605030686,Poor
0.107491857,0.255652174,0.35193133,0.207964602,0.574761214,0.391417425,0.276872964,0.47480711,Good
0.794788274,0.852173913,0.004291845,0.539823009,0.801809594,0.631989597,0.445168295,0.601261516,Hazardous
0.641693811,0.328695652,0.042918455,0.380530973,0.773736263,0.602080624,0.459283388,0.584111646,Poor
0.504885993,0.633043478,0.090128755,0.420353982,0.738084742,0.241872562,0.418023887,0.623219367,Poor
0.081433225,0.137391304,0.43776824,0.336283186,0.638913042,0.434330299,0.401737242,0.245009731,Good
0.527687296,0.76,0.137339056,0.67920354,0.751401599,0.587776333,0.794788274,0.665198522,Hazardous
0.335504886,0.450434783,0.17167382,0.413716814,0.841107331,0.371911573,0.328990228,0.590598263,Poor
0.328990228,0.44173913,0.115879828,0.376106195,0.574761214,0.352405722,0.477741585,0.594603414,Moderate
0.371335505,0.415652174,0.120171674,0.303097345,0.832782424,0.525357607,0.432138979,0.7712363,Poor
0.188925081,0.28,0.120171674,0.373893805,0.762815349,0.626788036,0.339847991,0.613857554,Moderate
0.127035831,0.31826087,0.480686695,0.39159292,0.672944229,0.297789337,0.368078176,0.571658697,Good
0.201954397,0.426086957,0.193133047,0.35619469,0.752695525,0.470741222,0.441910966,0.763284934,Moderate
0.094462541,0.23826087,0.381974249,0.17699115,0.650772802,0.015604681,0.178067318,0.373641067,Good
0.342019544,0.457391304,0.210300429,0.632743363,0.856121692,0.455136541,0.545059718,0.39983059,Poor
0.283387622,0.405217391,0.120171674,0.367256637,0.672944229,0.240572172,0.533116178,0.78649865,Moderate
0.306188925,0.309565217,0.278969957,0.39380531,0.79205825,0.206762029,0.148751357,0.600716322,Moderate
0.127035831,0.257391304,0.369098712,0.309734513,0.574761214,0.284785436,0,0.500928966,Good
0.143322476,0.314782609,0.137339056,0.292035398,0.660248137,0.180754226,0.223669924,0.497994065,Moderate
0.42019544,0.709565217,0.064377682,0.526548673,0.841107331,0.423927178,0.401737242,0.727246028,Hazardous
0.524429967,0.391304348,0.017167382,0.637168142,0.846508858,0.435630689,0.470141151,0.729080777,Hazardous
0.381107492,0.44,0.068669528,0.683628319,0.761572291,0.55396619,0.279044517,0.731668667,Poor
0.136807818,0.382608696,0.107296137,0.303097345,0.67992293,0.209362809,0.242128122,0.503815086,Moderate
0.071661238,0.227826087,0.416309013,0.35619469,0.681637932,0.247074122,0.276872964,0.434359892,Good
0.276872964,0.448695652,0.227467811,0.471238938,0.658381251,0.191157347,0.432138979,0.352176218,Moderate
0.638436482,0.433043478,0.184549356,0.550884956,0.907895108,0.356306892,0.779587405,0.716653026,Hazardous
0.123778502,0.175652174,0.373390558,0.194690265,0.662101346,0.137841352,0.3669924,0.543703823,Good
0.439739414,0.56173913,0.0472103,0.568584071,0.69169072,0.461638492,0.509229099,0.738962545,Poor
0.071661238,0.175652174,0.330472103,0.338495575,0.685033444,0.421326398,0.479913138,0.555431095,Good
0.120521173,0.274782609,0.334763948,0.223451327,0.550129263,0.042912874,0.092290988,0.387229109,Good
0.214983713,0.36,0.25751073,0.318584071,0.688383982,0.401820546,0.541802389,0.624652477,Moderate
0.648208469,0.582608696,0.343347639,0.484513274,0.693328019,0.765929779,0.315960912,0.837154006,Poor
0.801302932,0.72173913,0.034334764,0.942477876,0.810172731,0.451235371,0.356134636,0.596851267,Hazardous
0.234527687,0.4,0.227467811,0.269911504,0.604265903,0.165149545,0.263843648,0.618355065,Moderate
0.309446254,0.413913043,0.158798283,0.433628319,0.678196221,0.22106632,0.587404995,0.681714338,Moderate
0.087947883,0.107826087,0.454935622,0.159292035,0.572139824,0.33289987,0.358306189,0.579853956,Good
0.312703583,0.539130435,0.0472103,0.373893805,0.808107725,0.699609883,0.437567861,0.535950561,Poor
0.263843648,0.283478261,0.137339056,0.327433628,0.54135514,0.487646294,0.403908795,0.643991203,Moderate
0.263843648,0.212173913,0.150214592,0.475663717,0.747479631,0.579973992,0.17155266,0.646106262,Moderate
0.534201954,0.64,0.326180258,0.389380531,0.738084742,0.525357607,0.621064061,0.677554996,Poor
0.114006515,0.234782609,0.326180258,0.457964602,0.624335074,0,0.406080347,0.450650976,Good
0.498371336,1,0.004291845,0.838495575,0.841107331,0.804941482,0.585233442,0.590598263,Hazardous
0.534201954,0.793043478,0.111587983,0.869469027,0.774921098,0.706111834,0.279044517,0.50665402,Hazardous
0.433224756,0.580869565,0.575107296,0.935840708,0.874316333,0.600780234,0.433224756,0.768140955,Hazardous
0.09771987,0.23826087,0.364806867,0.265486726,0.535331954,0.453836151,0.078175896,0.699906804,Good
0.087947883,0.269565217,0.326180258,0.25,0.569490985,0.22496749,0.232356135,0.383454086,Good
0.280130293,0.323478261,0.107296137,0.327433628,0.713701281,0.248374512,0.335504886,0.463148758,Moderate
0.058631922,0.266086957,0.39055794,0.309734513,0.667580879,0.465539662,0.344191097,0.52447932,Good
0.156351792,0.182608696,0.403433476,0.203539823,0.561373864,0.511053316,0.393051031,0.556842844,Good
0.143322476,0.093913043,0.420600858,0.201327434,0.589943482,0.117035111,0.479913138,0.33286253,Good
0.749185668,0.551304348,0.107296137,0.690265487,0.920170599,0.721716515,0.46145494,0.654718484,Hazardous
0.081433225,0.125217391,0.347639485,0.347345133,0.620010834,0.152145644,0.089033659,0.450650976,Good
0.397394137,0.316521739,0.180257511,0.378318584,0.802870232,0.686605982,0.486427796,0.584711454,Poor
0.087947883,0.203478261,0.403433476,0.303097345,0.642928394,0.070221066,0.496199783,0.52866372,Good
0.211726384,0.293913043,0.399141631,0.349557522,0.819262159,0.501950585,0.300760043,0.434359892,Moderate
0.283387622,0.422608696,0.278969957,0.502212389,0.756538058,0.537061118,0.50597177,0.586498546,Moderate
0.13029316,0.092173913,0.35193133,0.212389381,0.606576074,0.185955787,0.429967427,0.365370732,Good
0.788273616,0.530434783,0.068669528,0.526548673,0.875113064,0.416124837,0.717698154,0.629808285,Hazardous
0.087947883,0.206956522,0.334763948,0.269911504,0.624335074,0.299089727,0.072747014,0.392742086,Good
0.491856678,0.704347826,0,0.626106195,0.895727694,0.650195059,0.671009772,0.377633064,Hazardous
0.687296417,0.377391304,0.296137339,0.710176991,0.810172731,0.644993498,0.595005429,0.705371584,Hazardous
0.566775244,0.535652174,0.137339056,0.373893805,0.856977739,0.378413524,0.551574376,0.598518264,Poor
0.260586319,0.339130435,0.201716738,0.39159292,0.648834387,0.347204161,0.378935939,0.664443546,Moderate
0.146579805,0.133913043,0.334763948,0.181415929,0.513044174,0.388816645,0.09771987,0.50852118,Good
0.195439739,0.316521739,0.618025751,0.185840708,0.604265903,0.340702211,0.230184582,0.507590109,Good
0.218241042,0.32,0.13304721,0.382743363,0.733949034,0.249674902,0.323561346,0.47480711,Moderate
0.309446254,0.419130435,0.158798283,0.404867257,0.731153846,0.397919376,0.464712269,0.613857554,Moderate
0.117263844,0.175652174,0.364806867,0.223451327,0.656500485,0.183355007,0.222584148,0.607673723,Good
0.501628664,0.36173913,0.167381974,0.460176991,0.742153922,0.677503251,0.491856678,0.728034724,Poor
0.247557003,0.384347826,0.111587983,0.471238938,0.762815349,0.546163849,0.532030402,0.47480711,Moderate
0.078175896,0.16173913,0.394849785,0.258849558,0.604265903,0.066319896,0.144408252,0.349876261,Good
0.247557003,0.325217391,0.163090129,0.440265487,0.690042754,0.514954486,0.308360478,0.731154165,Moderate
0.267100977,0.4,0.154506438,0.137168142,0.746158679,0.573472042,0.320304017,0.644840321,Moderate
0.114006515,0.32,0.339055794,0.309734513,0.569490985,0.486345904,0.238870793,0.365370732,Good
0.091205212,0.274782609,0.480686695,0.247787611,0.707605519,0.254876463,0.463626493,0.561695494,Good
0.794788274,0.40173913,0.004291845,0.210176991,0.940623097,0.838751625,0.57980456,0.619338888,Hazardous
0.732899023,0.813913043,0.004291845,0.630530973,0.685033444,0.642392718,0.657980456,0.748078561,Hazardous
0.345276873,0.511304348,0.103004292,0.369469027,0.799674882,0.531859558,0.482084691,0.757183882,Poor
0.42019544,0.48173913,0.0472103,0.28539823,0.628586634,0.461638492,0.590662324,0.577996781,Poor
0.71009772,0.445217391,0.042918455,0.508849558,0.808107725,0.483745124,0.865363735,0.835325415,Hazardous
0.140065147,0.16173913,0.35193133,0.283185841,0.640928685,0.291287386,0.299674267,0.594603414,Good
0.403908795,0.382608696,0.412017167,0.389380531,0.696571165,0.414824447,0.540716612,0.565749628,Moderate
0.263843648,0.288695652,0.180257511,0.506637168,0.701359229,0.573472042,0.243213898,0.463148758,Moderate
0.13029316,0.302608696,0.334763948,0.331858407,0.706058347,0.534460338,0.07383279,0.358898769,Good
0.423452769,0.749565217,0.072961373,0.696902655,0.936912098,0.612483745,0.330076004,0.792572676,Hazardous
0.100977199,0.092173913,0.416309013,0.252212389,0.592387577,0.282184655,0.096634093,0.454495655,Good
0.09771987,0.194782609,0.381974249,0.256637168,0.652696476,0.542262679,0.098805646,0.509447284,Good
0.315960912,0.52,0.214592275,0.555309735,0.768940633,0.291287386,0.558089034,0.548194872,Poor
0.654723127,0.417391304,0.163090129,0.67920354,0.912739943,0.745123537,0.715526602,0.649024721,Hazardous
0.074918567,0.140869565,0.424892704,0.32300885,0.597206044,0.366710013,0.304017372,0.431489674,Good
0.374592834,0.377391304,0.167381974,0.455752212,0.712191056,0.205461638,0.287730727,0.600716322,Moderate
0.074918567,0.264347826,0.343347639,0.254424779,0.642928394,0.235370611,0.027144408,0.526165199,Good
0.508143322,0.460869565,0.188841202,0.67920354,0.760323094,0.674902471,0.399565689,0.71211305,Poor
0.074918567,0.217391304,0.326180258,0.14380531,0.688383982,0.184655397,0.439739414,0.554720893,Good
0.13029316,0.330434783,0.386266094,0.256637168,0.597206044,0.271781534,0.280130293,0.434359892,Good
0.371335505,0.40173913,0.094420601,0.495575221,0.841107331,0.569570871,0.305103149,0.581691478,Poor
0.361563518,0.27826087,0.188841202,0.420353982,0.674707036,0.165149545,0.401737242,0.470237262,Moderate
0.589576547,0.610434783,0,0.871681416,0.940008365,0.485045514,0.513572204,0.745725622,Hazardous
0.319218241,0.231304348,0.188841202,0.407079646,0.803926442,0.643693108,0.540716612,0.748078561,Moderate
0.159609121,0.250434783,0.416309013,0.205752212,0.636881209,0.369310793,0.4082519,0.467906432,Good
0.110749186,0.151304348,0.39055794,0.325221239,0.646881004,0.179453836,0.070575461,0.319600803,Good
0.166123779,0.219130435,0.343347639,0.296460177,0.640928685,0.524057217,0.373507058,0.40830272,Good
0.185667752,0.099130435,0.334763948,0.17699115,0.674707036,0.084525358,0.115092291,0.545213782,Good
0.211726384,0.246956522,0.30472103,0.482300885,0.760323094,0.377113134,0.350705755,0.501896346,Moderate
0.061889251,0.170434783,0.450643777,0.327433628,0.683341385,0.071521456,0.176981542,0.445388628,Good
0.32247557,0.507826087,0.150214592,0.376106195,0.798600732,0.751625488,0.62432139,0.59289822,Poor
0.488599349,0.431304348,0.17167382,0.519911504,0.827076275,0.396618986,0.675352877,0.657102653,Poor
0.058631922,0.137391304,0.364806867,0.188053097,0.620010834,0.179453836,0.374592834,0.416380652,Good
0.182410423,0.302608696,0.377682403,0.491150442,0.611134068,0.542262679,0.561346363,0.550397577,Moderate
0.28990228,0.342608696,0.124463519,0.380530973,0.709143286,0.282184655,0.244299674,0.607673723,Moderate
0.068403909,0.132173913,0.356223176,0.252212389,0.558609226,0.351105332,0.435396308,0.409948649,Good
0.146579805,0.220869565,0.502145923,0.139380531,0.617820675,0.4473342,0.410423453,0.358898769,Good
0.273615635,0.471304348,0.227467811,0.411504425,0.688383982,0.542262679,0.261672096,0.685105935,Moderate
0.351791531,0.413913043,0.13304721,0.380530973,0.865382561,0.576072822,0.7752443,0.694582759,Poor
0.188925081,0.340869565,0.154506438,0.409292035,0.683341385,0.269180754,0.229098806,0.448039736,Moderate
0.123778502,0.11826087,0.330472103,0.274336283,0.632767917,0.451235371,0.203040174,0.491971118,Good
0.654723127,0.740869565,0,0.477876106,0.795350642,0.517555267,0.684039088,0.6361563,Hazardous
0.094462541,0.20173913,0.403433476,0.267699115,0.587475542,0.302990897,0.422366992,0.671849539,Good
0.133550489,0.212173913,0.35193133,0.376106195,0.642928394,0.21716515,0.24864278,0.302221889,Good
0.325732899,0.27826087,0.120171674,0.327433628,0.728327427,0.11573472,0.217155266,0.538313104,Moderate
0.107491857,0.163478261,0.334763948,0.360619469,0.662101346,0.33420026,0.304017372,0.296019651,Good
0.087947883,0.15826087,0.347639485,0.303097345,0.663941077,0.312093628,0.117263844,0.621774331,Good
0.319218241,0.488695652,0.154506438,0.309734513,0.724027689,0.230169051,0.232356135,0.503815086,Moderate
0.566775244,0.346086957,0.291845494,0.626106195,0.912053479,0.955786736,0.530944625,0.81302502,Hazardous
0.035830619,0.153043478,0.373390558,0.342920354,0.699773256,0.517555267,0.287730727,0.643991203,Good
0.087947883,0.283478261,0.35193133,0.32300885,0.68671426,0.300390117,0.230184582,0.365370732,Good
0.123778502,0.255652174,0.56223176,0.340707965,0.650772802,0.495448635,0.337676439,0.553291714,Good
0.114006515,0.19826087,0.497854077,0.318584071,0.636881209,0.175552666,0.306188925,0.505712856,Good
0.293159609,0.266086957,0.145922747,0.400442478,0.828036283,0.590377113,0.282301846,0.768764454,Moderate
0.117263844,0.111304348,0.480686695,0.267699115,0.674707036,0.434330299,0.487513572,0.603425335,Good
0.400651466,0.335652174,0.278969957,0.438053097,0.786473876,0.420026008,0.802388708,0.481444003,Poor
0.527687296,0.450434783,0.111587983,0.25,0.813238973,0.626788036,0.555917481,0.567741744,Poor
0.081433225,0.08173913,0.35193133,0.362831858,0.693328019,0.288686606,0.243213898,0.615369704,Good
0.491856678,0.379130435,0.090128755,0.590707965,0.816268493,0.495448635,0.37567861,0.512196327,Poor
0.110749186,0.212173913,0.373390558,0.347345133,0.648834387,0.097529259,0.060803474,0.569057237,Good
0.436482085,0.55826087,0.08583691,0.318584071,0.52283747,0.55396619,0.652551574,0.607673723,Poor
0.351791531,0.299130435,0.184549356,0.460176991,0.738084742,0.3289987,0.464712269,0.595168111,Moderate
0.133550489,0.066086957,0.381974249,0.267699115,0.587475542,0.397919376,0.401737242,0.497004636,Good
0.745928339,0.405217391,0.064377682,0.35840708,0.849166975,0.481144343,0.486427796,0.607673723,Poor
0.553745928,0.47826087,0.051502146,0.555309735,0.550129263,0.412223667,0.232356135,0.769798669,Poor
0.446254072,0.370434783,0.236051502,0.247787611,0.827076275,0.678803641,0.508143322,0.52866372,Poor
0.596091205,0.539130435,0.060085837,0.305309735,0.940008365,0.306892068,0.414766558,0.565080478,Poor
0.247557003,0.236521739,0.356223176,0.219026549,0.748793722,0.403120936,0.180238871,0.50852118,Moderate
0.143322476,0.175652174,0.343347639,0.183628319,0.669381327,0.542262679,0.220412595,0.567080242,Good
0.228013029,0.309565217,0.330472103,0.194690265,0.780763433,0.44213264,0.513572204,0.548932216,Moderate
0.498371336,0.387826087,0.098712446,0.548672566,0.868667827,0.526657997,0.389793702,0.581691478,Poor
0.302931596,0.373913043,0.236051502,0.46460177,0.808107725,0.388816645,0.195439739,0.58885308,Moderate
0.498371336,0.373913043,0.072961373,0.619469027,0.847398004,0.767230169,0.416938111,0.640552591,Poor
0.078175896,0.092173913,0.489270386,0.234513274,0.617820675,0.464239272,0.211726384,0.335397527,Good
0.120521173,0.285217391,0.394849785,0.287610619,0.648834387,0.144343303,0.198697068,0.377633064,Good
0.260586319,0.196521739,0.193133047,0.265486726,0.744830792,0.356306892,0.431053203,0.59289822,Moderate
0.094462541,0.224347826,0.356223176,0.117256637,0.617820675,0.44473342,0.190010858,0.626073857,Good
0.110749186,0.285217391,0.373390558,0.28539823,0.660248137,0.44473342,0.246471227,0.35444611,Good
0.534201954,0.716521739,0.004291845,0.719026549,0.863723789,0.88816645,0.368078176,0.736481871,Hazardous
0.06514658,0.246956522,0.356223176,0.21460177,0.622182194,0.123537061,0.374592834,0.643137913,Good
0.140065147,0.302608696,0.373390558,0.165929204,0.630685915,0.522756827,0.055374593,0.392742086,Good
0.140065147,0.140869565,0.128755365,0.300884956,0.732555301,0.315994798,0.524429967,0.569711265,Moderate
0.133550489,0.32173913,0.463519313,0.340707965,0.674707036,0.262678804,0.04451683,0.509447284,Good
0.35504886,0.47826087,0.081545064,0.287610619,0.871104075,0.629388817,0.274701412,0.347545431,Poor
0.146579805,0.370434783,0.137339056,0.508849558,0.660248137,0.161248375,0.276872964,0.597964375,Moderate
0.54723127,0.486956522,0.253218884,0.646017699,0.879841461,0.485045514,0.676438654,0.444047739,Poor
0.231270358,0.365217391,0.201716738,0.46460177,0.660248137,0.291287386,0.353963084,0.535155849,Moderate
0.495114007,0.365217391,0.042918455,0.557522124,0.768940633,0.304291287,0.242128122,0.595168111,Poor
0.374592834,0.436521739,0.197424893,0.473451327,0.801809594,0.427828349,0.425624321,0.591176114,Poor
0.335504886,0.417391304,0.111587983,0.475663717,0.685033444,0.436931079,0.520086862,0.411579123,Moderate
0.068403909,0.196521739,0.364806867,0.269911504,0.67116905,0.149544863,0.323561346,0.322335415,Good
0.16286645,0.133913043,0.330472103,0.278761062,0.656500485,0.365409623,0.147665581,0.657890156,Good
0.09771987,0.23826087,0.330472103,0.137168142,0.706058347,0.126137841,0.024972856,0.39983059,Good
0.078175896,0.140869565,0.497854077,0.10619469,0.660248137,0.240572172,0.103148751,0.503815086,Good
0.566775244,0.544347826,0.038626609,0.67920354,0.931241483,0.5526658,0.605863192,0.718879265,Hazardous
0.325732899,0.394782609,0.141630901,0.369469027,0.822220811,0.431729519,0.203040174,0.369555132,Moderate
0.110749186,0.194782609,0.39055794,0.35840708,0.665767524,0.197659298,0.201954397,0.473675874,Good
0.175895765,0.353043478,0.154506438,0.387168142,0.613382633,0.464239272,0.411509229,0.52866372,Moderate
0.306188925,0.356521739,0.197424893,0.387168142,0.794257932,0.265279584,0.492942454,0.565749628,Moderate
0.061889251,0.276521739,0.356223176,0.188053097,0.710671761,0.10793238,0.220412595,0.532749655,Good
0.28990228,0.431304348,0.210300429,0.170353982,0.761572291,0.579973992,0.158523344,0.477047712,Moderate
0.273615635,0.384347826,0.128755365,0.234513274,0.788722441,0.651495449,0.543973941,0.69072384,Moderate
0.566775244,0.636521739,0.115879828,0.488938053,0.876699037,0.452535761,0.433224756,0.590018482,Poor
0.263843648,0.31826087,0.111587983,0.349557522,0.746158679,0.66319896,0.517915309,0.535155849,Moderate
0.361563518,0.476521739,0.231759657,0.342920354,0.765283289,0.743823147,0.557003257,0.830304373,Poor
0.120521173,0.36173913,0.35193133,0.199115044,0.650772802,0.4473342,0.317046688,0.640117937,Good
0.127035831,0.389565217,0.111587983,0.60619469,0.728327427,0.381014304,0.501628664,0.475931025,Moderate
0.439739414,0.356521739,0.08583691,0.568584071,0.821238434,0.730819246,0.50597177,0.607673723,Poor
0.306188925,0.212173913,0.193133047,0.457964602,0.660248137,0.397919376,0.5917481,0.507590109,Moderate
0.091205212,0.147826087,0.47639485,0.148230088,0.59958129,0.421326398,0.409337676,0.47925977,Good
0.267100977,0.340869565,0.244635193,0.325221239,0.709143286,0.66189857,0.499457112,0.526165199,Moderate
0.456026059,0.466086957,0.051502146,0.57300885,0.690042754,0.607282185,0.401737242,0.625601355,Poor
0.091205212,0.109565217,0.381974249,0.188053097,0.672944229,0.469440832,0.140065147,0.435777404,Good
0.45276873,0.453913043,0.077253219,0.263274336,0.773736263,0.538361508,0.475570033,0.432930713,Poor
0.117263844,0.194782609,0.600858369,0.272123894,0.67116905,0.023407022,0.038002172,0.502858366,Good
0.094462541,0.246956522,0.330472103,0.245575221,0.622182194,0.174252276,0.404994571,0.454495655,Good
0.351791531,0.222608696,0.120171674,0.287610619,0.646881004,0.578673602,0.435396308,0.544460444,Moderate
0.110749186,0.302608696,0.360515021,0.278761062,0.589943482,0.282184655,0.320304017,0.495008704,Good
0.436482085,0.688695652,0.077253219,0.617256637,0.906493654,0.576072822,0.73072747,0.907607313,Hazardous
0.325732899,0.354782609,0.111587983,0.424778761,0.744830792,0.44343303,0.275787188,0.693626039,Moderate
0.361563518,0.276521739,0.206008584,0.442477876,0.721120049,0.535760728,0.480998914,0.460720128,Moderate
0.234527687,0.311304348,0.35193133,0.245575221,0.624335074,0.274382315,0.403908795,0.371610117,Good
0.35504886,0.389565217,0.309012876,0.371681416,0.721120049,0.477243173,0.394136808,0.547454384,Poor
0.120521173,0.179130435,0.446351931,0.236725664,0.584983287,0.309492848,0.127035831,0.512196327,Good
0.400651466,0.594782609,0.034334764,0.451327434,0.638913042,0.650195059,0.464712269,0.859077067,Poor
0.081433225,0.253913043,0.343347639,0.234513274,0.663941077,0.508452536,0.470141151,0.464350453,Good
0.074918567,0.24,0.974248927,0.190265487,0.611134068,0.145643693,0.400651466,0.444047739,Good
0.244299674,0.424347826,0.21888412,0.338495575,0.712191056,0.622886866,0.26927253,0.621774331,Moderate
0.13029316,0.19826087,0.369098712,0.402654867,0.592387577,0.026007802,0.201954397,0.379595166,Good
0.296416938,0.387826087,0.339055794,0.745575221,0.819262159,0.633289987,0.273615635,0.619338888,Poor
0.338762215,0.426086957,0.141630901,0.298672566,0.736713672,0.159947984,0.340933768,0.454495655,Moderate
0.084690554,0.16,0.326180258,0.307522124,0.652696476,0.230169051,0.476655809,0.617365637,Good
0.752442997,0.525217391,0.008583691,0.546460177,0.867030527,0.420026008,0.608034745,0.87564955,Hazardous
0.876221498,0.573913043,0.098712446,0.82300885,0.912739943,0.659297789,0.61237785,0.710669615,Hazardous
0.146579805,0.170434783,0.381974249,0.307522124,0.628586634,0.204161248,0.403908795,0.445388628,Good
0.16286645,0.306086957,0.429184549,0.194690265,0.707605519,0.529258778,0.365906623,0.543703823,Good
0.153094463,0.459130435,0.115879828,0.787610619,0.681637932,0.791937581,0.67752443,0.905826331,Hazardous
0.146579805,0.27826087,0.360515021,0.329646018,0.67116905,0.420026008,0.250814332,0.345182888,Good
0.058631922,0.133913043,0.716738197,0.334070796,0.632767917,0.282184655,0.086862106,0.253280066,Good
0.068403909,0.372173913,0.364806867,0.316371681,0.632767917,0.386215865,0.348534202,0.626073857,Good
0.345276873,0.4,0.356223176,0.298672566,0.726902286,0.521456437,0.33441911,0.519321192,Moderate
0.110749186,0.088695652,0.643776824,0.25,0.663941077,0.015604681,0.209554832,0.486787324,Good
0.058631922,0.32,0.420600858,0.258849558,0.620010834,0.530559168,0.370249729,0.507590109,Good
0.09771987,0.255652174,0.360515021,0.17920354,0.495829243,0.33680104,0.275787188,0.425602866,Good
0.2247557,0.370434783,0.188841202,0.369469027,0.752695525,0.498049415,0.388707926,0.56237779,Moderate
0.32247557,0.302608696,0.287553648,0.252212389,0.57992388,0.55396619,0.524429967,0.40664104,Moderate
0.553745928,0.596521739,0.197424893,0.455752212,0.794257932,0.634590377,0.741585233,0.662158721,Hazardous
0.325732899,0.40173913,0.201716738,0.42699115,0.712191056,0.412223667,0.31053203,0.521057648,Moderate
0.32247557,0.410434783,0.111587983,0.420353982,0.67116905,0.650195059,0.287730727,0.638368358,Moderate
0.335504886,0.246956522,0.13304721,0.331858407,0.73533513,0.607282185,0.47339848,0.6361563,Moderate
0.104234528,0.299130435,0.502145923,0.201327434,0.601934441,0.368010403,0.342019544,0.387229109,Good
0.087947883,0.08173913,0.493562232,0.340707965,0.608865337,0.143042913,0.095548317,0.39983059,Good
0.241042345,0.330434783,0.193133047,0.369469027,0.739448421,0.616384915,0.2247557,0.568400737,Moderate
0.185667752,0.28173913,0.154506438,0.238938053,0.778442666,0.232769831,0.484256243,0.460720128,Moderate
0.241042345,0.339130435,0.201716738,0.360619469,0.742153922,0.306892068,0.499457112,0.597964375,Moderate
0.273615635,0.273043478,0.231759657,0.457964602,0.722578047,0.256176853,0.319218241,0.703266779,Moderate
0.156351792,0.133913043,0.356223176,0.234513274,0.667580879,0.360208062,0.109663409,0.212501529,Good
0.28990228,0.380869565,0.124463519,0.347345133,0.765283289,0.278283485,0.62432139,0.598518264,Poor
0.537459283,0.566956522,0.111587983,0.537610619,0.884483093,0.342002601,0.410423453,0.632102165,Poor
0.074918567,0.168695652,0.330472103,0.269911504,0.54135514,0.188556567,0.108577633,0.480355321,Good
0.133550489,0.16,0.373390558,0.25,0.597206044,0.386215865,0.030401737,0.563734392,Good
0.7752443,0.525217391,0.08583691,0.599557522,0.831840293,0.568270481,0.765472313,0.773269627,Hazardous
0.537459283,0.405217391,0.201716738,0.513274336,0.834656224,0.33159948,0.5917481,0.613857554,Poor
0.371335505,0.20173913,0.180257511,0.247787611,0.732555301,0.470741222,0.587404995,0.692985285,Moderate
0.166123779,0.099130435,0.433476395,0.35840708,0.601934441,0.179453836,0.442996743,0.6465262,Good
0.241042345,0.27826087,0.175965665,0.400442478,0.69169072,0.654096229,0.326818675,0.411579123,Moderate
0.120521173,0.210434783,0.39055794,0.196902655,0.634832924,0.128738622,0.161780673,0.5157953,Good
0.368078176,0.236521739,0.167381974,0.431415929,0.751401599,0.319895969,0.217155266,0.492989562,Moderate
0.136807818,0.368695652,0.278969957,0.325221239,0.704501653,0.652795839,0.515743757,0.560322805,Moderate
0.169381107,0.267826087,0.339055794,0.261061947,0.506298125,0.265279584,0.108577633,0.389086284,Good
0.107491857,0.107826087,0.369098712,0.35619469,0.654605631,0.234070221,0.356134636,0.365370732,Good
0.263843648,0.467826087,0.141630901,0.238938053,0.732555301,0.565669701,0.575461455,0.606621331,Moderate
0.214983713,0.363478261,0.30472103,0.296460177,0.674707036,0.244473342,0.605863192,0.427093383,Moderate
0.09771987,0.083478261,0.69527897,0.150442478,0.620010834,0.299089727,0.178067318,0.47925977,Good
0.084690554,0.248695652,0.360515021,0.216814159,0.648834387,0.325097529,0.039087948,0.371610117,Good
0.211726384,0.382608696,0.107296137,0.274336283,0.724027689,0.293888166,0.219326819,0.501896346,Moderate
0.338762215,0.535652174,0.103004292,0.440265487,0.834656224,0.340702211,0.251900109,0.567741744,Poor
0.498371336,0.394782609,0.253218884,0.261061947,0.731153846,0.383615085,0.359391965,0.783475388,Poor
0.127035831,0.116521739,0.360515021,0.311946903,0.644912419,0.44863459,0.285559175,0.342787758,Good
0.143322476,0.099130435,0.330472103,0.278761062,0.57992388,0.078023407,0.434310532,0.302221889,Good
0.57980456,0.326956522,0.128755365,0.548672566,0.733949034,0.55656697,0.641693811,0.604497216,Poor
0.410423453,0.587826087,0.077253219,0.619469027,0.706058347,0.368010403,0.503800217,0.581691478,Poor
0.087947883,0.229565217,0.377682403,0.194690265,0.652696476,0.196358908,0.444082519,0.335397527,Good
0.32247557,0.24173913,0.39055794,0.327433628,0.701359229,0.55786736,0.144408252,0.677905439,Moderate
0.13029316,0.093913043,0.356223176,0.307522124,0.624335074,0.046814044,0.137893594,0.565080478,Good
0.06514658,0.245217391,0.334763948,0.203539823,0.654605631,0.284785436,0.061889251,0.449350264,Good
0.358306189,0.467826087,0.158798283,0.778761062,0.644912419,0.525357607,0.572204126,0.725657808,Poor
0.358306189,0.500869565,0.08583691,0.5,0.770148091,0.488946684,0.642779587,0.542943891,Poor
0.143322476,0.269565217,0.343347639,0.172566372,0.632767917,0.529258778,0.255157438,0.416380652,Good
0.114006515,0.217391304,0.407725322,0.274336283,0.676457644,0.508452536,0.214983713,0.576119528,Good
0.465798046,0.671304348,0.175965665,0.524336283,0.820252227,0.370611183,0.704668838,0.529488635,Poor
0.114006515,0.142608696,0.381974249,0.17920354,0.656500485,0.10793238,0.122692725,0.520191591,Good
0.133550489,0.314782609,0.489270386,0.318584071,0.622182194,0.33029909,0.335504886,0.47925977,Good
0.123778502,0.168695652,0.339055794,0.225663717,0.658381251,0.498049415,0.401737242,0.470237262,Good
0.283387622,0.403478261,0.201716738,0.444690265,0.879059507,0.496749025,0.350705755,0.747141208,Poor
0.270358306,0.323478261,0.188841202,0.172566372,0.724027689,0.621586476,0.424538545,0.606621331,Moderate
0.32247557,0.393043478,0.137339056,0.331858407,0.69169072,0.592977893,0.436482085,0.590018482,Moderate
0.140065147,0.248695652,0.188841202,0.404867257,0.678196221,0.353706112,0.17155266,0.668924936,Moderate
0.286644951,0.28,0.124463519,0.331858407,0.751401599,0.461638492,0.290988056,0.623698386,Moderate
0.254071661,0.445217391,0.231759657,0.316371681,0.716694947,0.286085826,0.247557003,0.685776376,Moderate
0.104234528,0.097391304,0.356223176,0.25,0.626469786,0.006501951,0.463626493,0.352176218,Good
0.28990228,0.253913043,0.124463519,0.422566372,0.739448421,0.274382315,0.421281216,0.728558538,Moderate
0.319218241,0.292173913,0.291845494,0.311946903,0.721120049,0.491547464,0.512486428,0.499956167,Moderate
0.133550489,0.166956522,0.334763948,0.238938053,0.650772802,0.383615085,0.431053203,0.618355065,Good
0.51465798,0.716521739,0.145922747,0.774336283,0.882945326,0.877763329,0.792616721,0.825583084,Hazardous
0.16286645,0.330434783,0.424892704,0.25,0.584983287,0.33159948,0.3669924,0.394541525,Good
0.211726384,0.332173913,0.442060086,0.296460177,0.606576074,0.342002601,0.307274701,0.492989562,Good
0.058631922,0.300869565,0.35193133,0.307522124,0.582466232,0.065019506,0.391965255,0.572944957,Good
0.143322476,0.219130435,0.339055794,0.21460177,0.685033444,0.158647594,0.102062975,0.477047712,Good
0.071661238,0.083478261,0.330472103,0.261061947,0.555814039,0.466840052,0.448425624,0.296019651,Good
0.433224756,0.455652174,0.175965665,0.126106195,0.650772802,0.598179454,0.158523344,0.516683507,Moderate
0.140065147,0.28,0.356223176,0.32079646,0.654605631,0.137841352,0.055374593,0.596292026,Good
0.078175896,0.125217391,0.360515021,0.230088496,0.638913042,0.513654096,0.356134636,0.595168111,Good
0.123778502,0.227826087,0.326180258,0.345132743,0.650772802,0.312093628,0.07383279,0.217535047,Good
0.127035831,0.234782609,0.360515021,0.238938053,0.601934441,0.230169051,0.112920738,0.377633064,Good
0.462540717,0.528695652,0.038626609,0.692477876,0.795350642,0.469440832,0.464712269,0.822717852,Poor
0.589576547,0.589565217,0.017167382,0.743362832,0.875907293,0.512353706,0.298588491,0.804118235,Hazardous
0.48534202,0.443478261,0.150214592,0.415929204,0.819262159,0.487646294,0.259500543,0.639682192,Poor
0.286644951,0.513043478,0.115879828,0.351769912,0.762815349,0.574772432,0.394136808,0.841983517,Moderate
0.228013029,0.40173913,0.274678112,0.597345133,0.743495898,0.630689207,0.256243214,0.503815086,Moderate
0.159609121,0.257391304,0.369098712,0.234513274,0.652696476,0.146944083,0.263843648,0.387229109,Good
0.328990228,0.382608696,0.158798283,0.185840708,0.731153846,0.459037711,0.57111835,0.471391048,Moderate
0.120521173,0.16173913,0.596566524,0.243362832,0.68671426,0.052015605,0.229098806,0.325027627,Good
0.114006515,0.24173913,0.403433476,0.254424779,0.624335074,0.048114434,0.469055375,0.450650976,Good
0.309446254,0.356521739,0.115879828,0.269911504,0.718178599,0.508452536,0.349619978,0.544460444,Moderate
0.263843648,0.227826087,0.128755365,0.338495575,0.683341385,0.145643693,0.619978284,0.612332119,Moderate
0.527687296,0.337391304,0.008583691,0.860619469,0.790951194,0.596879064,0.528773073,0.629808285,Hazardous
0.309446254,0.436521739,0.163090129,0.192477876,0.739448421,0.421326398,0.510314875,0.40830272,Moderate
0.179153094,0.288695652,0.30472103,0.338495575,0.665767524,0.305591678,0.521172638,0.776870673,Moderate
0.146579805,0.086956522,0.330472103,0.199115044,0.611134068,0.524057217,0.245385451,0.457012282,Good
0.247557003,0.340869565,0.193133047,0.477876106,0.787600657,0.644993498,0.270358306,0.389086284,Moderate
0.35504886,0.544347826,0.231759657,0.488938053,0.797522002,0.687906372,0.69815418,0.547454384,Poor
0.228013029,0.32173913,0.193133047,0.424778761,0.744830792,0.599479844,0.198697068,0.527002041,Moderate
0.114006515,0.257391304,0.330472103,0.32079646,0.658381251,0.314694408,0.040173724,0.387229109,Good
0.159609121,0.535652174,0.231759657,0.289823009,0.59958129,0.521456437,0.464712269,0.47480711,Moderate
0.550488599,0.646956522,0.21888412,0.517699115,0.795350642,0.686605982,0.758957655,0.828989434,Hazardous
0.133550489,0.276521739,0.35193133,0.316371681,0.656500485,0.128738622,0.328990228,0.502858366,Good
0.136807818,0.23826087,0.330472103,0.294247788,0.644912419,0.384915475,0.070575461,0.308210214,Good
0.560260586,0.749565217,0.08583691,0.46460177,0.706058347,0.501950585,0.324647123,0.721894473,Hazardous
0.110749186,0.273043478,0.35193133,0.161504425,0.558609226,0.205461638,0.251900109,0.473675874,Good
0.074918567,0.104347826,0.356223176,0.258849558,0.601934441,0.468140442,0.230184582,0.500928966,Good
0.234527687,0.370434783,0.128755365,0.314159292,0.676457644,0.252275683,0.182410423,0.699288852,Moderate
0.270358306,0.44173913,0.17167382,0.39159292,0.726902286,0.340702211,0.251900109,0.669660718,Moderate
0.342019544,0.457391304,0.111587983,0.424778761,0.710671761,0.579973992,0.561346363,0.76897179,Poor
0.371335505,0.483478261,0.042918455,0.67699115,0.808107725,0.699609883,0.37567861,0.655118126,Poor
0.328990228,0.213913043,0.300429185,0.236725664,0.75780604,0.275682705,0.492942454,0.789654217,Moderate
0.078175896,0.12,0.364806867,0.194690265,0.632767917,0.262678804,0.324647123,0.466729178,Good
0.560260586,0.32173913,0.098712446,0.508849558,0.731153846,0.762028609,0.449511401,0.721077322,Poor
0.074918567,0.337391304,0.339055794,0.283185841,0.654605631,0.245773732,0.199782845,0.545963866,Good
0.377850163,0.47826087,0.570815451,0.440265487,0.779605711,0.573472042,0.258414767,0.706265891,Poor
0.254071661,0.347826087,0.201716738,0.424778761,0.636881209,0.366710013,0.338762215,0.718325375,Moderate
0.104234528,0.328695652,0.339055794,0.201327434,0.644912419,0.319895969,0.079261672,0.390923806,Good
0.078175896,0.220869565,0.416309013,0.243362832,0.674707036,0.535760728,0.251900109,0.404963305,Good
0.100977199,0.262608696,0.407725322,0.159292035,0.632767917,0.514954486,0.486427796,0.539093529,Good
0.188925081,0.427826087,0.210300429,0.272123894,0.699773256,0.44473342,0.465798046,0.717491214,Moderate
0.120521173,0.219130435,0.450643777,0.387168142,0.669381327,0.384915475,0.169381107,0.325027627,Good
0.169381107,0.267826087,0.442060086,0.261061947,0.672944229,0.405721717,0.16286645,0.361083002,Good
0.498371336,0.427826087,0.244635193,0.511061947,0.781915881,0.758127438,0.350705755,0.52447932,Poor
0.149837134,0.219130435,0.356223176,0.247787611,0.650772802,0.293888166,0.439739414,0.542943891,Good
0.114006515,0.295652174,0.360515021,0.314159292,0.634832924,0.422626788,0.463626493,0.394541525,Good
0.143322476,0.473043478,0.193133047,0.362831858,0.772545852,0.599479844,0.600434311,0.431489674,Moderate
0.120521173,0.304347826,0.321888412,0.243362832,0.630685915,0.459037711,0.095548317,0.392742086,Good
0.495114007,0.466086957,0.163090129,0.526548673,0.871104075,0.544863459,0.483170467,0.664064824,Poor
0.306188925,0.436521739,0.244635193,0.477876106,0.632767917,0.566970091,0.495114007,0.729080777,Moderate
0.540716612,0.615652174,0.038626609,0.634955752,0.502856414,0.791937581,0.515743757,0.62888218,Poor
0.358306189,0.300869565,0.424892704,0.488938053,0.760323094,0.422626788,0.666666667,0.633915699,Poor
0.45276873,0.363478261,0.128755365,0.610619469,0.852668234,0.396618986,0.340933768,0.577996781,Poor
0.384364821,0.427826087,0.060085837,0.247787611,0.577355718,0.379713914,0.577633008,0.496009538,Poor
0.074918567,0.219130435,0.369098712,0.126106195,0.663941077,0.269180754,0.116178067,0.365370732,Good
0.09771987,0.344347826,0.330472103,0.305309735,0.663941077,0.412223667,0.288816504,0.463148758,Good
0.433224756,0.217391304,0.339055794,0.376106195,0.690042754,0.656697009,0.45276873,0.6330113,Moderate
0.035830619,0.126956522,0.347639485,0.331858407,0.628586634,0.231469441,0.484256243,0.444047739,Good
0.273615635,0.227826087,0.188841202,0.502212389,0.770148091,0.540962289,0.466883822,0.58229969,Moderate
0.114006515,0.213913043,0.369098712,0.079646018,0.690042754,0.037711313,0.447339848,0.57548924,Good
0.501628664,0.826086957,0.012875536,0.734513274,0.744830792,0.710013004,0.498371336,0.607673723,Hazardous
0.319218241,0.330434783,0.214592275,0.418141593,0.613382633,0.616384915,0.324647123,0.640552591,Moderate
0.107491857,0.206956522,0.399141631,0.174778761,0.604265903,0.163849155,0.188925081,0.548194872,Good
0.058631922,0.099130435,0.334763948,0.234513274,0.640928685,0.339401821,0.235613464,0.377633064,Good
0.234527687,0.187826087,0.13304721,0.272123894,0.732555301,0.527958388,0.549402823,0.499956167,Moderate
0.110749186,0.273043478,0.43776824,0.303097345,0.660248137,0.297789337,0.33441911,0.322335415,Good
0.570032573,0.337391304,0.266094421,0.612831858,0.704501653,0.814044213,0.805646037,0.656707558,Poor
0.592833876,0.613913043,0.094420601,0.623893805,0.851797452,0.635890767,0.75135722,0.783284675,Hazardous
0.429967427,0.410434783,0.128755365,0.650442478,0.706058347,0.583875163,0.276872964,0.547454384,Poor
0.175895765,0.055652174,0.369098712,0.318584071,0.667580879,0.230169051,0.273615635,0.561010506,Good
0.094462541,0.116521739,0.47639485,0.230088496,0.617820675,0.308192458,0.163952226,0.457012282,Good
0.133550489,0.35826087,0.429184549,0.309734513,0.589943482,0.306892068,0.340933768,0.430036576,Good
0.114006515,0.076521739,0.326180258,0.194690265,0.630685915,0.145643693,0.185667752,0.444047739,Good
0.169381107,0.366956522,0.253218884,0.289823009,0.566814114,0.413524057,0.621064061,0.517567195,Moderate
0.394136808,0.415652174,0.240343348,0.422566372,0.823199389,0.574772432,0.580890337,0.705072455,Poor
0.537459283,0.504347826,0.034334764,0.818584071,0.961813683,0.628088427,0.718783931,0.750169286,Hazardous
0.16286645,0.140869565,0.369098712,0.331858407,0.672944229,0.195058518,0.433224756,0.583509759,Good
0.143322476,0.193043478,0.669527897,0.311946903,0.526019422,0.283485046,0.2247557,0.491971118,Good
0.114006515,0.293913043,0.407725322,0.241150442,0.577355718,0.427828349,0.457111835,0.322335415,Good
0.107491857,0.12173913,0.364806867,0.059734513,0.715202542,0.403120936,0.3669924,0.529488635,Good
0.478827362,0.509565217,0.068669528,0.382743363,0.835587944,0.44603381,0.626492942,0.865136447,Poor
0.550488599,0.293913043,0.077253219,0.488938053,0.767727385,0.377113134,0.640608035,0.691696639,Poor
0.394136808,0.44,0.124463519,0.612831858,0.767727385,0.344603381,0.349619978,0.550397577,Moderate
0.267100977,0.212173913,0.244635193,0.243362832,0.669381327,0.526657997,0.475570033,0.596292026,Moderate
0.472312704,0.48,0.154506438,0.488938053,0.718178599,0.392717815,0.358306189,0.640117937,Poor
0.136807818,0.149565217,0.347639485,0.256637168,0.693328019,0.183355007,0.21606949,0.552572689,Good
0.280130293,0.351304348,0.175965665,0.258849558,0.811198947,0.351105332,0.271444083,0.62795111,Moderate
0.299674267,0.295652174,0.107296137,0.422566372,0.704501653,0.378413524,0.469055375,0.488879448,Moderate
0.32247557,0.63826087,0.077253219,0.42920354,0.796438651,0.710013004,0.576547231,0.610277134,Poor
0.107491857,0.234782609,0.497854077,0.274336283,0.574761214,0.288686606,0.220412595,0.411579123,Good
0.234527687,0.375652174,0.399141631,0.307522124,0.740804789,0.375812744,0.729641694,0.666698698,Poor
0.449511401,0.455652174,0.064377682,0.411504425,0.870294597,0.725617685,0.294245385,0.632102165,Poor
0.188925081,0.28,0.493562232,0.292035398,0.592387577,0.345903771,0.107491857,0.5311268,Good
0.094462541,0.109565217,0.472103004,0.252212389,0.574761214,0.455136541,0.054288817,0.445388628,Good
0.156351792,0.325217391,0.429184549,0.283185841,0.674707036,0.22106632,0.112920738,0.649437668,Good
0.107491857,0.269565217,0.480686695,0.382743363,0.701359229,0.313394018,0.190010858,0.441334493,Good
0.055374593,0.067826087,0.519313305,0.101769912,0.638913042,0.427828349,0.333333333,0.345182888,Good
0.403908795,0.575652174,0.201716738,0.555309735,0.83089464,0.44083225,0.727470141,0.634366138,Poor
0.188925081,0.448695652,0.283261803,0.225663717,0.707605519,0.375812744,0.524429967,0.531940124,Moderate
0.325732899,0.326956522,0.158798283,0.477876106,0.770148091,0.162548765,0.214983713,0.511284807,Moderate
0.410423453,0.377391304,0.081545064,0.384955752,0.806025722,0.573472042,0.284473398,0.6330113,Poor
0.371335505,0.544347826,0.364806867,0.39380531,0.821238434,0.586475943,0.684039088,0.712400302,Hazardous
0.110749186,0.252173913,0.690987124,0.205752212,0.630685915,0.288686606,0.442996743,0.485731732,Good
0.521172638,0.379130435,0.154506438,0.548672566,0.728327427,0.423927178,0.344191097,0.525324306,Poor
0.084690554,0.354782609,0.399141631,0.32300885,0.68671426,0.202860858,0.299674267,0.349876261,Good
0.364820847,0.412173913,0.188841202,0.444690265,0.706058347,0.629388817,0.595005429,0.472537219,Poor
0.231270358,0.172173913,0.317596567,0.234513274,0.676457644,0.394018205,0.543973941,0.649024721,Moderate
0.628664495,0.702608696,0,0.595132743,0.721120049,0.794538362,0.917480999,0.583509759,Hazardous
0.345276873,0.386086957,0.115879828,0.369469027,0.713701281,0.187256177,0.487513572,0.486787324,Moderate
0.364820847,0.354782609,0.227467811,0.415929204,0.68671426,0.21846554,0.244299674,0.526165199,Moderate
0.133550489,0.217391304,0.343347639,0.32079646,0.704501653,0.312093628,0.123778502,0.47480711,Good
0.110749186,0.377391304,0.278969957,0.743362832,0.772545852,0.591677503,0.413680782,0.561010506,Poor
0.074918567,0.269565217,0.690987124,0.261061947,0.642928394,0.522756827,0.437567861,0.342787758,Good
0.143322476,0.196521739,0.326180258,0.407079646,0.624335074,0.179453836,0.258414767,0.602346796,Good
0.114006515,0.288695652,0.360515021,0.258849558,0.694954789,0.100130039,0.123778502,0.342787758,Good
0.06514658,0.196521739,0.454935622,0.119469027,0.592387577,0.403120936,0.394136808,0.450650976,Good
0.319218241,0.266086957,0.381974249,0.280973451,0.739448421,0.472041612,0.262757872,0.521057648,Moderate
0.28990228,0.285217391,0.175965665,0.384955752,0.52283747,0.44213264,0.331161781,0.542180618,Moderate
0.25732899,0.193043478,0.137339056,0.121681416,0.648834387,0.172951886,0.167209555,0.505712856,Moderate
0.599348534,0.56173913,0.038626609,0.632743363,0.746158679,0.793237971,0.295331162,0.738222057,Hazardous
0.342019544,0.179130435,0.111587983,0.389380531,0.75780604,0.182054616,0.153094463,0.537529156,Moderate
0.263843648,0.182608696,0.124463519,0.402654867,0.611134068,0.196358908,0.281216069,0.672573058,Moderate
0.247557003,0.12173913,0.145922747,0.223451327,0.516350913,0.373211964,0.172638436,0.483601102,Moderate
0.364820847,0.250434783,0.17167382,0.188053097,0.739448421,0.590377113,0.477741585,0.342787758,Moderate
0.107491857,0.106086957,0.326180258,0.382743363,0.642928394,0.348504551,0.467969598,0.572303018,Good
0.521172638,0.19826087,0.081545064,0.128318584,0.672944229,0.794538362,0.327904452,0.665198522,Poor
0.120521173,0.299130435,0.334763948,0.212389381,0.628586634,0.511053316,0.191096634,0.313998891,Good
0.156351792,0.095652174,0.343347639,0.17920354,0.592387577,0.191157347,0.511400651,0.569711265,Good
0.123778502,0.066086957,0.373390558,0.353982301,0.572139824,0.22756827,0.264929425,0.482525902,Good
0.260586319,0.406956522,0.145922747,0.367256637,0.799674882,0.716514954,0.457111835,0.701747573,Poor
0.120521173,0.220869565,0.52360515,0.192477876,0.606576074,0.244473342,0.47339848,0.289587648,Good
0.127035831,0.24,0.334763948,0.227876106,0.634832924,0.423927178,0.344191097,0.602886903,Good
0.123778502,0.126956522,0.484978541,0.32300885,0.709143286,0.104031209,0.174809989,0.714681376,Good
0.100977199,0.339130435,0.343347639,0.196902655,0.694954789,0.236671001,0.168295331,0.396322506,Good
0.345276873,0.297391304,0.206008584,0.336283186,0.617820675,0.193758127,0.152008686,0.387229109,Moderate
0.123778502,0.354782609,0.373390558,0.307522124,0.663941077,0.063719116,0.386536374,0.624652477,Good
0.055374593,0.12,0.515021459,0.342920354,0.648834387,0.234070221,0.285559175,0.424099443,Good
0.244299674,0.379130435,0.128755365,0.351769912,0.759067697,0.473342003,0.550488599,0.610793164,Moderate
0.726384365,0.492173913,0.206008584,0.599557522,0.726902286,0.587776333,0.435396308,0.765412954,Hazardous
0.2247557,0.323478261,0.145922747,0.382743363,0.767727385,0.295188557,0.432138979,0.683418417,Moderate
0.403908795,0.514782609,0.094420601,0.353982301,0.739448421,0.401820546,0.275787188,0.684095393,Poor
0.09771987,0.182608696,0.343347639,0.172566372,0.622182194,0.117035111,0.173724213,0.282908201,Good
0.146579805,0.24,0.111587983,0.502212389,0.801809594,0.538361508,0.362649294,0.521057648,Moderate
0.228013029,0.431304348,0.206008584,0.269911504,0.431236266,0.247074122,0.168295331,0.64861079,Moderate
0.107491857,0.076521739,0.356223176,0.254424779,0.688383982,0.144343303,0.244299674,0.369555132,Good
0.459283388,0.257391304,0.060085837,0.39159292,0.773736263,0.297789337,0.353963084,0.657890156,Poor
0.328990228,0.313043478,0.120171674,0.530973451,0.698177277,0.340702211,0.165038002,0.774678922,Moderate
0.140065147,0.2,0.381974249,0.342920354,0.650772802,0.296488947,0.336590662,0.340359128,Good
0.530944625,0.363478261,0.236051502,0.504424779,0.748793722,0.707412224,0.512486428,0.753825089,Poor
0.228013029,0.302608696,0.180257511,0.440265487,0.718178599,0.172951886,0.435396308,0.42258289,Moderate
0.241042345,0.339130435,0.13304721,0.296460177,0.704501653,0.176853056,0.297502714,0.724323103,Moderate
0.882736156,0.772173913,0.034334764,0.772123894,0.839280884,0.646293888,0.64495114,0.782135977,Hazardous
0.114006515,0.133913043,0.386266094,0.316371681,0.662101346,0.163849155,0.256243214,0.424099443,Good
0.133550489,0.165217391,0.377682403,0.280973451,0.54135514,0.306892068,0.353963084,0.477047712,Good
0.117263844,0.069565217,0.330472103,0.305309735,0.654605631,0.365409623,0.16286645,0.398085407,Good
0.263843648,0.248695652,0.17167382,0.28539823,0.628586634,0.280884265,0.360477742,0.790754396,Moderate
0.172638436,0.123478261,0.373390558,0.25,0.640928685,0.357607282,0.115092291,0.590018482,Good
0.517915309,0.568695652,0.038626609,0.446902655,0.816268493,0.607282185,0.415852334,0.62888218,Poor
0.371335505,0.455652174,0.13304721,0.438053097,0.572139824,0.451235371,0.332247557,0.398085407,Moderate
0.156351792,0.290434783,0.360515021,0.146017699,0.611134068,0.33810143,0.137893594,0.431489674,Good
0.110749186,0.206956522,0.339055794,0.150442478,0.674707036,0.266579974,0.249728556,0.500928966,Good
0.299674267,0.292173913,0.167381974,0.39159292,0.683341385,0.657997399,0.325732899,0.342787758,Moderate
0.110749186,0.217391304,0.369098712,0.199115044,0.622182194,0.384915475,0.25732899,0.385351855,Good
0.390879479,0.306086957,0.042918455,0.511061947,0.555814039,0.648894668,0.577633008,0.717212268,Poor
0.153094463,0.182608696,0.369098712,0.199115044,0.699773256,0.100130039,0.159609121,0.521919408,Good
0.351791531,0.445217391,0.115879828,0.5,0.779605711,0.635890767,0.383279045,0.569711265,Moderate
0.348534202,0.452173913,0.175965665,0.360619469,0.710671761,0.165149545,0.39630836,0.472537219,Moderate
0.801302932,0.539130435,0.034334764,0.376106195,0.776100409,0.868660598,0.482084691,0.538313104,Hazardous
0.397394137,0.43826087,0.064377682,0.484513274,0.725469071,0.565669701,0.611292074,0.561010506,Poor
0.332247557,0.313043478,0.334763948,0.101769912,0.810172731,0.472041612,0.495114007,0.558939178,Moderate
0.315960912,0.452173913,0.107296137,0.599557522,0.879059507,0.407022107,0.362649294,0.622257347,Poor
0.039087948,0.187826087,0.339055794,0.245575221,0.674707036,0.084525358,0.35504886,0.390923806,Good
0.462540717,0.546086957,0.068669528,0.508849558,0.761572291,0.478543563,0.66558089,0.613857554,Poor
0.403908795,0.403478261,0.055793991,0.568584071,0.803926442,0.340702211,0.255157438,0.706265891,Poor
0.524429967,0.384347826,0,0.471238938,0.778442666,0.799739922,0.490770901,0.59289822,Hazardous
0.299674267,0.469565217,0.167381974,0.475663717,0.676457644,0.505851756,0.38762215,0.525324306,Moderate
0.436482085,0.685217391,0.021459227,0.504424779,0.864554535,0.386215865,1,0.67293369,Hazardous
0.534201954,0.471304348,0.090128755,0.449115044,0.836516246,0.921976593,0.790445168,0.730638134,Hazardous
0.364820847,0.533913043,0.038626609,0.57300885,0.750101021,0.283485046,0.311617807,0.620317168,Poor
0.501628664,0.608695652,0.13304721,0.564159292,0.862054068,0.659297789,0.477741585,0.731668667,Poor
0.309446254,0.333913043,0.128755365,0.336283186,0.630685915,0.491547464,0.153094463,0.489916133,Moderate
0.133550489,0.23826087,0.339055794,0.150442478,0.665767524,0.533159948,0.203040174,0.616370538,Good
0.153094463,0.406956522,0.158798283,0.435840708,0.744830792,0.198959688,0.390879479,0.679300179,Moderate
0.749185668,0.626086957,0.253218884,0.610619469,0.868667827,0.478543563,0.487513572,0.704171964,Hazardous
0.127035831,0.184347826,0.334763948,0.334070796,0.634832924,0.270481144,0.159609121,0.610793164,Good
0.110749186,0.28173913,0.407725322,0.150442478,0.632767917,0.516254876,0.207383279,0.430036576,Good
0.244299674,0.210434783,0.115879828,0.353982301,0.784205144,0.22496749,0.348534202,0.545963866,Moderate
0.123778502,0.313043478,0.364806867,0.223451327,0.656500485,0.066319896,0.429967427,0.473675874,Good
0.586319218,0.516521739,0.038626609,0.612831858,0.799674882,0.730819246,0.749185668,0.602346796,Hazardous
0.286644951,0.507826087,0.253218884,0.438053097,0.774921098,0.417425228,0.709011944,0.534357484,Poor
0.166123779,0.146086957,0.334763948,0.311946903,0.622182194,0.240572172,0.047774159,0.47480711,Good
0.146579805,0.16173913,0.47639485,0.365044248,0.648834387,0.368010403,0.137893594,0.518446408,Good
0.06514658,0.255652174,0.369098712,0.256637168,0.634832924,0.360208062,0.205211726,0.39983059,Good
0.13029316,0.147826087,0.420600858,0.367256637,0.658381251,0.165149545,0.438653637,0.521057648,Good
0.133550489,0.151304348,0.334763948,0.219026549,0.606576074,0.044213264,0.142236699,0.358898769,Good
0.276872964,0.206956522,0.145922747,0.480088496,0.835587944,0.504551365,0.270358306,0.450650976,Moderate
0.123778502,0.27826087,0.369098712,0.25,0.589943482,0.355006502,0.315960912,0.286280039,Good
0.048859935,0.330434783,0.377682403,0.223451327,0.613382633,0.253576073,0.160694897,0.430036576,Good
0.221498371,0.24,0.137339056,0.316371681,0.704501653,0.301690507,0.348534202,0.527002041,Moderate
0.527687296,0.307826087,0.08583691,0.584070796,0.678196221,0.641092328,0.299674267,0.525324306,Poor
0.465798046,0.393043478,0.145922747,0.657079646,0.750101021,0.609882965,0.359391965,0.499956167,Poor
0.149837134,0.27826087,0.480686695,0.389380531,0.615611387,0.509752926,0.315960912,0.401558407,Good
0.185667752,0.163478261,0.454935622,0.223451327,0.608865337,0.394018205,0.419109663,0.356686711,Good
0.293159609,0.393043478,0.184549356,0.603982301,0.73533513,0.410923277,0.308360478,0.497004636,Moderate
0.791530945,0.634782609,0.223175966,0.743362832,0.924133529,0.397919376,0.675352877,0.816211241,Hazardous
0.169381107,0.356521739,0.111587983,0.314159292,0.630685915,0.498049415,0.513572204,0.857590802,Moderate
0.475570033,0.413913043,0.081545064,0.475663717,0.83089464,0.699609883,0.348534202,0.579853956,Poor
0.133550489,0.137391304,0.463519313,0.316371681,0.646881004,0.066319896,0.286644951,0.305241865,Good
0.433224756,0.40173913,0.120171674,0.5,0.816268493,0.77503251,0.169381107,0.769385722,Poor
0.143322476,0.273043478,0.347639485,0.342920354,0.650772802,0.360208062,0.131378936,0.33286253,Good
0.120521173,0.107826087,0.536480687,0.371681416,0.67992293,0.10663199,0.28990228,0.439961804,Good
0.120521173,0.132173913,0.52360515,0.203539823,0.566814114,0.143042913,0.271444083,0.571658697,Good
0.237785016,0.431304348,0.175965665,0.415929204,0.642928394,0.386215865,0.650380022,0.451942017,Poor
0.218241042,0.326956522,0.13304721,0.424778761,0.759067697,0.245773732,0.613463626,0.432930713,Moderate
0.35504886,0.43826087,0.13304721,0.486725664,0.701359229,0.600780234,0.356134636,0.64861079,Moderate
0.123778502,0.333913043,0.52360515,0.225663717,0.678196221,0.170351105,0.047774159,0.473675874,Good
0.348534202,0.509565217,0.188841202,0.254424779,0.908592934,0.452535761,0.509229099,0.509447284,Poor
0.38762215,0.448695652,0.493562232,0.345132743,0.669381327,0.7763329,0.474484256,0.821803131,Poor
0.332247557,0.224347826,0.25751073,0.415929204,0.709143286,0.33810143,0.472312704,0.698668694,Moderate
0.374592834,0.516521739,0.081545064,0.577433628,0.905084392,0.605981795,0.634093377,0.68677721,Poor
0.214983713,0.389565217,0.163090129,0.402654867,0.728327427,0.202860858,0.255157438,0.47925977,Moderate
0.319218241,0.394782609,0.197424893,0.347345133,0.68671426,0.426527958,0.347448426,0.67293369,Moderate
0.179153094,0.173913043,0.334763948,0.276548673,0.632767917,0.081924577,0.441910966,0.512196327,Good
0.117263844,0.097391304,0.35193133,0.165929204,0.648834387,0.141742523,0.070575461,0.322335415,Good
0.511400651,0.354782609,0.103004292,0.511061947,0.920170599,0.418725618,0.718783931,0.844147336,Poor
0.583061889,0.386086957,0.060085837,0.418141593,0.707605519,0.44993498,0.652551574,0.733457512,Poor
0.302931596,0.217391304,0.111587983,0.477876106,0.762815349,0.22496749,0.246471227,0.367475536,Moderate
0.104234528,0.20173913,0.326180258,0.329646018,0.592387577,0.088426528,0.381107492,0.52866372,Good
0.153094463,0.31826087,0.35193133,0.157079646,0.688383982,0.357607282,0.287730727,0.401558407,Good
0.074918567,0.182608696,0.553648069,0.296460177,0.644912419,0.327698309,0.105320304,0.389086284,Good
0.140065147,0.233043478,0.433476395,0.084070796,0.650772802,0.495448635,0.308360478,0.678952543,Good
0.087947883,0.173913043,0.347639485,0.296460177,0.646881004,0.058517555,0.140065147,0.619828717,Good
0.495114007,0.594782609,0.081545064,0.444690265,0.79205825,0.530559168,0.653637351,0.649849636,Poor
0.117263844,0.295652174,0.454935622,0.398230088,0.681637932,0.496749025,0.44082519,0.383454086,Good
0.416938111,0.626086957,0.278969957,0.526548673,0.753982865,0.44343303,0.361563518,0.845885799,Poor
0.42019544,0.686956522,0.012875536,0.719026549,0.620010834,0.747724317,0.226927253,0.761995491,Hazardous
0.06514658,0.245217391,0.364806867,0.325221239,0.535331954,0.202860858,0.345276873,0.363240101,Good
0.156351792,0.196521739,0.35193133,0.21460177,0.683341385,0.461638492,0.336590662,0.387229109,Good
0.241042345,0.328695652,0.115879828,0.373893805,0.773736263,0.566970091,0.165038002,0.520191591,Moderate
0.439739414,0.410434783,0.077253219,0.71460177,0.719653599,0.375812744,0.695982628,0.545213782,Poor
0.16286645,0.203478261,0.429184549,0.066371681,0.611134068,0.352405722,0.05320304,0.587679804,Good
0.120521173,0.137391304,0.347639485,0.245575221,0.572139824,0.091027308,0.159609121,0.387229109,Good
0.459283388,0.573913043,0.094420601,0.318584071,0.820252227,0.55006502,0.690553746,0.620317168,Poor
0.348534202,0.193043478,0.124463519,0.296460177,0.762815349,0.616384915,0.39630836,0.624176087,Moderate
0.400651466,0.47826087,0.107296137,0.612831858,0.811198947,0.686605982,0.543973941,0.619828717,Poor
0.13029316,0.283478261,0.416309013,0.347345133,0.644912419,0.423927178,0.388707926,0.249194131,Good
0.068403909,0.234782609,0.510729614,0.389380531,0.718178599,0.214564369,0.413680782,0.478157263,Good
0.107491857,0.333913043,0.373390558,0.482300885,0.636881209,0.33029909,0.389793702,0.325027627,Good
0.104234528,0.35826087,0.420600858,0.265486726,0.716694947,0.156046814,0.414766558,0.460720128,Good
0.114006515,0.406956522,0.472103004,0.292035398,0.68671426,0.042912874,0.299674267,0.466729178,Good
0.179153094,0.325217391,0.824034335,0.243362832,0.644912419,0.339401821,0.470141151,0.5157953,Good
0.423452769,0.316521739,0.180257511,0.652654867,0.751401599,0.392717815,0.638436482,0.710379482,Poor
0.381107492,0.485217391,0.120171674,0.597345133,0.815262679,0.327698309,0.315960912,0.70144213,Poor
0.371335505,0.631304348,0.244635193,0.533185841,0.851797452,0.384915475,0.553745928,0.710669615,Poor
0.156351792,0.27826087,0.429184549,0.289823009,0.688383982,0.270481144,0.264929425,0.503815086,Good
0.048859935,0.292173913,0.652360515,0.314159292,0.638913042,0.159947984,0.407166124,0.56237779,Good
0.13029316,0.210434783,0.326180258,0.168141593,0.620010834,0.495448635,0.198697068,0.444047739,Good
0.397394137,0.380869565,0.072961373,0.67920354,0.817270323,0.340702211,0.57980456,0.645263328,Poor
0.110749186,0.257391304,0.369098712,0.311946903,0.648834387,0.356306892,0.363735071,0.419509461,Good
0.094462541,0.366956522,0.420600858,0.466814159,0.620010834,0.254876463,0.107491857,0.385351855,Good
0.087947883,0.206956522,0.35193133,0.25,0.572139824,0.534460338,0.456026059,0.471391048,Good
0.13029316,0.213913043,0.506437768,0.165929204,0.650772802,0.296488947,0.347448426,0.437183437,Good
0.09771987,0.342608696,0.360515021,0.097345133,0.587475542,0.344603381,0.235613464,0.361083002,Good
0.459283388,0.426086957,0.128755365,0.480088496,0.650772802,0.751625488,0.429967427,0.538313104,Poor
0.674267101,0.542608696,0.141630901,0.668141593,0.622182194,0.634590377,0.740499457,0.775678603,Hazardous
0.123778502,0.288695652,0.416309013,0.232300885,0.555814039,0.351105332,0.371335505,0.342787758,Good
0.723127036,0.523478261,0.021459227,0.783185841,0.967949774,0.462938882,0.709011944,0.683757235,Hazardous
0.110749186,0.109565217,0.407725322,0.265486726,0.685033444,0.167750325,0.157437568,0.57548924,Good
0.348534202,0.356521739,0.141630901,0.353982301,0.736713672,0.524057217,0.169381107,0.6465262,Moderate
0.091205212,0.236521739,0.343347639,0.380530973,0.678196221,0.283485046,0.281216069,0.322335415,Good
0.123778502,0.208695652,0.364806867,0.298672566,0.67992293,0.234070221,0.297502714,0.42258289,Good
0.45276873,0.44,0.064377682,0.336283186,0.672944229,0.755526658,0.25732899,0.69072384,Poor
0.394136808,0.368695652,0.519313305,0.398230088,0.764052329,0.228868661,0.369163952,0.60016941,Moderate
0.592833876,0.6,0.017167382,0.670353982,0.840195756,0.944083225,0.519001086,0.696480529,Hazardous
0.390879479,0.488695652,0.038626609,0.365044248,0.818268202,0.33289987,0.653637351,0.59346848,Poor
0.110749186,0.252173913,0.480686695,0.25,0.608865337,0.288686606,0.319218241,0.217535047,Good
0.094462541,0.23826087,0.326180258,0.232300885,0.564108614,0.240572172,0.359391965,0.560322805,Good
0.469055375,0.513043478,0.077253219,0.634955752,0.747479631,0.323797139,0.484256243,0.653110656,Poor
0.28990228,0.288695652,0.055793991,0.194690265,0.755263688,0.368010403,0.680781759,0.62701502,Poor
0.338762215,0.469565217,0.051502146,0.634955752,0.842015634,0.55006502,0.412595005,0.541413976,Poor
0.175895765,0.233043478,0.369098712,0.225663717,0.669381327,0.433029909,0.104234528,0.40664104,Good
0.475570033,0.537391304,0.167381974,0.411504425,0.862054068,0.321196359,0.642779587,0.653110656,Poor
0.429967427,0.431304348,0.175965665,0.378318584,0.662101346,0.306892068,0.436482085,0.527834868,Moderate
0.247557003,0.410434783,0.201716738,0.453539823,0.732555301,0.637191157,0.42019544,0.485731732,Moderate
0.504885993,0.664347826,0.128755365,0.566371681,0.786473876,0.5526658,0.660152009,0.801216987,Hazardous
0.573289902,0.39826087,0.231759657,0.53539823,0.761572291,0.828348505,0.561346363,0.608197537,Poor
0.433224756,0.325217391,0.13304721,0.453539823,0.787600657,0.533159948,0.399565689,0.601805004,Moderate
0.159609121,0.20173913,0.377682403,0.438053097,0.535331954,0.465539662,0.284473398,0.490946665,Good
0.374592834,0.539130435,0.158798283,0.665929204,0.824174195,0.495448635,0.389793702,0.662158721,Poor
0.504885993,0.513043478,0.0472103,0.953539823,0.855262737,0.652795839,0.841476656,0.790937083,Hazardous
0.283387622,0.453913043,0.068669528,0.168141593,0.767727385,0.694408322,0.6330076,0.700522564,Poor
0.674267101,0.739130435,0.193133047,0.668141593,0.833721059,0.55396619,0.584147666,0.626073857,Hazardous
0.416938111,0.40173913,0.038626609,0.42699115,0.421866237,0.751625488,0.499457112,0.760043193,Poor
0.234527687,0.382608696,0.403433476,0.404867257,0.67116905,0.175552666,0.252985885,0.500928966,Moderate
0.110749186,0.133913043,0.394849785,0.360619469,0.650772802,0.192457737,0.280130293,0.319600803,Good
0.153094463,0.210434783,0.52360515,0.225663717,0.658381251,0.421326398,0.363735071,0.365370732,Good
0.081433225,0.163478261,0.613733906,0.269911504,0.685033444,0.244473342,0.397394137,0.428571215,Good
0.071661238,0.276521739,0.407725322,0.371681416,0.615611387,0.404421326,0.418023887,0.567080242,Good
0.371335505,0.408695652,0.223175966,0.278761062,0.658381251,0.514954486,0.464712269,0.655118126,Moderate
0.345276873,0.125217391,0.184549356,0.46460177,0.755263688,0.390117035,0.586319218,0.497994065,Poor
0.299674267,0.589565217,0.206008584,0.457964602,0.787600657,0.566970091,0.275787188,0.497004636,Moderate
0.296416938,0.373913043,0.25751073,0.342920354,0.547238239,0.459037711,0.42019544,0.522776912,Moderate
0.358306189,0.646956522,0.051502146,0.60840708,0.722578047,0.742522757,0.627578719,0.577996781,Poor
0.342019544,0.379130435,0.150214592,0.347345133,0.481160678,0.322496749,0.469055375,0.455758527,Moderate
0.410423453,0.584347826,0.0472103,0.57079646,0.73533513,0.420026008,0.370249729,0.646945125,Poor
0.061889251,0.27826087,0.433476395,0.347345133,0.608865337,0.214564369,0.348534202,0.322335415,Good
0.508143322,0.695652174,0.128755365,0.632743363,0.950851248,0.756827048,0.614549403,0.594603414,Hazardous
0.228013029,0.28173913,0.115879828,0.440265487,0.584983287,0.516254876,0.198697068,0.617861056,Moderate
0.407166124,0.533913043,0.042918455,0.303097345,0.786473876,0.695708713,0.305103149,0.494002068,Poor
0.267100977,0.290434783,0.111587983,0.35619469,0.636881209,0.638491547,0.194353963,0.68476974,Moderate
0.361563518,0.271304348,0.158798283,0.407079646,0.648834387,0.357607282,0.350705755,0.641850063,Moderate
0.120521173,0.210434783,0.433476395,0.221238938,0.685033444,0.291287386,0.363735071,0.449350264,Good
0.149837134,0.323478261,0.360515021,0.307522124,0.706058347,0.016905072,0.066232356,0.403269202,Good
0.270358306,0.273043478,0.214592275,0.340707965,0.662101346,0.210663199,0.474484256,0.531940124,Moderate
0.61237785,0.540869565,0.021459227,0.696902655,0.828992662,0.503250975,0.330076004,0.619828717,Hazardous
0.768729642,0.396521739,0.120171674,0.433628319,0.900089214,0.275682705,0.619978284,0.787432726,Poor
0.348534202,0.386086957,0.197424893,0.654867257,0.663941077,0.56046814,0.311617807,0.540643934,Moderate
0.456026059,0.448695652,0.094420601,0.289823009,0.759067697,0.628088427,0.659066232,0.756961973,Poor
0.35504886,0.44,0.064377682,0.533185841,0.779605711,0.345903771,0.62432139,0.66595023,Poor
0.127035831,0.243478261,0.39055794,0.210176991,0.587475542,0.431729519,0.388707926,0.427093383,Good
0.140065147,0.393043478,0.180257511,0.433628319,0.722578047,0.592977893,0.167209555,0.584111646,Moderate
0.267100977,0.286956522,0.30472103,0.373893805,0.736713672,0.348504551,0.350705755,0.591752049,Moderate
0.143322476,0.295652174,0.433476395,0.243362832,0.615611387,0.210663199,0.270358306,0.207317734,Good
0.153094463,0.102608696,0.326180258,0.168141593,0.660248137,0.063719116,0.134636265,0.373641067,Good
0.136807818,0.16,0.377682403,0.227876106,0.688383982,0.426527958,0.328990228,0.503815086,Good
0.078175896,0.219130435,0.510729614,0.146017699,0.652696476,0.503250975,0.380021716,0.538313104,Good
0.48534202,0.377391304,0.042918455,0.351769912,0.788722441,0.654096229,0.454940282,0.675437358,Poor
0.312703583,0.224347826,0.278969957,0.400442478,0.759067697,0.635890767,0.155266015,0.481444003,Moderate
0.231270358,0.335652174,0.193133047,0.451327434,0.676457644,0.318595579,0.39630836,0.628417269,Moderate
0.100977199,0.08,0.43776824,0.318584071,0.617820675,0.280884265,0.079261672,0.563734392,Good
0.218241042,0.243478261,0.111587983,0.369469027,0.764052329,0.188556567,0.64495114,0.424099443,Moderate
0.57980456,0.453913043,0.068669528,0.681415929,0.874316333,0.511053316,0.643865364,0.577996781,Hazardous
0.081433225,0.08173913,0.489270386,0.161504425,0.650772802,0.308192458,0.401737242,0.472537219,Good
0.074918567,0.15826087,0.364806867,0.292035398,0.582466232,0.33289987,0.284473398,0.340359128,Good
0.527687296,0.28,0.459227468,0.637168142,0.871104075,0.362808843,0.296416938,0.64098616,Poor
0.127035831,0.179130435,0.360515021,0.309734513,0.589943482,0.505851756,0.286644951,0.292833429,Good
0.413680782,0.732173913,0.244635193,0.626106195,0.874316333,0.66319896,0.439739414,0.527002041,Hazardous
0.501628664,0.316521739,0.094420601,0.369469027,0.871910972,0.340702211,0.413680782,0.660231462,Poor
0.146579805,0.323478261,0.154506438,0.380530973,0.751401599,0.396618986,0.398479913,0.394541525,Moderate
0.052117264,0.27826087,0.356223176,0.152654867,0.632767917,0.133940182,0.325732899,0.421052975,Good
0.299674267,0.307826087,0.124463519,0.216814159,0.776100409,0.348504551,0.338762215,0.475931025,Moderate
0.361563518,0.382608696,0.120171674,0.409292035,0.704501653,0.628088427,0.457111835,0.599070392,Moderate
0.345276873,0.452173913,0.107296137,0.486725664,0.755263688,0.140442133,0.212812161,0.766046307,Moderate
0.394136808,0.222608696,0.163090129,0.424778761,0.678196221,0.586475943,0.273615635,0.752463166,Moderate
0.263843648,0.226086957,0.141630901,0.331858407,0.732555301,0.473342003,0.442996743,0.614867116,Moderate
0.270358306,0.309565217,0.248927039,0.528761062,0.756538058,0.315994798,0.294245385,0.739208674,Moderate
0.231270358,0.406956522,0.321888412,0.493362832,0.777274248,0.570871261,0.267100977,0.437183437,Moderate
0.814332248,0.631304348,0.163090129,0.685840708,0.869482519,0.849154746,0.409337676,0.711825321,Hazardous
0.228013029,0.259130435,0.158798283,0.400442478,0.753982865,0.297789337,0.4082519,0.737478397,Moderate
0.156351792,0.335652174,0.420600858,0.219026549,0.606576074,0.063719116,0.156351792,0.461938689,Good
0.058631922,0.326956522,0.339055794,0.230088496,0.644912419,0.279583875,0.13897937,0.572303018,Good
0.377850163,0.39826087,0.115879828,0.318584071,0.656500485,0.317295189,0.466883822,0.783093753,Moderate
0.664495114,0.573913043,0.030042918,0.743362832,0.699773256,0.716514954,0.650380022,0.527834868,Hazardous
0.459283388,0.234782609,0.051502146,0.46460177,0.719653599,0.651495449,0.641693811,0.507590109,Poor
0.084690554,0.313043478,0.420600858,0.225663717,0.561373864,0.318595579,0.142236699,0.56237779,Good
0.407166124,0.436521739,0.158798283,0.400442478,0.847398004,0.77763329,0.750271444,0.416380652,Poor
0.100977199,0.269565217,0.716738197,0.296460177,0.547238239,0.520156047,0.199782845,0.401558407,Good
0.315960912,0.55826087,0.13304721,0.615044248,0.492241071,0.77373212,0.552660152,0.649024721,Poor
0.16286645,0.332173913,0.356223176,0.276548673,0.68671426,0.503250975,0.347448426,0.416380652,Good
0.661237785,0.48,0.111587983,0.546460177,0.902242094,0.347204161,0.524429967,0.305241865,Hazardous
0.469055375,0.448695652,0.08583691,0.404867257,0.821238434,0.694408322,0.567861021,0.573584531,Poor
0.739413681,0.405217391,0.094420601,0.665929204,0.823199389,0.89076723,0.604777416,0.744059387,Hazardous
0.361563518,0.379130435,0.107296137,0.378318584,0.786473876,0.400520156,0.563517915,0.637486914,Moderate
0.13029316,0.106086957,0.356223176,0.185840708,0.660248137,0.505851756,0.212812161,0.535155849,Good
0.084690554,0.189565217,0.339055794,0.236725664,0.611134068,0.270481144,0.103148751,0.625601355,Good
0.35504886,0.453913043,0.150214592,0.331858407,0.704501653,0.308192458,0.520086862,0.609240449,Moderate
0.120521173,0.306086957,0.35193133,0.292035398,0.624335074,0.042912874,0.074918567,0.411579123,Good
0.146579805,0.12,0.35193133,0.128318584,0.611134068,0.33810143,0.410423453,0.369555132,Good
0.439739414,0.457391304,0.137339056,0.652654867,0.863723789,0.347204161,0.244299674,0.678255175,Poor
0.022801303,0.116521739,0.326180258,0.278761062,0.636881209,0.075422627,0.31053203,0.40664104,Good
0.107491857,0.142608696,0.412017167,0.234513274,0.587475542,0.295188557,0.345276873,0.365370732,Good
0.345276873,0.434782609,0.128755365,0.588495575,0.879059507,0.208062419,0.372421281,0.70477281,Poor
0.078175896,0.366956522,0.330472103,0.221238938,0.728327427,0.015604681,0.153094463,0.556138404,Good
0.123778502,0.363478261,0.360515021,0.203539823,0.699773256,0.429128739,0.117263844,0.552572689,Good
0.482084691,0.514782609,0.021459227,0.53539823,0.827076275,0.538361508,0.635179153,0.657102653,Hazardous
0.426710098,0.619130435,0.098712446,0.484513274,0.779605711,0.621586476,0.33441911,0.626073857,Poor
0.302931596,0.353043478,0.115879828,0.42920354,0.739448421,0.174252276,0.507057546,0.438578177,Moderate
0.309446254,0.384347826,0.188841202,0.471238938,0.742153922,0.273081925,0.368078176,0.660618629,Moderate
0.495114007,0.304347826,0.081545064,0.39159292,0.722578047,0.824447334,0.25732899,0.673293575,Poor
0.195439739,0.300869565,0.107296137,0.575221239,0.797522002,0.3289987,0.380021716,0.431489674,Moderate
0.61237785,0.603478261,0.107296137,0.615044248,0.826112609,0.581274382,0.464712269,0.609240449,Poor
0.19218241,0.365217391,0.21888412,0.477876106,0.642928394,0.587776333,0.394136808,0.675081893,Moderate
0.332247557,0.286956522,0.115879828,0.298672566,0.785342053,0.345903771,0.398479913,0.56237779,Moderate
0.087947883,0.24,0.330472103,0.185840708,0.594808283,0.019505852,0.460369164,0.535155849,Good
0.175895765,0.386086957,0.188841202,0.469026549,0.558609226,0.421326398,0.492942454,0.608719776,Moderate
0.114006515,0.177391304,0.377682403,0.170353982,0.622182194,0.188556567,0.482084691,0.41319443,Good
0.094462541,0.220869565,0.334763948,0.227876106,0.574761214,0.163849155,0.287730727,0.392742086,Good
0.169381107,0.123478261,0.330472103,0.230088496,0.569490985,0.543563069,0.409337676,0.499956167,Good
0.273615635,0.342608696,0.167381974,0.480088496,0.759067697,0.55006502,0.486427796,0.71211305,Moderate
0.237785016,0.19826087,0.150214592,0.584070796,0.669381327,0.299089727,0.573289902,0.683757235,Moderate
0.123778502,0.252173913,0.334763948,0.192477876,0.615611387,0.176853056,0.24864278,0.438578177,Good
0.052117264,0.139130435,0.43776824,0.188053097,0.620010834,0.036410923,0.317046688,0.201974414,Good
0.107491857,0.151304348,0.369098712,0.303097345,0.646881004,0.205461638,0.33441911,0.489916133,Good
0.237785016,0.375652174,0.334763948,0.387168142,0.693328019,0.587776333,0.595005429,0.595168111,Moderate
0.25732899,0.455652174,0.223175966,0.272123894,0.726902286,0.535760728,0.156351792,0.482525902,Moderate
0.120521173,0.28,0.373390558,0.225663717,0.638913042,0.273081925,0.196525516,0.677905439,Good
0.436482085,0.56,0.154506438,0.619469027,0.628586634,0.339401821,0.542888165,0.62701502,Poor
0.087947883,0.123478261,0.386266094,0.121681416,0.547238239,0.522756827,0.092290988,0.23632571,Good
0.280130293,0.253913043,0.115879828,0.39380531,0.721120049,0.498049415,0.285559175,0.64270969,Moderate
0.078175896,0.19826087,0.626609442,0.203539823,0.608865337,0.088426528,0.260586319,0.459492956,Good
0.390879479,0.445217391,0.038626609,0.601769912,0.822220811,0.647594278,0.442996743,0.716372729,Poor
0.442996743,0.464347826,0.08583691,0.670353982,0.869482519,0.55526658,0.523344191,0.541413976,Poor
0.719869707,0.471304348,0.141630901,0.371681416,0.823199389,0.512353706,0.660152009,0.755400614,Hazardous
0.156351792,0.125217391,0.575107296,0.28539823,0.660248137,0.526657997,0.298588491,0.432930713,Good
0.081433225,0.293913043,0.47639485,0.210176991,0.644912419,0.304291287,0.34310532,0.414794849,Good
0.022801303,0.2,0.347639485,0.345132743,0.646881004,0.412223667,0.108577633,0.578618049,Good
0.394136808,0.445217391,0.240343348,0.533185841,0.879841461,0.196358908,0.608034745,0.639245351,Poor
0.09771987,0.151304348,0.399141631,0.32079646,0.572139824,0.387516255,0.10640608,0.311128673,Good
0.120521173,0.128695652,0.326180258,0.234513274,0.561373864,0.070221066,0.033659066,0.472537219,Good
0.309446254,0.551304348,0.145922747,0.599557522,0.807068866,0.474642393,0.697068404,0.766467263,Poor
0.071661238,0.07826087,0.330472103,0.28539823,0.597206044,0.262678804,0.307274701,0.766256913,Good
0.055374593,0.23826087,0.618025751,0.223451327,0.669381327,0.091027308,0.432138979,0.379595166,Good
0.456026059,0.525217391,0.124463519,0.674778761,0.852668234,0.258777633,0.487513572,0.489916133,Poor
0.384364821,0.292173913,0.283261803,0.440265487,0.663941077,0.710013004,0.401737242,0.553291714,Moderate
0.074918567,0.085217391,0.407725322,0.210176991,0.648834387,0.209362809,0.169381107,0.365370732,Good
0.247557003,0.299130435,0.111587983,0.460176991,0.755263688,0.474642393,0.273615635,0.521919408,Moderate
0.817589577,0.643478261,0.060085837,0.862831858,0.759067697,0.520156047,0.723127036,0.938768314,Hazardous
0.348534202,0.490434783,0.072961373,0.347345133,0.884483093,0.370611183,0.621064061,0.52447932,Poor
0.175895765,0.372173913,0.326180258,0.256637168,0.644912419,0.057217165,0.363735071,0.403269202,Good
0.618892508,0.624347826,0.115879828,0.480088496,0.919504033,0.548764629,0.642779587,0.751778178,Hazardous
0.384364821,0.233043478,0.339055794,0.402654867,0.681637932,0.375812744,0.50597177,0.639682192,Moderate
0.084690554,0.302608696,0.360515021,0.365044248,0.594808283,0.475942783,0.131378936,0.651487801,Good
0.123778502,0.184347826,0.386266094,0.278761062,0.577355718,0.074122237,0.365906623,0.509447284,Good
0.879478827,0.646956522,0.115879828,0.623893805,0.699773256,0.853055917,0.601520087,0.581691478,Hazardous
0.64495114,0.627826087,0.064377682,0.5,0.555814039,0.423927178,0.55917481,0.540643934,Hazardous
0.100977199,0.245217391,0.356223176,0.185840708,0.67992293,0.312093628,0.125950054,0.610277134,Good
0.335504886,0.316521739,0.17167382,0.351769912,0.67116905,0.416124837,0.176981542,0.606092733,Moderate
0.384364821,0.549565217,0.034334764,0.599557522,0.707605519,0.639791938,0.558089034,0.732437572,Poor
0.361563518,0.23826087,0.313304721,0.522123894,0.646881004,0.360208062,0.273615635,0.702964,Poor
0.315960912,0.306086957,0.317596567,0.274336283,0.718178599,0.564369311,0.247557003,0.424099443,Moderate
0.511400651,0.516521739,0.111587983,0.28539823,0.733949034,0.478543563,0.552660152,0.546710724,Poor
0.550488599,0.596521739,0.077253219,0.825221239,0.849166975,0.875162549,0.748099891,0.411579123,Hazardous
0.061889251,0.316521739,0.403433476,0.199115044,0.696571165,0.386215865,0.066232356,0.409948649,Good
0.146579805,0.24,0.450643777,0.340707965,0.667580879,0.032509753,0.198697068,0.554720893,Good
0.244299674,0.252173913,0.111587983,0.453539823,0.731153846,0.204161248,0.439739414,0.390923806,Moderate
0.123778502,0.257391304,0.377682403,0.181415929,0.726902286,0.355006502,0.439739414,0.542943891,Good
0.234527687,0.347826087,0.145922747,0.331858407,0.604265903,0.196358908,0.50597177,0.47925977,Moderate
0.143322476,0.273043478,0.575107296,0.292035398,0.601934441,0.273081925,0.095548317,0.390923806,Good
0.091205212,0.326956522,0.403433476,0.296460177,0.601934441,0.289986996,0.268186754,0.617365637,Good
0.469055375,0.460869565,0.120171674,0.615044248,0.755263688,0.707412224,0.618892508,0.662923675,Poor
0.32247557,0.267826087,0.188841202,0.39380531,0.765283289,0.579973992,0.305103149,0.630729477,Moderate
0.123778502,0.252173913,0.334763948,0.272123894,0.658381251,0.146944083,0.246471227,0.523630202,Good
0.664495114,0.406956522,0.038626609,0.345132743,0.712191056,0.608582575,0.484256243,0.55963237,Hazardous
0.38762215,0.36173913,0.188841202,0.371681416,0.696571165,0.304291287,0.394136808,0.47480711,Moderate
0.42019544,0.273043478,0.060085837,0.581858407,0.802870232,0.384915475,0.25732899,0.714681376,Poor
0.214983713,0.325217391,0.248927039,0.32079646,0.799674882,0.600780234,0.251900109,0.665198522,Moderate
0.100977199,0.286956522,0.377682403,0.331858407,0.620010834,0.236671001,0.228013029,0.439961804,Good
0.136807818,0.325217391,0.377682403,0.307522124,0.608865337,0.431729519,0.496199783,0.286280039,Good
0.426710098,0.713043478,0.115879828,0.477876106,0.778442666,0.726918075,0.482084691,0.598518264,Poor
0.169381107,0.339130435,0.515021459,0.212389381,0.59958129,0.288686606,0.103148751,0.509447284,Good
0.211726384,0.44173913,0.214592275,0.307522124,0.718178599,0.509752926,0.454940282,0.614867116,Moderate
0.114006515,0.208695652,0.450643777,0.300884956,0.634832924,0.018205462,0.462540717,0.349876261,Good
0.524429967,0.474782609,0.08583691,0.506637168,0.844721134,0.720416125,0.686210641,0.618847673,Poor
0.270358306,0.191304348,0.283261803,0.513274336,0.780763433,0.674902471,0.516829533,0.525324306,Poor
0.423452769,0.591304348,0.051502146,0.506637168,0.729744584,0.55786736,0.256243214,0.626073857,Poor
0.107491857,0.165217391,0.579399142,0.349557522,0.638913042,0.040312094,0.242128122,0.544460444,Good
0.247557003,0.302608696,0.111587983,0.334070796,0.526019422,0.128738622,0.284473398,0.80580248,Moderate
0.055374593,0.196521739,0.339055794,0.280973451,0.715202542,0.478543563,0.15092291,0.340359128,Good
0.084690554,0.224347826,0.450643777,0.243362832,0.587475542,0.370611183,0.385450597,0.521919408,Good
0.136807818,0.149565217,0.369098712,0.303097345,0.632767917,0.407022107,0.361563518,0.379595166,Good
0.09771987,0.229565217,0.356223176,0.201327434,0.654605631,0.44473342,0.349619978,0.438578177,Good
0.058631922,0.187826087,0.403433476,0.165929204,0.67116905,0.166449935,0.069489685,0.565080478,Good
0.423452769,0.250434783,0.163090129,0.400442478,0.658381251,0.674902471,0.372421281,0.640552591,Poor
0.436482085,0.231304348,0.124463519,0.488938053,0.785342053,0.531859558,0.597176982,0.505712856,Poor
0.156351792,0.163478261,0.39055794,0.318584071,0.674707036,0.521456437,0.398479913,0.498977887,Good
0.573289902,0.403478261,0.038626609,0.46460177,0.885248485,0.529258778,0.38762215,0.698357782,Poor
0.133550489,0.243478261,0.815450644,0.272123894,0.597206044,0.521456437,0.239956569,0.446719241,Good
0.267100977,0.332173913,0.188841202,0.353982301,0.725469071,0.564369311,0.148751357,0.688761737,Moderate
0.042345277,0.088695652,0.364806867,0.373893805,0.663941077,0.279583875,0.465798046,0.396322506,Good
0.123778502,0.219130435,0.463519313,0.190265487,0.660248137,0.351105332,0.087947883,0.441334493,Good
0.293159609,0.339130435,0.39055794,0.309734513,0.624335074,0.322496749,0.16286645,0.501896346,Moderate
0.254071661,0.417391304,0.107296137,0.475663717,0.777274248,0.200260078,0.444082519,0.568400737,Moderate
0.276872964,0.273043478,0.150214592,0.28539823,0.704501653,0.204161248,0.241042345,0.56440874,Moderate
0.241042345,0.382608696,0.17167382,0.482300885,0.722578047,0.713914174,0.390879479,0.439961804,Moderate
0.524429967,0.622608696,0.021459227,0.969026549,0.876699037,0.894668401,0.479913138,0.705371584,Hazardous
0.495114007,0.377391304,0.184549356,0.243362832,0.816268493,0.358907672,0.442996743,0.540643934,Poor
0.078175896,0.179130435,0.330472103,0.345132743,0.626469786,0.535760728,0.231270358,0.40664104,Good
0.54723127,0.266086957,0.004291845,0.471238938,0.724027689,0.816644993,0.356134636,0.712687081,Hazardous
0.133550489,0.245217391,0.416309013,0.205752212,0.690042754,0.261378414,0.308360478,0.549666442,Good
0.273615635,0.154782609,0.236051502,0.398230088,0.715202542,0.591677503,0.3669924,0.608197537,Moderate
0.361563518,0.445217391,0.060085837,0.561946903,0.786473876,0.43953186,0.317046688,0.475931025,Poor
0.302931596,0.366956522,0.412017167,0.35619469,0.650772802,0.257477243,0.26927253,0.567080242,Moderate
0.527687296,0.43826087,0.201716738,0.548672566,0.886772356,0.522756827,0.295331162,0.682397978,Poor
0.964169381,0.685217391,0.077253219,0.619469027,0.770148091,0.577373212,0.418023887,0.635263526,Hazardous
0.166123779,0.234782609,0.343347639,0.234513274,0.572139824,0.061118336,0.356134636,0.396322506,Good
0.374592834,0.372173913,0.098712446,0.798672566,0.807068866,0.737321196,0.693811075,0.574221758,Hazardous
0.19218241,0.187826087,0.339055794,0.269911504,0.577355718,0.249674902,0.45276873,0.644840321,Good
0.087947883,0.226086957,0.343347639,0.205752212,0.652696476,0.490247074,0.148751357,0.580468627,Good
0.475570033,0.660869565,0.038626609,0.473451327,0.848284036,0.433029909,0.563517915,0.816369028,Hazardous
0.286644951,0.427826087,0.210300429,0.347345133,0.634832924,0.460338101,0.299674267,0.539093529,Moderate
0.570032573,0.587826087,0.060085837,0.57079646,0.721120049,0.704811443,0.233441911,0.852670658,Poor
0.214983713,0.36,0.175965665,0.404867257,0.636881209,0.240572172,0.395222584,0.706562972,Moderate
0.472312704,0.337391304,0.051502146,0.455752212,0.777274248,0.263979194,0.260586319,0.639245351,Poor
0.661237785,0.636521739,0.214592275,0.134955752,0.852668234,0.651495449,0.472312704,0.775678603,Hazardous
0.410423453,0.502608696,0.120171674,0.497787611,0.794257932,0.309492848,0.332247557,0.681714338,Poor
0.104234528,0.253913043,0.356223176,0.088495575,0.676457644,0.342002601,0.10640608,0.613350563,Good
0.560260586,0.429565217,0.167381974,0.466814159,0.820252227,0.747724317,0.486427796,0.518446408,Poor
0.078175896,0.113043478,0.416309013,0.25,0.613382633,0.418725618,0.220412595,0.330289976,Good
0.120521173,0.339130435,0.334763948,0.283185841,0.67992293,0.174252276,0.471226927,0.478157263,Good
0.149837134,0.210434783,0.339055794,0.163716814,0.648834387,0.351105332,0.28990228,0.572303018,Good
0.081433225,0.053913043,0.343347639,0.165929204,0.547238239,0.117035111,0.418023887,0.387229109,Good
0.084690554,0.177391304,0.600858369,0.331858407,0.656500485,0.507152146,0.30184582,0.414794849,Good
0.501628664,0.605217391,0.042918455,0.57300885,0.809142335,0.512353706,0.25732899,0.79221054,Poor
0.51465798,0.493913043,0.399141631,0.488938053,0.811198947,0.430429129,0.596091205,0.677905439,Poor
0.146579805,0.114782609,0.347639485,0.157079646,0.685033444,0.171651495,0.182410423,0.448039736,Good
0.091205212,0.313043478,0.429184549,0.192477876,0.611134068,0.261378414,0.219326819,0.457012282,Good
0.127035831,0.133913043,0.570815451,0.172566372,0.660248137,0.381014304,0.043431053,0.345182888,Good
0.140065147,0.139130435,0.373390558,0.280973451,0.699773256,0.501950585,0.082519001,0.434359892,Good
0.508143322,0.290434783,0.206008584,0.376106195,0,0.433029909,0.733984799,0.647363041,Poor
0.527687296,0.40173913,0.051502146,0.267699115,0.779605711,0.66319896,0.515743757,0.57548924,Hazardous
0.446254072,0.486956522,0.090128755,0.353982301,0.839280884,0.755526658,0.560260586,0.580468627,Hazardous
0.120521173,0.104347826,0.360515021,0.190265487,0.658381251,0.462938882,0.400651466,0.571011977,Good
0.143322476,0.314782609,0.394849785,0.340707965,0.613382633,0.244473342,0.441910966,0.558939178,Good
0.328990228,0.233043478,0.167381974,0.283185841,0.718178599,0.300390117,0.339847991,0.52447932,Moderate
0.270358306,0.412173913,0.111587983,0.230088496,0.709143286,0.547464239,0.37567861,0.514005137,Moderate
0.596091205,0.547826087,0.064377682,0.67699115,0.759067697,0.44473342,0.522258415,0.747844697,Hazardous
0.745928339,0.386086957,0.154506438,0.42920354,0.663941077,0.762028609,0.700325733,0.634815412,Hazardous
0.094462541,0.208695652,0.347639485,0.238938053,0.622182194,0.396618986,0.120521173,0.606621331,Good
0.114006515,0.182608696,0.467811159,0.258849558,0.628586634,0.123537061,0.381107492,0.438578177,Good
0.244299674,0.349565217,0.206008584,0.307522124,0.799674882,0.136540962,0.409337676,0.588267433,Moderate
0.342019544,0.462608696,0.128755365,0.473451327,0.694954789,0.505851756,0.570032573,0.576119528,Moderate
0.866449511,0.657391304,0.012875536,0.46460177,0.716694947,0.713914174,0.449511401,0.736231843,Hazardous
0.09771987,0.353043478,0.35193133,0.418141593,0.662101346,0.322496749,0.178067318,0.602346796,Good
0.110749186,0.307826087,0.373390558,0.188053097,0.535331954,0.076723017,0.137893594,0.365370732,Good
0.159609121,0.365217391,0.330472103,0.139380531,0.681637932,0.206762029,0.042345277,0.361083002,Good
0.449511401,0.326956522,0.167381974,0.276548673,0.698177277,0.33029909,0.371335505,0.583509759,Moderate
0.140065147,0.28,0.13304721,0.415929204,0.762815349,0.252275683,0.332247557,0.527834868,Moderate
0.537459283,0.460869565,0.081545064,0.471238938,0.762815349,0.373211964,0.390879479,0.615870842,Poor
0.104234528,0.259130435,0.442060086,0.294247788,0.632767917,0.140442133,0.17155266,0.383454086,Good
0.315960912,0.379130435,0.193133047,0.517699115,0.780763433,0.304291287,0.578718784,0.50665402,Moderate
0.117263844,0.20173913,0.416309013,0.283185841,0.577355718,0.097529259,0.377850163,0.457012282,Good
0.429967427,0.591304348,0.321888412,0.504424779,0.882172923,0.77243173,0.409337676,0.610277134,Hazardous
0.123778502,0.323478261,0.369098712,0.325221239,0.693328019,0.052015605,0.129207383,0.358898769,Good
0.091205212,0.106086957,0.386266094,0.245575221,0.617820675,0.228868661,0.219326819,0.595168111,Good
0.146579805,0.354782609,0.502145923,0.269911504,0.608865337,0.44993498,0.114006515,0.387229109,Good
0.478827362,0.273043478,0.167381974,0.471238938,0.831840293,0.530559168,0.668838219,0.527002041,Poor
0.071661238,0.325217391,0.330472103,0.378318584,0.613382633,0.433029909,0.231270358,0.481444003,Good
0.127035831,0.16,0.356223176,0.223451327,0.663941077,0.302990897,0.207383279,0.445388628,Good
0.260586319,0.340869565,0.107296137,0.418141593,0.756538058,0.345903771,0.510314875,0.484669685,Moderate
0.576547231,0.353043478,0.038626609,0.365044248,0.812221017,0.525357607,0.776330076,0.690398358,Poor
0.127035831,0.333913043,0.356223176,0.32300885,0.698177277,0.526657997,0.225841477,0.401558407,Good
0.237785016,0.417391304,0.184549356,0.345132743,0.710671761,0.149544863,0.592833876,0.599070392,Moderate
0.482084691,0.28173913,0.055793991,0.566371681,0.798600732,0.362808843,0.592833876,0.734471496,Poor
0.260586319,0.290434783,0.244635193,0.480088496,0.718178599,0.383615085,0.539630836,0.57548924,Moderate
0.143322476,0.314782609,0.407725322,0.221238938,0.561373864,0.368010403,0.347448426,0.428571215,Good
0.478827362,0.215652174,0.115879828,0.471238938,0.847398004,0.578673602,0.445168295,0.576747537,Poor
0.120521173,0.300869565,0.364806867,0.079646018,0.57992388,0.477243173,0.123778502,0.498977887,Good
0.315960912,0.44,0.141630901,0.477876106,0.740804789,0.343302991,0.217155266,0.580468627,Moderate
0.146579805,0.246956522,0.326180258,0.258849558,0.656500485,0.260078023,0.158523344,0.305241865,Good
0.104234528,0.2,0.399141631,0.331858407,0.601934441,0.483745124,0.326818675,0.411579123,Good
0.074918567,0.130434783,0.326180258,0.292035398,0.54135514,0.198959688,0.045602606,0.337896048,Good
0.244299674,0.24173913,0.326180258,0.265486726,0.706058347,0.461638492,0.462540717,0.358898769,Moderate
0.146579805,0.123478261,0.446351931,0.32079646,0.650772802,0.11313394,0.2247557,0.342787758,Good
0.465798046,0.513043478,0.197424893,0.475663717,0.704501653,0.702210663,0.54723127,0.58590489,Poor
0.459283388,0.471304348,0.184549356,0.646017699,0.747479631,0.486345904,0.609120521,0.458257049,Poor
0.543973941,0.39826087,0.060085837,0.601769912,0.796438651,0.386215865,0.590662324,0.775079485,Hazardous
0.459283388,0.412173913,0.051502146,0.451327434,0.592387577,0.55916775,0.545059718,0.450650976,Poor
0.084690554,0.114782609,0.369098712,0.272123894,0.719653599,0.241872562,0.372421281,0.327678735,Good
0.039087948,0.252173913,0.377682403,0.325221239,0.632767917,0.079323797,0.460369164,0.614363068,Good
0.074918567,0.182608696,0.326180258,0.238938053,0.667580879,0.405721717,0.064060803,0.35444611,Good
0.553745928,0.546086957,0.163090129,0.451327434,0.853536028,0.656697009,0.489685125,0.540643934,Poor
0.244299674,0.271304348,0.128755365,0.227876106,0.694954789,0.624187256,0.404994571,0.521919408,Moderate
0.120521173,0.219130435,0.364806867,0.389380531,0.626469786,0.118335501,0.456026059,0.335397527,Good
0.149837134,0.132173913,0.47639485,0.132743363,0.642928394,0.373211964,0.282301846,0.5311268,Good
0.64495114,0.549565217,0.158798283,0.783185841,0.770148091,0.457737321,0.418023887,0.626545076,Hazardous
0.504885993,0.434782609,0.038626609,0.314159292,0.772545852,0.309492848,0.335504886,0.715246993,Poor
0.094462541,0.165217391,0.403433476,0.254424779,0.613382633,0.070221066,0.109663409,0.425602866,Good
0.586319218,0.589565217,0.021459227,0.64380531,0.928679821,0.525357607,0.701411509,0.690398358,Hazardous
0.058631922,0.175652174,0.545064378,0.256637168,0.613382633,0.231469441,0.140065147,0.365370732,Good
0.123778502,0.203478261,0.334763948,0.234513274,0.672944229,0.514954486,0.374592834,0.289587648,Good
0.182410423,0.413913043,0.115879828,0.316371681,0.672944229,0.413524057,0.397394137,0.805634789,Moderate
0.094462541,0.168695652,0.369098712,0.280973451,0.638913042,0.202860858,0.132464712,0.498977887,Good
0.319218241,0.220869565,0.120171674,0.473451327,0.733949034,0.256176853,0.205211726,0.521057648,Moderate
0.413680782,0.436521739,0.13304721,0.480088496,0.850923662,0.498049415,0.32247557,0.653514011,Poor
0.100977199,0.113043478,0.334763948,0.267699115,0.592387577,0.387516255,0.349619978,0.556842844,Good
0.09771987,0.286956522,0.656652361,0.245575221,0.665767524,0.394018205,0.095548317,0.59232608,Good
0.700325733,0.56,0.038626609,0.60840708,0.885248485,0.589076723,0.46145494,0.542943891,Hazardous
0.091205212,0.106086957,0.394849785,0.245575221,0.589943482,0.364109233,0.462540717,0.572303018,Good
0.136807818,0.099130435,0.347639485,0.351769912,0.59958129,0.347204161,0.409337676,0.196461436,Good
0.159609121,0.08,0.480686695,0.35619469,0.628586634,0.44603381,0.364820847,0.574221758,Good
0.309446254,0.234782609,0.223175966,0.424778761,0.778442666,0.542262679,0.30184582,0.545213782,Moderate
0.501628664,0.500869565,0.197424893,0.575221239,0.615611387,0.312093628,0.358306189,0.583509759,Poor
0.16286645,0.264347826,0.682403433,0.256637168,0.632767917,0.417425228,0.259500543,0.327678735,Good
0.609120521,0.546086957,0.038626609,0.409292035,0.802870232,0.488946684,0.628664495,0.664064824,Poor
0.091205212,0.288695652,0.429184549,0.336283186,0.601934441,0.031209363,0.099891422,0.439961804,Good
0.231270358,0.391304348,0.154506438,0.471238938,0.611134068,0.491547464,0.297502714,0.787432726,Moderate
0.368078176,0.445217391,0.163090129,0.444690265,0.819262159,0.464239272,0.476655809,0.509447284,Moderate
0.527687296,0.55826087,0.030042918,0.546460177,0.892034755,0.5526658,0.487513572,0.693305957,Hazardous
0.459283388,0.292173913,0.236051502,0.331858407,0.678196221,0.674902471,0.450597177,0.700829628,Poor
0.140065147,0.133913043,0.424892704,0.28539823,0.699773256,0.44603381,0.288816504,0.404963305,Good
0.094462541,0.180869565,0.52360515,0.243362832,0.656500485,0.184655397,0.447339848,0.510368476,Good
0.13029316,0.264347826,0.326180258,0.365044248,0.606576074,0.050715215,0.237785016,0.417952103,Good
0.110749186,0.333913043,0.403433476,0.216814159,0.608865337,0.339401821,0.281216069,0.345182888,Good
0.654723127,0.516521739,0.042918455,0.787610619,0.875113064,0.821846554,0.619978284,0.644416281,Hazardous
0.143322476,0.285217391,0.442060086,0.210176991,0.574761214,0.00130039,0.477741585,0.5157953,Good
0.234527687,0.206956522,0.188841202,0.373893805,0.662101346,0.713914174,0.570032573,0.62701502,Moderate
0.052117264,0.31826087,0.330472103,0.274336283,0.646881004,0.211963589,0.353963084,0.573584531,Good
0.302931596,0.563478261,0.081545064,0.471238938,0.837441153,0.306892068,0.635179153,0.607673723,Poor
0.198697068,0.313043478,0.266094421,0.340707965,0.676457644,0.509752926,0.425624321,0.488879448,Moderate
0.57980456,0.344347826,0.115879828,0.577433628,0.846508858,0.656697009,0.57111835,0.743100024,Poor
0.110749186,0.066086957,0.467811159,0.263274336,0.506298125,0.460338101,0.281216069,0.589436758,Good
0.094462541,0.186086957,0.330472103,0.280973451,0.630685915,0.11573472,0.17155266,0.302221889,Good
0.270358306,0.377391304,0.386266094,0.480088496,0.733949034,0.193758127,0.49402823,0.432930713,Moderate
0.100977199,0.273043478,0.343347639,0.278761062,0.690042754,0.071521456,0.038002172,0.40664104,Good
0.228013029,0.353043478,0.214592275,0.097345133,0.68671426,0.165149545,0.524429967,0.553291714,Moderate
0.498371336,0.429565217,0.030042918,0.712389381,0.783063102,0.639791938,0.676438654,0.661004934,Hazardous
0.410423453,0.664347826,0.055793991,0.435840708,0.681637932,0.33550065,0.398479913,0.749243181,Poor
0.156351792,0.307826087,0.206008584,0.453539823,0.736713672,0.310793238,0.324647123,0.558939178,Moderate
0.078175896,0.193043478,0.626609442,0.263274336,0.594808283,0.033810143,0.210640608,0.463148758,Good
0.143322476,0.146086957,0.424892704,0.225663717,0.587475542,0.413524057,0.268186754,0.363240101,Good
0.446254072,0.525217391,0.090128755,0.495575221,0.807068866,0.592977893,0.586319218,0.582905779,Poor
0.465798046,0.612173913,0.081545064,0.524336283,0.728327427,0.283485046,0.412595005,0.56641621,Poor
0.609120521,0.514782609,0.13304721,0.360619469,0.736713672,0.314694408,0.454940282,0.496009538,Poor
0.071661238,0.328695652,0.527896996,0.092920354,0.660248137,0.016905072,0.400651466,0.482525902,Good
0.166123779,0.187826087,0.506437768,0.152654867,0.597206044,0.284785436,0.091205212,0.442696415,Good
0.107491857,0.12173913,0.326180258,0.351769912,0.569490985,0.124837451,0.091205212,0.335397527,Good
0.446254072,0.391304348,0.098712446,0.506637168,0.665767524,0.716514954,0.572204126,0.571658697,Poor
0.293159609,0.453913043,0.150214592,0.433628319,0.594808283,0.512353706,0.407166124,0.545213782,Moderate
0.302931596,0.297391304,0.214592275,0.296460177,0.624335074,0.342002601,0.436482085,0.697421692,Moderate
0.140065147,0.224347826,0.326180258,0.17920354,0.642928394,0.366710013,0.258414767,0.455758527,Good
0.296416938,0.339130435,0.175965665,0.39159292,0.617820675,0.296488947,0.180238871,0.584711454,Moderate
0.263843648,0.266086957,0.167381974,0.369469027,0.729744584,0.239271782,0.390879479,0.527834868,Moderate
0.342019544,0.307826087,0.201716738,0.533185841,0.794257932,0.274382315,0.311617807,0.517567195,Moderate
0.241042345,0.36173913,0.253218884,0.373893805,0.663941077,0.308192458,0.143322476,0.717491214,Moderate
0.319218241,0.572173913,0.072961373,0.619469027,0.753982865,0.535760728,0.618892508,0.666698698,Poor
0.140065147,0.128695652,0.493562232,0.272123894,0.577355718,0.170351105,0.230184582,0.480355321,Good
0.172638436,0.309565217,0.377682403,0.236725664,0.696571165,0.509752926,0.347448426,0.308210214,Good
0.087947883,0.187826087,0.339055794,0.280973451,0.69169072,0.170351105,0.383279045,0.507590109,Good
0.09771987,0.339130435,0.326180258,0.349557522,0.620010834,0.427828349,0.280130293,0.425602866,Good
0.286644951,0.288695652,0.141630901,0.349557522,0.699773256,0.587776333,0.211726384,0.672211676,Moderate
0.185667752,0.325217391,0.210300429,0.318584071,0.69169072,0.301690507,0.516829533,0.633915699,Moderate
0.32247557,0.243478261,0.30472103,0.289823009,0.808107725,0.716514954,0.368078176,0.669293217,Moderate
0.123778502,0.137391304,0.330472103,0.287610619,0.648834387,0.066319896,0.418023887,0.571658697,Good
0.351791531,0.48173913,0.111587983,0.440265487,0.795350642,0.507152146,0.680781759,0.631188246,Poor
0.560260586,0.68,0.25751073,0.60619469,0.898643713,0.875162549,0.599348534,0.786123609,Hazardous
0.214983713,0.455652174,0.128755365,0.318584071,0.613382633,0.569570871,0.427795874,0.536741652,Moderate
0.250814332,0.393043478,0.107296137,0.17920354,0.755263688,0.188556567,0.179153094,0.471391048,Moderate
0.107491857,0.11826087,0.334763948,0.28539823,0.597206044,0.00130039,0.31053203,0.319600803,Good
0.091205212,0.212173913,0.502145923,0.252212389,0.654605631,0.479843953,0.128121607,0.649437668,Good
0.351791531,0.304347826,0.141630901,0.263274336,0.674707036,0.309492848,0.145494028,0.608197537,Moderate
0.573289902,0.311304348,0.115879828,0.35619469,0.907895108,0.276983095,0.513572204,0.81414686,Poor
0.368078176,0.31826087,0.124463519,0.121681416,0.648834387,0.317295189,0.083604777,0.457012282,Moderate
0.299674267,0.380869565,0.188841202,0.561946903,0.693328019,0.574772432,0.595005429,0.532749655,Moderate
0.400651466,0.476521739,0.124463519,0.590707965,0.822220811,0.799739922,0.642779587,0.597964375,Poor
0.100977199,0.252173913,0.330472103,0.183628319,0.57992388,0.076723017,0.169381107,0.414794849,Good
0.371335505,0.349565217,0.13304721,0.210176991,0.597206044,0.358907672,0.281216069,0.698357782,Moderate
0.315960912,0.262608696,0.261802575,0.411504425,0.785342053,0.613784135,0.153094463,0.651079706,Moderate
0.100977199,0.113043478,0.364806867,0.183628319,0.574761214,0.117035111,0.317046688,0.614867116,Good
0.315960912,0.28173913,0.111587983,0.351769912,0.761572291,0.488946684,0.551574376,0.751549247,Moderate
0.094462541,0.196521739,0.334763948,0.212389381,0.597206044,0.248374512,0.055374593,0.586498546,Good
0.45276873,0.309565217,0.124463519,0.353982301,0.811198947,0.302990897,0.371335505,0.65984343,Poor
0.107491857,0.330434783,0.364806867,0.25,0.634832924,0.213263979,0.411509229,0.494002068,Good
0.570032573,0.596521739,0.240343348,0.453539823,0.821238434,0.302990897,0.635179153,0.654718484,Poor
0.495114007,0.566956522,0.068669528,0.289823009,0.751401599,0.533159948,0.34310532,0.591752049,Poor
0.149837134,0.12173913,0.334763948,0.378318584,0.696571165,0.44993498,0.388707926,0.615369704,Good
0.537459283,0.330434783,0.223175966,0.455752212,0.773736263,0.5526658,0.508143322,0.912208648,Poor
0.400651466,0.613913043,0.21888412,0.387168142,0.828036283,0.420026008,0.554831705,0.609240449,Poor
0.140065147,0.243478261,0.420600858,0.219026549,0.611134068,0.325097529,0.243213898,0.371610117,Good
0.263843648,0.147826087,0.128755365,0.325221239,0.73533513,0.215864759,0.442996743,0.643565082,Moderate
0.674267101,0.507826087,0.064377682,0.745575221,0.894256981,0.487646294,0.793702497,0.545213782,Hazardous
0.09771987,0.173913043,0.484978541,0.378318584,0.608865337,0.237971391,0.135722041,0.385351855,Good
0.211726384,0.406956522,0.21888412,0.254424779,0.681637932,0.426527958,0.517915309,0.53355543,Moderate
0.296416938,0.206956522,0.141630901,0.402654867,0.662101346,0.167750325,0.434310532,0.454495655,Moderate
0.827361564,0.549565217,0.068669528,0.380530973,0.919504033,0.715214564,0.703583062,0.730379543,Hazardous
0.13029316,0.186086957,0.334763948,0.28539823,0.683341385,0.43953186,0.254071661,0.365370732,Good
0.25732899,0.431304348,0.291845494,0.400442478,0.712191056,0.261378414,0.434310532,0.421052975,Moderate
0.156351792,0.114782609,0.334763948,0.238938053,0.69169072,0.091027308,0.066232356,0.371610117,Good
0.648208469,0.63826087,0.0472103,0.511061947,0.732555301,0.347204161,0.548317047,0.657890156,Poor
0.149837134,0.259130435,0.330472103,0.35840708,0.67992293,0.384915475,0.086862106,0.42258289,Good
0.38762215,0.48,0.115879828,0.442477876,0.79205825,0.368010403,0.302931596,0.428571215,Poor
0.117263844,0.172173913,0.321888412,0.276548673,0.658381251,0.375812744,0.456026059,0.389086284,Good
0.35504886,0.274782609,0.120171674,0.287610619,0.569490985,0.404421326,0.280130293,0.691048712,Moderate
0.263843648,0.354782609,0.13304721,0.435840708,0.787600657,0.547464239,0.480998914,0.681371506,Moderate
0.140065147,0.220869565,0.515021459,0.17699115,0.613382633,0.211963589,0.143322476,0.455758527,Good
0.09771987,0.191304348,0.364806867,0.225663717,0.617820675,0.170351105,0.129207383,0.416380652,Good
0.120521173,0.16173913,0.381974249,0.380530973,0.644912419,0.037711313,0.146579805,0.599070392,Good
0.133550489,0.15826087,0.369098712,0.256637168,0.611134068,0.513654096,0.223669924,0.432930713,Good
0.110749186,0.24,0.579399142,0.101769912,0.713701281,0.366710013,0.094462541,0.551850675,Good
0.166123779,0.255652174,0.339055794,0.252212389,0.604265903,0.340702211,0.4082519,0.465543889,Good
0.560260586,0.742608696,0.111587983,0.754424779,0.800744489,0.585175553,0.71009772,0.880076666,Hazardous
0.211726384,0.288695652,0.175965665,0.652654867,0.710671761,0.474642393,0.483170467,0.367475536,Moderate
0.107491857,0.074782609,0.39055794,0.238938053,0.592387577,0.197659298,0.221498371,0.448039736,Good
0.2247557,0.410434783,0.145922747,0.433628319,0.75780604,0.561768531,0.352877307,0.465543889,Moderate
0.153094463,0.123478261,0.334763948,0.267699115,0.67992293,0.162548765,0.364820847,0.466729178,Good
0.328990228,0.47826087,0.175965665,0.480088496,0.813238973,0.577373212,0.362649294,0.275961506,Poor
0.25732899,0.415652174,0.587982833,0.424778761,0.698177277,0.22756827,0.254071661,0.544460444,Moderate
0.28990228,0.453913043,0.13304721,0.349557522,0.806025722,0.139141743,0.318132465,0.505712856,Moderate
0.175895765,0.292173913,0.17167382,0.280973451,0.718178599,0.144343303,0.444082519,0.488879448,Moderate
0.19218241,0.316521739,0.330472103,0.212389381,0.654605631,0.433029909,0.364820847,0.514005137,Good
0.081433225,0.292173913,0.369098712,0.154867257,0.658381251,0.033810143,0.107491857,0.257272063,Good
0.726384365,0.452173913,0.103004292,0.685840708,0.658381251,0.678803641,0.691639522,0.292833429,Hazardous
0.247557003,0.123478261,0.111587983,0.588495575,0.796438651,0.169050715,0.383279045,0.29914846,Moderate
0.364820847,0.413913043,0.145922747,0.267699115,0.751401599,0.499349805,0.488599349,0.417952103,Moderate
0.058631922,0.234782609,0.347639485,0.327433628,0.667580879,0.167750325,0.30184582,0.375648537,Good
0.267100977,0.220869565,0.334763948,0.431415929,0.608865337,0.300390117,0.122692725,0.670027443,Moderate
0.25732899,0.273043478,0.145922747,0.362831858,0.750101021,0.642392718,0.402823018,0.459492956,Moderate
0.231270358,0.354782609,0.111587983,0.360619469,0.698177277,0.390117035,0.184581976,0.60016941,Moderate
0.296416938,0.370434783,0.214592275,0.504424779,0.764052329,0.383615085,0.484256243,0.545963866,Moderate
0.120521173,0.297391304,0.343347639,0.238938053,0.628586634,0.512353706,0.17155266,0.535950561,Good
0.254071661,0.307826087,0.163090129,0.449115044,0.747479631,0.412223667,0.599348534,0.591752049,Moderate
0.332247557,0.373913043,0.13304721,0.376106195,0.751401599,0.388816645,0.250814332,0.482525902,Moderate
0.13029316,0.137391304,0.424892704,0.252212389,0.624335074,0.314694408,0.23669924,0.427093383,Good
0.149837134,0.283478261,0.35193133,0.084070796,0.569490985,0.261378414,0.431053203,0.594036874,Good
0.553745928,0.462608696,0.030042918,0.327433628,0.656500485,0.527958388,0.384364821,0.570362839,Hazardous
0.237785016,0.363478261,0.317596567,0.420353982,0.665767524,0.486345904,0.292073833,0.527002041,Moderate
0.120521173,0.128695652,0.364806867,0.265486726,0.663941077,0.379713914,0.200868621,0.416380652,Good
0.123778502,0.189565217,0.343347639,0.265486726,0.622182194,0.429128739,0.288816504,0.373641067,Good
0.136807818,0.210434783,0.381974249,0.157079646,0.678196221,0.143042913,0.383279045,0.414794849,Good
0.159609121,0.273043478,0.326180258,0.256637168,0.665767524,0.183355007,0.491856678,0.381535345,Good
0.091205212,0.255652174,0.386266094,0.362831858,0.630685915,0.124837451,0.438653637,0.389086284,Good
0.32247557,0.27826087,0.725321888,0.353982301,0.68671426,0.33810143,0.154180239,0.465543889,Moderate
0.32247557,0.460869565,0.184549356,0.415929204,0.676457644,0.426527958,0.246471227,0.483601102,Moderate
0.107491857,0.073043478,0.403433476,0.115044248,0.577355718,0.243172952,0.426710098,0.419509461,Good
0.407166124,0.686956522,0.184549356,0.586283186,0.897917854,0.325097529,0.516829533,0.643137913,Poor
0.166123779,0.339130435,0.416309013,0.188053097,0.648834387,0.057217165,0.181324647,0.469075758,Good
0.299674267,0.4,0.115879828,0.455752212,0.636881209,0.21846554,0.433224756,0.513103087,Moderate
0.16286645,0.128695652,0.429184549,0.236725664,0.617820675,0.167750325,0.397394137,0.5157953,Good
0.091205212,0.217391304,0.347639485,0.247787611,0.67116905,0.33810143,0.207383279,0.414794849,Good
0.306188925,0.186086957,0.231759657,0.274336283,0.729744584,0.362808843,0.581976113,0.349876261,Moderate
0.087947883,0.253913043,0.429184549,0.252212389,0.648834387,0.087126138,0.338762215,0.556842844,Good
0.407166124,0.525217391,0.0472103,0.486725664,0.743495898,0.390117035,0.49402823,0.511284807,Poor
0.087947883,0.226086957,0.386266094,0.185840708,0.694954789,0.159947984,0.382193268,0.541413976,Good
0.110749186,0.366956522,0.416309013,0.238938053,0.615611387,0.495448635,0.252985885,0.379595166,Good
0.328990228,0.417391304,0.13304721,0.550884956,0.719653599,0.44083225,0.243213898,0.788916874,Moderate
0.299674267,0.257391304,0.120171674,0.318584071,0.733949034,0.616384915,0.545059718,0.507590109,Moderate
0.166123779,0.387826087,0.145922747,0.451327434,0.667580879,0.568270481,0.391965255,0.5157953,Moderate
0.325732899,0.514782609,0.120171674,0.387168142,0.601934441,0.342002601,0.593919653,0.690072266,Moderate
0.100977199,0.205217391,0.334763948,0.254424779,0.674707036,0.400520156,0.415852334,0.484669685,Good
0.120521173,0.262608696,0.360515021,0.263274336,0.630685915,0.189856957,0.09771987,0.541413976,Good
0.228013029,0.332173913,0.111587983,0.387168142,0.728327427,0.249674902,0.23669924,0.586498546,Moderate
0.140065147,0.259130435,0.472103004,0.168141593,0.669381327,0.477243173,0.13029316,0.475931025,Good
0.263843648,0.459130435,0.120171674,0.351769912,0.696571165,0.590377113,0.152008686,0.631188246,Moderate
0.100977199,0.151304348,0.39055794,0.300884956,0.59958129,0.382314694,0.205211726,0.33286253,Good
0.306188925,0.431304348,0.120171674,0.539823009,0.667580879,0.274382315,0.453854506,0.551850675,Moderate
0.465798046,0.533913043,0.051502146,0.444690265,0.732555301,0.456436931,0.456026059,0.597408713,Poor
0.729641694,0.777391304,0.034334764,0.519911504,0.547238239,0.598179454,0.511400651,0.622257347,Hazardous
0.270358306,0.403478261,0.141630901,0.345132743,0.786473876,0.613784135,0.165038002,0.494002068,Moderate
0.136807818,0.300869565,0.424892704,0.276548673,0.577355718,0.257477243,0.284473398,0.434359892,Good
0.267100977,0.695652174,0.111587983,0.455752212,0.701359229,0.319895969,0.306188925,0.609759565,Poor
0.127035831,0.106086957,0.330472103,0.241150442,0.604265903,0.049414824,0.275787188,0.548194872,Good
0.149837134,0.28173913,0.381974249,0.278761062,0.617820675,0.143042913,0.201954397,0.419509461,Good
0.312703583,0.373913043,0.274678112,0.353982301,0.696571165,0.254876463,0.191096634,0.492989562,Moderate
0.133550489,0.344347826,0.377682403,0.311946903,0.676457644,0.179453836,0.327904452,0.365370732,Good
0.276872964,0.384347826,0.248927039,0.21460177,0.770148091,0.33289987,0.307274701,0.5157953,Moderate
0.156351792,0.246956522,0.386266094,0.194690265,0.606576074,0.352405722,0.273615635,0.337896048,Good
0.205211726,0.271304348,0.188841202,0.475663717,0.747479631,0.691807542,0.368078176,0.50852118,Moderate
0.42019544,0.406956522,0.038626609,0.230088496,0.816268493,0.287386216,0.566775244,0.516683507,Poor
0.296416938,0.368695652,0.072961373,0.296460177,0.779605711,0.232769831,0.475570033,0.613350563,Poor
0.13029316,0.128695652,0.442060086,0.247787611,0.642928394,0.291287386,0.120521173,0.553291714,Good
0.462540717,0.546086957,0.008583691,0.603982301,0.844721134,0.799739922,0.789359392,0.762641409,Hazardous
0.13029316,0.307826087,0.429184549,0.278761062,0.492241071,0.323797139,0.399565689,0.42258289,Good
0.123778502,0.206956522,0.326180258,0.192477876,0.652696476,0.135240572,0.185667752,0.417952103,Good
0.117263844,0.283478261,0.416309013,0.309734513,0.615611387,0.098829649,0.054288817,0.521057648,Good
0.319218241,0.471304348,0.266094421,0.340707965,0.866207886,0.33550065,0.259500543,0.556842844,Poor
0.38762215,0.673043478,0.0472103,0.513274336,0.663941077,0.599479844,0.368078176,0.711825321,Poor
0.146579805,0.466086957,0.214592275,0.449115044,0.712191056,0.648894668,0.532030402,0.542180618,Moderate
0.140065147,0.179130435,0.459227468,0.157079646,0.663941077,0.310793238,0.123778502,0.356686711,Good
0.221498371,0.23826087,0.128755365,0.384955752,0.672944229,0.530559168,0.26927253,0.545213782,Moderate
0.351791531,0.351304348,0.051502146,0.517699115,0.702935321,0.746423927,0.260586319,0.600716322,Poor
0.143322476,0.217391304,0.356223176,0.265486726,0.615611387,0.383615085,0.415852334,0.367475536,Good
0.397394137,0.389565217,0.064377682,0.431415929,0.608865337,0.695708713,0.527687296,0.196461436,Poor
0.120521173,0.306086957,0.381974249,0.303097345,0.630685915,0.513654096,0.293159609,0.322335415,Good
0.133550489,0.210434783,0.399141631,0.325221239,0.669381327,0.394018205,0.358306189,0.240722001,Good
0.237785016,0.351304348,0.17167382,0.278761062,0.667580879,0.33289987,0.299674267,0.664064824,Moderate
0.104234528,0.299130435,0.326180258,0.28539823,0.604265903,0.352405722,0.266015201,0.521057648,Good
0.312703583,0.328695652,0.124463519,0.42920354,0.736713672,0.22756827,0.186753529,0.563734392,Moderate
0.609120521,0.747826087,0.017167382,0.440265487,0.564108614,0.397919376,0.676438654,0.734218554,Hazardous
0.302931596,0.467826087,0.103004292,0.415929204,0.676457644,0.278283485,0.728555917,0.645263328,Poor
0.745928339,0.867826087,0.21888412,0.522123894,0.872715303,0.66840052,0.435396308,0.86620503,Hazardous
0.416938111,0.335652174,0.145922747,0.216814159,0.683341385,0.461638492,0.404994571,0.496009538,Moderate
0.296416938,0.311304348,0.206008584,0.378318584,0.594808283,0.693107932,0.434310532,0.679300179,Moderate
0.563517915,0.509565217,0.137339056,0.387168142,0.748793722,0.786736021,0.499457112,0.762211064,Poor
0.071661238,0.07826087,0.489270386,0.365044248,0.67992293,0.466840052,0.35504886,0.365370732,Good
0.123778502,0.224347826,0.321888412,0.342920354,0.660248137,0.404421326,0.137893594,0.517567195,Good
0.446254072,0.462608696,0.038626609,0.621681416,0.793160482,0.514954486,0.659066232,0.67614611,Poor
0.566775244,0.333913043,0.120171674,0.564159292,0.802870232,0.741222367,0.333333333,0.696480529,Poor
0.465798046,0.565217391,0.557939914,0.25,0.715202542,0.585175553,0.535287731,0.56440874,Poor
0.921824104,0.462608696,0.042918455,0.60840708,0.896459856,0.802340702,0.433224756,0.751778178,Hazardous
0.306188925,0.370434783,0.111587983,0.256637168,0.59958129,0.375812744,0.346362649,0.653110656,Moderate
0.299674267,0.48,0.13304721,0.376106195,0.630685915,0.676202861,0.304017372,0.424099443,Poor
0.120521173,0.133913043,0.407725322,0.272123894,0.665767524,0.2236671,0.168295331,0.602346796,Good
0.397394137,0.366956522,0.060085837,0.5,0.842015634,0.789336801,0.66558089,0.536741652,Poor
0.133550489,0.250434783,0.738197425,0.307522124,0.674707036,0.378413524,0.081433225,0.639682192,Good
0.100977199,0.189565217,0.416309013,0.28539823,0.582466232,0.289986996,0.100977199,0.472537219,Good
0.068403909,0.226086957,0.343347639,0.088495575,0.646881004,0.159947984,0.09771987,0.340359128,Good
0.2247557,0.412173913,0.111587983,0.5,0.683341385,0.390117035,0.08577633,0.754951921,Moderate
0.185667752,0.297391304,0.120171674,0.382743363,0.759067697,0.586475943,0.482084691,0.45322353,Moderate
0.068403909,0.175652174,0.600858369,0.154867257,0.592387577,0.397919376,0.3669924,0.655118126,Good
0.400651466,0.213913043,0.034334764,0.415929204,0.900089214,0.615084525,0.600434311,0.576747537,Poor
0.390879479,0.35826087,0.163090129,0.522123894,0.788722441,0.579973992,0.416938111,0.824683371,Poor
0.107491857,0.140869565,0.386266094,0.185840708,0.694954789,0.11053316,0.453854506,0.404963305,Good
0.270358306,0.365217391,0.150214592,0.462389381,0.710671761,0.412223667,0.580890337,0.489916133,Moderate
0.273615635,0.288695652,0.145922747,0.415929204,0.733949034,0.206762029,0.438653637,0.424099443,Moderate
0.641693811,0.506086957,0.278969957,0.154867257,0.858681193,0.397919376,0.61237785,0.526165199,Poor
0.087947883,0.295652174,0.377682403,0.316371681,0.622182194,0.462938882,0.442996743,0.467906432,Good
0.368078176,0.375652174,0.13304721,0.32079646,0.710671761,0.209362809,0.504885993,0.561695494,Moderate
0.107491857,0.137391304,0.321888412,0.280973451,0.636881209,0.310793238,0.197611292,0.539093529,Good
0.175895765,0.102608696,0.321888412,0.307522124,0.638913042,0.180754226,0.397394137,0.385351855,Good
0.117263844,0.299130435,0.570815451,0.227876106,0.577355718,0.390117035,0.339847991,0.510368476,Good
0.788273616,0.382608696,0.261802575,0.42920354,0.786473876,0.595578674,0.651465798,0.65551685,Hazardous
0.488599349,0.353043478,0.111587983,0.219026549,0.89054235,0.397919376,0.233441911,0.824683371,Poor
0.039087948,0.071304348,0.330472103,0.258849558,0.662101346,0.162548765,0.261672096,0.409948649,Good
0.094462541,0.267826087,0.407725322,0.21460177,0.644912419,0.451235371,0.229098806,0.363240101,Good
0.267100977,0.382608696,0.364806867,0.46460177,0.716694947,0.375812744,0.595005429,0.579853956,Moderate
0.208469055,0.19826087,0.111587983,0.309734513,0.718178599,0.215864759,0.338762215,0.776870673,Moderate
0.104234528,0.259130435,0.356223176,0.245575221,0.628586634,0.468140442,0.274701412,0.322335415,Good
0.433224756,0.549565217,0.111587983,0.263274336,0.801809594,0.660598179,0.572204126,0.729080777,Poor
0.478827362,0.459130435,0.128755365,0.719026549,0.898643713,0.369310793,0.326818675,0.523630202,Poor
0.299674267,0.372173913,0.21888412,0.515486726,0.816268493,0.66840052,0.388707926,0.70477281,Moderate
0.697068404,0.525217391,0.004291845,0.659292035,0.873517085,0.88686606,0.39630836,0.651894939,Hazardous
0.286644951,0.168695652,0.137339056,0.362831858,0.48490833,0.408322497,0.486427796,0.482525902,Moderate
0.410423453,0.262608696,0.154506438,0.340707965,0.640928685,0.382314694,0.42019544,0.625127565,Moderate
0.374592834,0.417391304,0.141630901,0.265486726,0.710671761,0.535760728,0.427795874,0.625601355,Moderate
0.250814332,0.292173913,0.274678112,0.365044248,0.68671426,0.678803641,0.296416938,0.494002068,Moderate
0.182410423,0.16,0.39055794,0.373893805,0.620010834,0.152145644,0.39630836,0.437183437,Good
0.13029316,0.142608696,0.330472103,0.205752212,0.672944229,0.287386216,0.351791531,0.379595166,Good
0.127035831,0.16,0.330472103,0.110619469,0.676457644,0.33289987,0.267100977,0.392742086,Good
0.09771987,0.213913043,0.373390558,0.225663717,0.613382633,0.087126138,0.35504886,0.469075758,Good
0.436482085,0.490434783,0.034334764,0.303097345,0.790951194,0.505851756,0.331161781,0.596292026,Poor
0.394136808,0.499130435,0.090128755,0.555309735,0.716694947,0.490247074,0.475570033,0.780010089,Poor
0.198697068,0.344347826,0.13304721,0.376106195,0.748793722,0.589076723,0.261672096,0.473675874,Moderate
0.110749186,0.206956522,0.394849785,0.307522124,0.672944229,0.161248375,0.10640608,0.381535345,Good
0.605863192,0.412173913,0.094420601,0.661504425,0.722578047,0.313394018,0.290988056,0.543703823,Poor
0.078175896,0.193043478,0.326180258,0.342920354,0.626469786,0.355006502,0.145494028,0.517567195,Good
0.563517915,0.40173913,0.060085837,0.546460177,0.872715303,0.453836151,0.293159609,0.707746242,Poor
0.413680782,0.375652174,0.072961373,0.511061947,0.840195756,0.652795839,0.495114007,0.525324306,Poor
0.107491857,0.309565217,0.120171674,0.278761062,0.589943482,0.22236671,0.309446254,0.488879448,Moderate
0.635179153,0.299130435,0.115879828,0.548672566,0.678196221,0.660598179,0.500542888,0.576747537,Poor
0.068403909,0.311304348,0.377682403,0.243362832,0.634832924,0.21976593,0.42888165,0.53355543,Good
0.146579805,0.382608696,0.154506438,0.349557522,0.642928394,0.596879064,0.107491857,0.432930713,Moderate
0.726384365,0.768695652,0.004291845,0.309734513,0.879841461,0.855656697,0.340933768,0.611307666,Hazardous
0.094462541,0.20173913,0.527896996,0.256637168,0.646881004,0.284785436,0.397394137,0.363240101,Good
0.074918567,0.132173913,0.407725322,0.190265487,0.676457644,0.537061118,0.172638436,0.416380652,Good
0.557003257,0.831304348,0,0.738938053,0.83089464,0.518855657,0.597176982,0.503815086,Hazardous
0.100977199,0.144347826,0.334763948,0.303097345,0.669381327,0.253576073,0.293159609,0.517567195,Good
0.32247557,0.253913043,0.154506438,0.384955752,0.794257932,0.342002601,0.212812161,0.548194872,Moderate
0.13029316,0.260869565,0.373390558,0.318584071,0.617820675,0.237971391,0.337676439,0.305241865,Good
0.241042345,0.405217391,0.605150215,0.382743363,0.826112609,0.274382315,0.31053203,0.554007774,Moderate
0.25732899,0.403478261,0.150214592,0.234513274,0.676457644,0.520156047,0.35504886,0.603425335,Moderate
0.153094463,0.285217391,0.326180258,0.263274336,0.660248137,0.144343303,0.429967427,0.340359128,Good
0.390879479,0.20173913,0.163090129,0.601769912,0.774921098,0.358907672,0.622149837,0.678952543,Poor
0.201954397,0.386086957,0.197424893,0.46460177,0.685033444,0.321196359,0.315960912,0.710088864,Moderate
0.273615635,0.365217391,0.188841202,0.455752212,0.638913042,0.404421326,0.242128122,0.691372978,Moderate
0.091205212,0.16,0.347639485,0.334070796,0.644912419,0.182054616,0.145494028,0.340359128,Good
0.149837134,0.273043478,0.536480687,0.380530973,0.646881004,0.042912874,0.163952226,0.421052975,Good
0.384364821,0.387826087,0.244635193,0.367256637,0.811198947,0.312093628,0.575461455,0.598518264,Poor
0.156351792,0.250434783,0.493562232,0.318584071,0.660248137,0.524057217,0.125950054,0.624652477,Good
0.09771987,0.309565217,0.630901288,0.168141593,0.646881004,0.390117035,0.086862106,0.39983059,Good
0.107491857,0.255652174,0.553648069,0.269911504,0.574761214,0.366710013,0.235613464,0.491971118,Good
0.104234528,0.306086957,0.321888412,0.230088496,0.634832924,0.231469441,0.346362649,0.523630202,Good
0.094462541,0.126956522,0.373390558,0.261061947,0.628586634,0.317295189,0.383279045,0.62795111,Good
0.201954397,0.35826087,0.227467811,0.482300885,0.672944229,0.180754226,0.388707926,0.571658697,Moderate
0.221498371,0.271304348,0.283261803,0.451327434,0.738084742,0.628088427,0.578718784,0.569057237,Moderate
0.19218241,0.309565217,0.347639485,0.267699115,0.650772802,0.280884265,0.123778502,0.401558407,Good
0.195439739,0.210434783,0.167381974,0.404867257,0.566814114,0.646293888,0.431053203,0.658282573,Moderate
0.589576547,0.671304348,0.244635193,0.559734513,0.887530863,0.840052016,0.878393051,0.695217656,Hazardous
0.280130293,0.20173913,0.197424893,0.39380531,0.774921098,0.202860858,0.626492942,0.432930713,Moderate
0.127035831,0.11826087,0.69527897,0.307522124,0.658381251,0.505851756,0.421281216,0.432930713,Good
0.123778502,0.304347826,0.472103004,0.280973451,0.624335074,0.539661899,0.117263844,0.473675874,Good
0.462540717,0.485217391,0.034334764,0.761061947,0.861215056,0.544863459,0.371335505,0.699906804,Hazardous
0.429967427,0.455652174,0.021459227,0.82300885,0.940008365,0.375812744,0.654723127,0.718879265,Hazardous
0.296416938,0.313043478,0.163090129,0.409292035,0.738084742,0.368010403,0.446254072,0.502858366,Moderate
0.123778502,0.12,0.35193133,0.256637168,0.68671426,0.166449935,0.105320304,0.272381086,Good
0.38762215,0.445217391,0.055793991,0.57300885,0.847398004,0.704811443,0.421281216,0.681027996,Poor
0.107491857,0.212173913,0.673819742,0.314159292,0.654605631,0.165149545,0.165038002,0.481444003,Good
0.110749186,0.100869565,0.343347639,0.201327434,0.640928685,0.154746424,0.082519001,0.497004636,Good
0.123778502,0.126956522,0.377682403,0.207964602,0.665767524,0.169050715,0.318132465,0.464350453,Good
0.439739414,0.485217391,0.201716738,0.561946903,0.87748831,0.530559168,0.268186754,0.494002068,Poor
0.074918567,0.309565217,0.377682403,0.172566372,0.582466232,0.280884265,0.212812161,0.327678735,Good
0.426710098,0.436521739,0.08583691,0.305309735,0.778442666,0.462938882,0.504885993,0.6330113,Poor
0.384364821,0.511304348,0.042918455,0.245575221,0.859528637,0.486345904,0.250814332,0.670758577,Poor
0.299674267,0.213913043,0.115879828,0.371681416,0.710671761,0.533159948,0.136807818,0.491971118,Moderate
0.599348534,0.488695652,0.008583691,0.920353982,0.883715378,0.7763329,0.293159609,0.681027996,Hazardous
0.211726384,0.111304348,0.210300429,0.254424779,0.726902286,0.618985696,0.436482085,0.698668694,Moderate
0.309446254,0.335652174,0.206008584,0.338495575,0.767727385,0.213263979,0.242128122,0.667815385,Moderate
0.123778502,0.222608696,0.429184549,0.28539823,0.652696476,0.105331599,0.478827362,0.414794849,Good
0.28990228,0.393043478,0.154506438,0.159292035,0.693328019,0.595578674,0.298588491,0.556842844,Moderate
0.51465798,0.356521739,0.038626609,0.435840708,0.813238973,0.708712614,0.326818675,0.652301124,Poor
0.348534202,0.513043478,0.103004292,0.64159292,0.910674937,0.620286086,0.672095548,0.695217656,Poor
0.205211726,0.264347826,0.124463519,0.455752212,0.646881004,0.434330299,0.511400651,0.572303018,Moderate
0.342019544,0.253913043,0.141630901,0.471238938,0.823199389,0.361508453,0.271444083,0.596851267,Poor
0.107491857,0.31826087,0.373390558,0.338495575,0.67992293,0.283485046,0.194353963,0.53355543,Good
0.234527687,0.427826087,0.231759657,0.325221239,0.67992293,0.433029909,0.535287731,0.5157953,Moderate
0.153094463,0.073043478,0.373390558,0.32079646,0.615611387,0.102730819,0.439739414,0.421052975,Good
0.068403909,0.245217391,0.356223176,0.112831858,0.674707036,0.049414824,0.274701412,0.401558407,Good
0.146579805,0.234782609,0.326180258,0.128318584,0.683341385,0.405721717,0.172638436,0.428571215,Good
0.140065147,0.285217391,0.343347639,0.212389381,0.648834387,0.126137841,0.321389794,0.389086284,Good
0.491856678,0.353043478,0.253218884,0.590707965,0.770148091,0.275682705,0.62432139,0.698357782,Poor
0.159609121,0.08173913,0.330472103,0.150442478,0.685033444,0.44993498,0.205211726,0.499956167,Good
0.117263844,0.109565217,0.326180258,0.25,0.544313792,0.473342003,0.078175896,0.437183437,Good
0.127035831,0.309565217,0.412017167,0.292035398,0.604265903,0.198959688,0.244299674,0.619828717,Good
0.342019544,0.495652174,0.0472103,0.517699115,0.841107331,0.729518856,0.555917481,0.705670198,Poor
0.332247557,0.292173913,0.111587983,0.418141593,0.81425285,0.55006502,0.418023887,0.417952103,Moderate
0.052117264,0.208695652,0.326180258,0.314159292,0.654605631,0.153446034,0.170466884,0.563734392,Good
0.247557003,0.182608696,0.128755365,0.371681416,0.780763433,0.276983095,0.372421281,0.504766564,Moderate
0.280130293,0.347826087,0.167381974,0.588495575,0.67116905,0.495448635,0.295331162,0.560322805,Moderate
0.127035831,0.248695652,0.330472103,0.236725664,0.597206044,0.045513654,0.373507058,0.490946665,Good
0.175895765,0.422608696,0.193133047,0.566371681,0.628586634,0.312093628,0.61237785,0.272381086,Moderate
0.06514658,0.245217391,0.459227468,0.130530973,0.681637932,0.087126138,0.061889251,0.540643934,Good
0.107491857,0.168695652,0.480686695,0.292035398,0.663941077,0.477243173,0.093376764,0.542943891,Good
0.687296417,0.40173913,0.077253219,0.449115044,0.853536028,0.33550065,0.487513572,0.576119528,Poor
0.039087948,0.276521739,0.321888412,0.115044248,0.620010834,0.096228869,0.149837134,0.518446408,Good
0.618892508,0.373913043,0.008583691,0.469026549,0.825145259,0.725617685,0.346362649,0.695850241,Hazardous
0.127035831,0.259130435,0.416309013,0.185840708,0.608865337,0.188556567,0.268186754,0.305241865,Good
0.228013029,0.31826087,0.236051502,0.174778761,0.79205825,0.548764629,0.302931596,0.385351855,Moderate
0.127035831,0.074782609,0.721030043,0.338495575,0.584983287,0.505851756,0.100977199,0.674368774,Good
0.159609121,0.144347826,0.403433476,0.342920354,0.646881004,0.494148244,0.181324647,0.35444611,Good
0.465798046,0.766956522,0.021459227,0.982300885,0.829945438,0.453836151,0.786102063,0.437183437,Hazardous
0.110749186,0.147826087,0.321888412,0.210176991,0.566814114,0.079323797,0.46145494,0.414794849,Good
0.087947883,0.300869565,0.407725322,0.309734513,0.615611387,0.196358908,0.199782845,0.419509461,Good
0.061889251,0.163478261,0.339055794,0.203539823,0.672944229,0.172951886,0.327904452,0.385351855,Good
0.110749186,0.32,0.656652361,0.300884956,0.642928394,0.176853056,0.239956569,0.450650976,Good
0.228013029,0.460869565,0.266094421,0.325221239,0.68671426,0.360208062,0.457111835,0.639682192,Moderate
0.403908795,0.431304348,0.184549356,0.462389381,0.767727385,0.388816645,0.690553746,0.565080478,Poor
0.651465798,0.582608696,0.004291845,0.557522124,0.798600732,0.488946684,0.611292074,0.700522564,Hazardous
0.374592834,0.236521739,0.175965665,0.373893805,0.667580879,0.420026008,0.615635179,0.486787324,Moderate
0.335504886,0.330434783,0.158798283,0.225663717,0.733949034,0.461638492,0.394136808,0.470237262,Moderate
0.120521173,0.194782609,0.373390558,0.280973451,0.561373864,0.162548765,0.13029316,0.548194872,Good
0.28990228,0.133913043,0.210300429,0.409292035,0.674707036,0.461638492,0.404994571,0.544460444,Moderate
0.28990228,0.44173913,0.278969957,0.415929204,0.721120049,0.646293888,0.284473398,0.608197537,Moderate
0.172638436,0.076521739,0.407725322,0.227876106,0.529161846,0.188556567,0.276872964,0.567080242,Good
0.312703583,0.276521739,0.115879828,0.371681416,0.766508289,0.44343303,0.191096634,0.714397875,Moderate
0.270358306,0.151304348,0.128755365,0.371681416,0.702935321,0.378413524,0.38762215,0.594036874,Moderate
0.133550489,0.097391304,0.343347639,0.362831858,0.608865337,0.494148244,0.395222584,0.529488635,Good
0.283387622,0.236521739,0.163090129,0.325221239,0.756538058,0.400520156,0.155266015,0.473675874,Moderate
0.429967427,0.286956522,0.128755365,0.546460177,0.648834387,0.544863459,0.32247557,0.620804249,Poor
0.078175896,0.299130435,0.459227468,0.174778761,0.628586634,0.033810143,0.290988056,0.511284807,Good
0.475570033,0.35826087,0.081545064,0.568584071,0.853536028,0.433029909,0.711183496,0.743580368,Poor
0.462540717,0.483478261,0.077253219,0.418141593,0.766508289,0.760728218,0.67752443,0.644840321,Poor
0.071661238,0.107826087,0.321888412,0.139380531,0.615611387,0.464239272,0.402823018,0.621289967,Good
0.127035831,0.107826087,0.412017167,0.274336283,0.648834387,0.276983095,0.201954397,0.377633064,Good
0.377850163,0.314782609,0.150214592,0.407079646,0.718178599,0.603381014,0.668838219,0.688761737,Poor
0.071661238,0.353043478,0.424892704,0.183628319,0.592387577,0.078023407,0.06514658,0.337896048,Good
0.120521173,0.23826087,0.35193133,0.261061947,0.669381327,0.457737321,0.413680782,0.64098616,Good
0.423452769,0.405217391,0.068669528,0.515486726,0.845616575,0.729518856,0.463626493,0.740189717,Poor
0.394136808,0.568695652,0.17167382,0.480088496,0.803926442,0.765929779,0.617806732,0.6361563,Poor
0.635179153,0.587826087,0.141630901,0.588495575,0.739448421,0.873862159,0.634093377,0.676851982,Hazardous
0.762214984,0.455652174,0.103004292,0.555309735,0.770148091,0.858257477,0.611292074,0.457012282,Hazardous
0.218241042,0.333913043,0.137339056,0.32300885,0.628586634,0.154746424,0.339847991,0.841711134,Moderate
0.602605863,0.48173913,0.008583691,0.480088496,0.780763433,0.521456437,0.611292074,0.824532965,Hazardous
0.254071661,0.333913043,0.124463519,0.340707965,0.669381327,0.599479844,0.415852334,0.648195869,Moderate
0.169381107,0.165217391,0.497854077,0.210176991,0.569490985,0.097529259,0.456026059,0.5157953,Good
0.302931596,0.340869565,0.227467811,0.353982301,0.771349812,0.660598179,0.436482085,0.58590489,Moderate
0.293159609,0.326956522,0.145922747,0.35840708,0.656500485,0.512353706,0.351791531,0.607148324,Moderate
0.276872964,0.24173913,0.115879828,0.451327434,0.693328019,0.526657997,0.312703583,0.543703823,Moderate
0.306188925,0.293913043,0.13304721,0.537610619,0.762815349,0.535760728,0.299674267,0.608719776,Moderate
0.09771987,0.179130435,0.360515021,0.236725664,0.654605631,0.355006502,0.208469055,0.442696415,Good
0.094462541,0.224347826,0.326180258,0.287610619,0.704501653,0.315994798,0.398479913,0.347545431,Good
0.136807818,0.271304348,0.613733906,0.287610619,0.566814114,0.085825748,0.110749186,0.579853956,Good
0.244299674,0.274782609,0.13304721,0.670353982,0.751401599,0.262678804,0.436482085,0.725923522,Moderate
0.107491857,0.175652174,0.738197425,0.258849558,0.615611387,0.279583875,0.137893594,0.512196327,Good
0.605863192,0.563478261,0.278969957,0.683628319,0.738084742,0.789336801,0.497285559,0.735228117,Poor
0.260586319,0.353043478,0.163090129,0.546460177,0.742153922,0.289986996,0.47339848,0.649024721,Moderate
0.283387622,0.434782609,0.206008584,0.404867257,0.764052329,0.353706112,0.178067318,0.545963866,Moderate
0.166123779,0.149565217,0.326180258,0.183628319,0.622182194,0.055916775,0.342019544,0.655914661,Good
0.758957655,0.56173913,0.012875536,0.661504425,0.731153846,0.517555267,0.286644951,0.675081893,Hazardous
0.309446254,0.35826087,0.296137339,0.269911504,0.669381327,0.189856957,0.31053203,0.735479593,Moderate
0.068403909,0.24,0.454935622,0.225663717,0.660248137,0.245773732,0.196525516,0.523630202,Good
0.136807818,0.126956522,0.364806867,0.267699115,0.654605631,0.033810143,0.16286645,0.480355321,Good
0.091205212,0.276521739,0.339055794,0.261061947,0.644912419,0.43953186,0.239956569,0.464350453,Good
0.283387622,0.262608696,0.188841202,0.276548673,0.716694947,0.213263979,0.228013029,0.521057648,Moderate
0.690553746,0.483478261,0.094420601,0.825221239,0.912739943,0.876462939,0.347448426,0.716653026,Hazardous
0.166123779,0.339130435,0.141630901,0.415929204,0.803926442,0.344603381,0.07383279,0.633915699,Moderate
0.511400651,0.436521739,0.35193133,0.400442478,0.699773256,0.495448635,0.409337676,0.535155849,Poor
0.615635179,0.56173913,0.034334764,0.586283186,0.798600732,1,0.463626493,0.774277432,Hazardous
0.553745928,0.335652174,0.090128755,0.466814159,0.773736263,0.66840052,0.462540717,0.635263526,Poor
0.263843648,0.485217391,0.141630901,0.369469027,0.707605519,0.486345904,0.459283388,0.668186023,Moderate
0.276872964,0.419130435,0.115879828,0.418141593,0.67116905,0.249674902,0.458197611,0.641850063,Moderate
0.302931596,0.333913043,0.175965665,0.400442478,0.68671426,0.169050715,0.142236699,0.647363041,Moderate
0.674267101,0.666086957,0.068669528,0.685840708,0.790951194,0.910273082,0.745928339,0.609759565,Hazardous
0.537459283,0.620869565,0.141630901,0.595132743,0.865382561,0.725617685,0.806731813,0.62888218,Hazardous
0.400651466,0.339130435,0.038626609,0.553097345,0.783063102,0.542262679,0.69815418,0.724590866,Poor
0.482084691,0.634782609,0.120171674,0.597345133,0.817270323,0.78283485,0.385450597,0.672211676,Hazardous
0.198697068,0.530434783,0.201716738,0.325221239,0.719653599,0.185955787,0.60369164,0.466729178,Moderate
0.237785016,0.387826087,0.167381974,0.365044248,0.592387577,0.403120936,0.542888165,0.653110656,Moderate
0.325732899,0.32,0.115879828,0.409292035,0.753982865,0.563068921,0.358306189,0.807802243,Moderate
0.338762215,0.286956522,0.158798283,0.418141593,0.755263688,0.631989597,0.442996743,0.638807409,Moderate
0.182410423,0.130434783,0.21888412,0.400442478,0.676457644,0.167750325,0.478827362,0.58590489,Moderate
0.299674267,0.186086957,0.30472103,0.471238938,0.768940633,0.525357607,0.197611292,0.750630493,Moderate
0.087947883,0.092173913,0.416309013,0.103982301,0.634832924,0.374512354,0.292073833,0.577373282,Good
0.254071661,0.474782609,0.167381974,0.39159292,0.665767524,0.244473342,0.516829533,0.571011977,Moderate
0.061889251,0.168695652,0.394849785,0.278761062,0.613382633,0.321196359,0.096634093,0.558243208,Good
0.28990228,0.365217391,0.167381974,0.236725664,0.713701281,0.461638492,0.516829533,0.715246993,Moderate
0.342019544,0.213913043,0.201716738,0.652654867,0.710671761,0.540962289,0.187839305,0.47480711,Moderate
0.332247557,0.186086957,0.141630901,0.488938053,0.794257932,0.487646294,0.474484256,0.826180314,Moderate
0.566775244,0.754782609,0.012875536,0.60840708,0.898643713,0.66189857,0.636264929,0.665574783,Hazardous
0.166123779,0.184347826,0.330472103,0.10840708,0.678196221,0.274382315,0.371335505,0.554007774,Good
0.309446254,0.248695652,0.244635193,0.316371681,0.688383982,0.256176853,0.38762215,0.661390382,Moderate
0.511400651,0.429565217,0.098712446,0.522123894,0.832782424,0.284785436,0.264929425,0.511284807,Poor
0.325732899,0.295652174,0.111587983,0.287610619,0.67116905,0.539661899,0.419109663,0.776870673,Moderate
0.410423453,0.292173913,0.158798283,0.238938053,0.713701281,0.304291287,0.34310532,0.623698386,Poor
0.328990228,0.525217391,0.051502146,0.353982301,0.831840293,0.633289987,0.597176982,0.673652715,Poor
0.570032573,0.608695652,0.042918455,0.727876106,0.977680276,0.78153446,0.444082519,0.839378462,Hazardous
0.104234528,0.259130435,0.326180258,0.272123894,0.606576074,0.174252276,0.462540717,0.428571215,Good
0.231270358,0.504347826,0.231759657,0.247787611,0.743495898,0.183355007,0.523344191,0.546710724,Moderate
0.2247557,0.182608696,0.231759657,0.402654867,0.733949034,0.351105332,0.270358306,0.62701502,Moderate
0.205211726,0.523478261,0.012875536,0.539823009,0.883715378,0.576072822,0.402823018,0.578618049,Hazardous
0.586319218,0.450434783,0.231759657,0.705752212,0.834656224,0.685305592,0.541802389,0.683757235,Hazardous
0.071661238,0.180869565,0.377682403,0.256637168,0.693328019,0.183355007,0.309446254,0.487836536,Good
0.342019544,0.307826087,0.090128755,0.654867257,0.868667827,0.495448635,0.315960912,0.6747257,Poor
0.035830619,0.102608696,0.527896996,0.283185841,0.516350913,0.140442133,0.092290988,0.512196327,Good
0.117263844,0.170434783,0.463519313,0.150442478,0.555814039,0.161248375,0.238870793,0.330289976,Good
0.348534202,0.139130435,0.394849785,0.296460177,0.710671761,0.187256177,0.502714441,0.626545076,Moderate
0.228013029,0.354782609,0.115879828,0.336283186,0.764052329,0.598179454,0.068403909,0.549666442,Moderate
0.100977199,0.31826087,0.326180258,0.121681416,0.558609226,0.488946684,0.062975027,0.42258289,Good
0.09771987,0.133913043,0.399141631,0.367256637,0.656500485,0.395318596,0.03257329,0.461938689,Good
0.423452769,0.431304348,0.141630901,0.491150442,0.746158679,0.728218466,0.423452769,0.653110656,Poor
0.537459283,0.636521739,0.111587983,0.566371681,0.836516246,0.283485046,0.266015201,0.632557328,Poor
0.416938111,0.452173913,0.081545064,0.696902655,0.806025722,0.66710013,0.523344191,0.496009538,Hazardous
0.140065147,0.106086957,0.420600858,0.318584071,0.624335074,0.136540962,0.463626493,0.545213782,Good
0.104234528,0.137391304,0.330472103,0.402654867,0.634832924,0.407022107,0.273615635,0.396322506,Good
0.127035831,0.132173913,0.330472103,0.243362832,0.67116905,0.214564369,0.185667752,0.427093383,Good
0.127035831,0.114782609,0.377682403,0.311946903,0.672944229,0.500650195,0.102062975,0.621774331,Good
0.270358306,0.443478261,0.193133047,0.373893805,0.722578047,0.561768531,0.639522258,0.590018482,Moderate
0.276872964,0.306086957,0.180257511,0.546460177,0.718178599,0.512353706,0.50597177,0.470237262,Moderate
0.09771987,0.326956522,0.369098712,0.146017699,0.662101346,0.426527958,0.399565689,0.390923806,Good
0.16286645,0.076521739,0.326180258,0.292035398,0.67116905,0.074122237,0.450597177,0.441334493,Good
0.133550489,0.273043478,0.381974249,0.25,0.669381327,0.21846554,0.259500543,0.385351855,Good
0.342019544,0.23826087,0.137339056,0.431415929,0.771349812,0.241872562,0.148751357,0.647779954,Moderate
0.296416938,0.373913043,0.167381974,0.382743363,0.756538058,0.612483745,0.153094463,0.662541619,Moderate
0.156351792,0.210434783,0.343347639,0.238938053,0.57992388,0.466840052,0.386536374,0.435777404,Good
0.469055375,0.417391304,0.064377682,0.305309735,0.788722441,0.319895969,0.386536374,0.563057416,Poor
0.087947883,0.286956522,0.467811159,0.236725664,0.624335074,0.210663199,0.040173724,0.481444003,Good
0.087947883,0.273043478,0.347639485,0.274336283,0.67992293,0.466840052,0.464712269,0.527834868,Good
0.026058632,0.260869565,0.399141631,0.258849558,0.594808283,0.418725618,0.149837134,0.342787758,Good
0.110749186,0.057391304,0.330472103,0.287610619,0.658381251,0.11443433,0.226927253,0.401558407,Good
0.482084691,0.44,0.094420601,0.553097345,0.817270323,0.595578674,0.685124864,0.692342157,Poor
0.42019544,0.220869565,0.137339056,0.305309735,0.632767917,0.459037711,0.469055375,0.712687081,Moderate
0.241042345,0.293913043,0.227467811,0.298672566,0.779605711,0.182054616,0.552660152,0.568400737,Moderate
0.436482085,0.394782609,0.313304721,0.300884956,0.852668234,0.511053316,0.545059718,0.68476974,Poor
0.254071661,0.177391304,0.287553648,0.469026549,0.710671761,0.201560468,0.178067318,0.76855687,Moderate
0.283387622,0.306086957,0.111587983,0.480088496,0.644912419,0.204161248,0.34310532,0.570362839,Moderate
0.706840391,0.646956522,0.025751073,0.480088496,0.587475542,0.834850455,0.704668838,0.739208674,Hazardous
0.19218241,0.457391304,0.154506438,0.422566372,0.728327427,0.22106632,0.364820847,0.677203845,Moderate
0.16286645,0.24173913,0.343347639,0.338495575,0.678196221,0.55396619,0.345276873,0.736481871,Good
0.57980456,0.605217391,0.042918455,0.340707965,0.558609226,0.412223667,0.238870793,0.629808285,Poor
0.104234528,0.307826087,0.330472103,0.272123894,0.624335074,0.158647594,0.364820847,0.373641067,Good
0.260586319,0.2,0.30472103,0.254424779,0.706058347,0.323797139,0.198697068,0.637044508,Moderate
0.06514658,0.100869565,0.506437768,0.241150442,0.676457644,0.273081925,0.052117264,0.499956167,Good
0.153094463,0.264347826,0.472103004,0.221238938,0.638913042,0.105331599,0.205211726,0.521057648,Good
0.273615635,0.344347826,0.626609442,0.411504425,0.667580879,0.204161248,0.30184582,0.720256308,Moderate
0.140065147,0.135652174,0.347639485,0.128318584,0.628586634,0.417425228,0.364820847,0.484669685,Good
0.410423453,0.387826087,0.231759657,0.305309735,0.852668234,0.288686606,0.353963084,0.445388628,Poor
0.078175896,0.142608696,0.364806867,0.258849558,0.650772802,0.016905072,0.194353963,0.425602866,Good
0.293159609,0.295652174,0.150214592,0.303097345,0.726902286,0.244473342,0.561346363,0.628417269,Moderate
0.61237785,0.455652174,0.403433476,0.449115044,0.898643713,0.459037711,0.513572204,0.609240449,Poor
0.566775244,0.613913043,0.506437768,0.473451327,0.882945326,0.407022107,0.388707926,0.733711564,Poor
0.153094463,0.205217391,0.386266094,0.243362832,0.654605631,0.266579974,0.320304017,0.40664104,Good
0.123778502,0.266086957,0.630901288,0.117256637,0.658381251,0.254876463,0.326818675,0.688432554,Good
0.416938111,0.48,0.128755365,0.376106195,0.828992662,0.741222367,0.718783931,0.598518264,Poor
0.114006515,0.106086957,0.519313305,0.334070796,0.582466232,0.096228869,0.188925081,0.567741744,Good
0.107491857,0.273043478,0.326180258,0.247787611,0.620010834,0.407022107,0.462540717,0.45322353,Good
0.084690554,0.113043478,0.330472103,0.261061947,0.630685915,0.262678804,0.423452769,0.569711265,Good
0.602605863,0.485217391,0.042918455,0.502212389,0.897917854,0.758127438,0.555917481,0.798616176,Hazardous
0.32247557,0.269565217,0.21888412,0.469026549,0.67116905,0.423927178,0.384364821,0.610277134,Moderate
0.214983713,0.213913043,0.115879828,0.289823009,0.646881004,0.325097529,0.501628664,0.618355065,Moderate
0.280130293,0.229565217,0.107296137,0.205752212,0.746158679,0.244473342,0.478827362,0.472537219,Moderate
0.104234528,0.177391304,0.412017167,0.194690265,0.67992293,0.481144343,0.261672096,0.549666442,Good
0.211726384,0.325217391,0.13304721,0.460176991,0.761572291,0.325097529,0.62432139,0.758068696,Moderate
0.153094463,0.097391304,0.416309013,0.183628319,0.622182194,0.391417425,0.275787188,0.308210214,Good
0.237785016,0.187826087,0.420600858,0.42699115,0.624335074,0.377113134,0.352877307,0.463148758,Moderate
0.120521173,0.177391304,0.369098712,0.294247788,0.667580879,0.418725618,0.317046688,0.365370732,Good
0.51465798,0.467826087,0.068669528,0.57300885,0.907895108,0.565669701,0.654723127,0.721077322,Hazardous
0.38762215,0.493913043,0.08583691,0.418141593,0.809142335,0.345903771,0.427795874,0.82042195,Poor
0.087947883,0.165217391,0.343347639,0.278761062,0.606576074,0.349804941,0.181324647,0.439961804,Good
0.078175896,0.191304348,0.334763948,0.219026549,0.646881004,0.395318596,0.326818675,0.322335415,Good
0.345276873,0.316521739,0.158798283,0.225663717,0.676457644,0.626788036,0.340933768,0.590598263,Moderate
0.32247557,0.429565217,0.321888412,0.287610619,0.753982865,0.521456437,0.304017372,0.606092733,Moderate
0.436482085,0.549565217,0.081545064,0.575221239,0.767727385,0.33810143,0.480998914,0.694264438,Poor
0.35504886,0.236521739,0.120171674,0.380530973,0.701359229,0.461638492,0.229098806,0.501896346,Moderate
0.745928339,0.354782609,0.0472103,0.451327434,0.747479631,0.846553966,0.527687296,0.558243208,Hazardous
0.286644951,0.436521739,0.137339056,0.384955752,0.634832924,0.537061118,0.519001086,0.159108588,Moderate
0.091205212,0.095652174,0.35193133,0.307522124,0.574761214,0.498049415,0.125950054,0.556842844,Good
0.117263844,0.059130435,0.502145923,0.256637168,0.724027689,0.546163849,0.501628664,0.6465262,Good
0.755700326,0.692173913,0.068669528,0.610619469,0.898643713,0.647594278,0.676438654,0.836171774,Hazardous
0.149837134,0.297391304,0.360515021,0.340707965,0.589943482,0.430429129,0.238870793,0.272381086,Good
0.110749186,0.146086957,0.347639485,0.21460177,0.516350913,0.230169051,0.194353963,0.449350264,Good
0.325732899,0.260869565,0.30472103,0.309734513,0.752695525,0.33550065,0.339847991,0.692985285,Moderate
0.700325733,0.394782609,0.240343348,0.57079646,0.856977739,0.710013004,0.445168295,0.834758876,Hazardous
0.589576547,0.575652174,0.278969957,0.942477876,0.706058347,0.689206762,0.191096634,0.543703823,Poor
0.537459283,0.509565217,0.038626609,0.659292035,0.780763433,0.457737321,0.31053203,0.678604209,Poor
0.657980456,0.683478261,0.300429185,0.64159292,0.663941077,0.691807542,0.723127036,0.639245351,Hazardous
0.638436482,0.495652174,0.038626609,0.646017699,0.944280441,0.837451235,0.691639522,0.618847673,Hazardous
0.149837134,0.149565217,0.467811159,0.280973451,0.444671027,0.44213264,0.346362649,0.541413976,Good
0.482084691,0.646956522,0.180257511,0.296460177,0.827076275,0.384915475,0.57111835,0.58885308,Poor
0.211726384,0.259130435,0.579399142,0.265486726,0.738084742,0.260078023,0.519001086,0.584111646,Moderate
0.104234528,0.269565217,0.364806867,0.219026549,0.592387577,0.10923277,0.13029316,0.500928966,Good
0.410423453,0.349565217,0.094420601,0.590707965,0.724027689,0.55656697,0.243213898,0.465543889,Poor
0.410423453,0.68,0.124463519,0.743362832,0.843822512,0.630689207,0.331161781,0.759387519,Hazardous
0.208469055,0.379130435,0.467811159,0.5,0.719653599,0.44083225,0.254071661,0.5311268,Moderate
0.703583062,0.292173913,0.103004292,0.64380531,0.819262159,0.89076723,0.800217155,0.668555873,Hazardous
0.143322476,0.28173913,0.463519313,0.338495575,0.589943482,0.345903771,0.266015201,0.497004636,Good
0.342019544,0.40173913,0.107296137,0.60840708,0.875907293,0.876462939,0.767643865,0.895340432,Hazardous
0.153094463,0.304347826,0.35193133,0.223451327,0.68671426,0.2236671,0.057546145,0.392742086,Good
0.087947883,0.299130435,0.369098712,0.272123894,0.696571165,0.397919376,0.112920738,0.335397527,Good
0.221498371,0.243478261,0.158798283,0.488938053,0.743495898,0.655396619,0.504885993,0.461938689,Moderate
0.09771987,0.166956522,0.403433476,0.134955752,0.582466232,0.368010403,0.168295331,0.411579123,Good
0.241042345,0.286956522,0.141630901,0.418141593,0.718178599,0.355006502,0.358306189,0.466729178,Moderate
0.377850163,0.406956522,0.137339056,0.267699115,0.52283747,0.628088427,0.351791531,0.726453734,Poor
0.296416938,0.253913043,0.30472103,0.533185841,0.707605519,0.362808843,0.246471227,0.551125646,Moderate
0.094462541,0.325217391,0.334763948,0.32300885,0.662101346,0.287386216,0.098805646,0.465543889,Good
0.214983713,0.387826087,0.13304721,0.318584071,0.68671426,0.5526658,0.19218241,0.502858366,Moderate
0.13029316,0.253913043,0.373390558,0.28539823,0.538361473,0.024707412,0.146579805,0.33286253,Good
0.342019544,0.700869565,0.115879828,0.566371681,0.825145259,0.55786736,0.447339848,0.691372978,Poor
0.172638436,0.340869565,0.201716738,0.524336283,0.797522002,0.279583875,0.238870793,0.52447932,Moderate
0.615635179,0.812173913,0.115879828,0.57300885,0.916144596,0.708712614,0.476655809,0.557544438,Hazardous
0.429967427,0.384347826,0.278969957,0.196902655,0.770148091,0.55136541,0.347448426,0.658282573,Moderate
0.114006515,0.300869565,0.459227468,0.32300885,0.572139824,0.475942783,0.179153094,0.491971118,Good
0.13029316,0.156521739,0.450643777,0.267699115,0.577355718,0.072821847,0.258414767,0.461938689,Good
0.524429967,0.306086957,0.261802575,0.254424779,0.584983287,0.370611183,0.619978284,0.514005137,Poor
0.390879479,0.412173913,0.175965665,0.597345133,0.816268493,0.55526658,0.470141151,0.661390382,Poor
0.244299674,0.260869565,0.150214592,0.39380531,0.638913042,0.399219766,0.323561346,0.496009538,Moderate
0.32247557,0.47826087,0.283261803,0.387168142,0.816268493,0.637191157,0.613463626,0.595730978,Poor
0.087947883,0.266086957,0.429184549,0.17699115,0.685033444,0.504551365,0.146579805,0.486787324,Good
0.368078176,0.314782609,0.21888412,0.46460177,0.688383982,0.243172952,0.548317047,0.724590866,Moderate
0.114006515,0.212173913,0.549356223,0.369469027,0.48490833,0.390117035,0.255157438,0.390923806,Good
0.517915309,0.495652174,0.128755365,0.603982301,0.825145259,0.410923277,0.346362649,0.600716322,Poor
0.136807818,0.309565217,0.399141631,0.14159292,0.640928685,0.410923277,0.280130293,0.588267433,Good
0.107491857,0.146086957,0.377682403,0.225663717,0.574761214,0.061118336,0.188925081,0.534357484,Good
0.244299674,0.252173913,0.115879828,0.431415929,0.779605711,0.44863459,0.288816504,0.600716322,Moderate
0.599348534,0.356521739,0.107296137,0.272123894,0.747479631,0.459037711,0.447339848,0.798616176,Poor
0.67752443,0.443478261,0.034334764,0.634955752,0.926091954,0.43953186,0.414766558,0.501896346,Hazardous
0.149837134,0.144347826,0.330472103,0.212389381,0.669381327,0.197659298,0.023887079,0.584111646,Good
0.133550489,0.292173913,0.429184549,0.305309735,0.654605631,0.464239272,0.108577633,0.390923806,Good
0.651465798,0.673043478,0.038626609,0.566371681,0.884483093,0.738621586,0.771986971,0.665574783,Hazardous
0.280130293,0.568695652,0.339055794,0.396017699,0.833721059,0.494148244,0.350705755,0.606092733,Poor
0.117263844,0.356521739,0.321888412,0.196902655,0.648834387,0.22236671,0.256243214,0.556842844,Good
0.7752443,0.448695652,0.060085837,0.980088496,0.839280884,0.808842653,0.448425624,0.657102653,Hazardous
0.074918567,0.293913043,0.502145923,0.261061947,0.611134068,0.141742523,0.331161781,0.567080242,Good
0.185667752,0.234782609,0.35193133,0.203539823,0.665767524,0.490247074,0.441910966,0.35444611,Good
0.381107492,0.483478261,0.012875536,0.592920354,0.608865337,0.932379714,0.529858849,0.756961973,Hazardous
0.293159609,0.427826087,0.343347639,0.480088496,0.784205144,0.706111834,0.276872964,0.670758577,Poor
0.312703583,0.342608696,0.309012876,0.296460177,0.658381251,0.577373212,0.198697068,0.6168688,Moderate
0.345276873,0.433043478,0.034334764,0.460176991,0.68671426,0.537061118,0.688382193,0.608197537,Poor
0.384364821,0.433043478,0.098712446,0.422566372,0.789839272,0.755526658,0.415852334,0.519321192,Poor
0.45276873,0.210434783,0.201716738,0.493362832,0.760323094,0.369310793,0.717698154,0.682738791,Poor
0.413680782,0.464347826,0.120171674,0.274336283,0.660248137,0.232769831,0.122692725,0.502858366,Moderate
0.325732899,0.443478261,0.240343348,0.294247788,0.660248137,0.650195059,0.400651466,0.598518264,Moderate
0.622149837,0.613913043,0.025751073,0.818584071,0.812221017,0.548764629,0.62432139,0.6168688,Hazardous
0.368078176,0.556521739,0.090128755,0.663716814,0.777274248,0.586475943,0.568946797,0.676499405,Poor
0.114006515,0.19826087,0.334763948,0.296460177,0.582466232,0.149544863,0.297502714,0.541413976,Good
0.133550489,0.067826087,0.510729614,0.203539823,0.685033444,0.211963589,0.120521173,0.416380652,Good
0.143322476,0.102608696,0.553648069,0.276548673,0.608865337,0.053315995,0.383279045,0.308210214,Good
0.114006515,0.07826087,0.330472103,0.263274336,0.569490985,0.250975293,0.068403909,0.460720128,Good
0.061889251,0.222608696,0.532188841,0.269911504,0.532265712,0.128738622,0.42019544,0.396322506,Good
0.117263844,0.314782609,0.128755365,0.161504425,0.68671426,0.500650195,0.482084691,0.52866372,Moderate
0.684039088,0.59826087,0.188841202,0.630530973,0.626469786,0.830949285,0.700325733,0.828548899,Hazardous
0.446254072,0.406956522,0.042918455,0.318584071,0.813238973,0.408322497,0.377850163,0.535950561,Poor
0.149837134,0.372173913,0.128755365,0.21460177,0.68671426,0.413524057,0.260586319,0.794013715,Moderate
0.345276873,0.389565217,0.064377682,0.378318584,0.752695525,0.370611183,0.499457112,0.577373282,Poor
0.117263844,0.153043478,0.56223176,0.181415929,0.650772802,0.273081925,0.27795874,0.361083002,Good
0.035830619,0.337391304,0.360515021,0.296460177,0.566814114,0.269180754,0.173724213,0.534357484,Good
0.094462541,0.311304348,0.540772532,0.150442478,0.658381251,0.521456437,0.246471227,0.701136149,Good
0.087947883,0.215652174,0.360515021,0.329646018,0.561373864,0.084525358,0.486427796,0.383454086,Good
0.188925081,0.339130435,0.356223176,0.294247788,0.740804789,0.602080624,0.153094463,0.660231462,Moderate
0.107491857,0.304347826,0.484978541,0.289823009,0.632767917,0.150845254,0.363735071,0.446719241,Good
0.377850163,0.540869565,0.055793991,0.420353982,0.739448421,0.407022107,0.298588491,0.480355321,Poor
0.107491857,0.213913043,0.339055794,0.336283186,0.584983287,0.503250975,0.400651466,0.52447932,Good
0.283387622,0.269565217,0.111587983,0.378318584,0.794257932,0.315994798,0.241042345,0.565749628,Moderate
0.371335505,0.697391304,0.068669528,0.57300885,0.833721059,0.830949285,0.6330076,0.605030686,Poor
0.074918567,0.067826087,0.321888412,0.261061947,0.644912419,0.266579974,0.385450597,0.403269202,Good
0.459283388,0.4,0.072961373,0.444690265,0.577355718,0.673602081,0.80781759,0.682738791,Poor
0.120521173,0.099130435,0.35193133,0.17699115,0.558609226,0.508452536,0.465798046,0.358898769,Good
0.068403909,0.257391304,0.360515021,0.241150442,0.594808283,0.44473342,0.336590662,0.289587648,Good
0.061889251,0.132173913,0.472103004,0.283185841,0.634832924,0.361508453,0.263843648,0.545963866,Good
0.094462541,0.323478261,0.35193133,0.362831858,0.615611387,0.080624187,0.413680782,0.361083002,Good
0.276872964,0.382608696,0.124463519,0.497787611,0.751401599,0.391417425,0.447339848,0.539093529,Moderate
0.123778502,0.15826087,0.360515021,0.486725664,0.674707036,0.392717815,0.20412595,0.347545431,Good
0.342019544,0.433043478,0.038626609,0.526548673,0.535331954,0.617685306,0.560260586,0.475931025,Poor
0.687296417,0.523478261,0.030042918,0.174778761,0.774921098,0.749024707,0.599348534,0.517567195,Hazardous
0.078175896,0.107826087,0.326180258,0.269911504,0.654605631,0.273081925,0.46145494,0.45322353,Good
0.293159609,0.311304348,0.201716738,0.475663717,0.799674882,0.496749025,0.251900109,0.65067065,Moderate
0.270358306,0.459130435,0.321888412,0.411504425,0.67992293,0.503250975,0.364820847,0.554007774,Moderate
0.061889251,0.363478261,0.493562232,0.238938053,0.658381251,0.071521456,0.246471227,0.520191591,Good
0.586319218,0.514782609,0.158798283,0.566371681,0.777274248,0.44863459,0.435396308,0.545963866,Hazardous
0.351791531,0.165217391,0.13304721,0.380530973,0.59958129,0.526657997,0.389793702,0.540643934,Moderate
0.133550489,0.370434783,0.369098712,0.409292035,0.488601269,0.031209363,0.275787188,0.607673723,Good
0.456026059,0.36,0.060085837,0.57300885,0.796438651,0.684005202,0.298588491,0.870067852,Poor
0.423452769,0.467826087,0.072961373,0.67699115,0.663941077,0.719115735,0.814332248,0.643991203,Poor
0.074918567,0.15826087,0.356223176,0.194690265,0.620010834,0.071521456,0.422366992,0.268725283,Good
0.149837134,0.187826087,0.377682403,0.342920354,0.650772802,0.365409623,0.206297503,0.371610117,Good
0.368078176,0.208695652,0.115879828,0.433628319,0.750101021,0.44343303,0.562432139,0.581691478,Moderate
0.250814332,0.373913043,0.137339056,0.398230088,0.760323094,0.170351105,0.186753529,0.585309197,Moderate
0.609120521,0.589565217,0.072961373,0.648230088,0.844721134,0.426527958,0.814332248,0.685776376,Hazardous
0.133550489,0.125217391,0.56223176,0.28539823,0.615611387,0.240572172,0.331161781,0.561695494,Good
0.231270358,0.410434783,0.107296137,0.387168142,0.725469071,0.141742523,0.282301846,0.371610117,Moderate
0.798045603,0.499130435,0.326180258,0.471238938,0.839280884,0.308192458,0.471226927,0.780398555,Hazardous
0.06514658,0.114782609,0.356223176,0.148230088,0.681637932,0.421326398,0.308360478,0.385351855,Good
0.325732899,0.44173913,0.270386266,0.338495575,0.674707036,0.079323797,0.480998914,0.649849636,Moderate
0.260586319,0.377391304,0.236051502,0.159292035,0.773736263,0.643693108,0.32247557,0.588267433,Moderate
0.442996743,0.415652174,0.145922747,0.389380531,0.594808283,0.321196359,0.57980456,0.50665402,Moderate
0.104234528,0.16173913,0.403433476,0.340707965,0.654605631,0.456436931,0.38762215,0.571011977,Good
0.335504886,0.380869565,0.227467811,0.396017699,0.55298762,0.607282185,0.542888165,0.728296828,Moderate
0.140065147,0.139130435,0.339055794,0.247787611,0.642928394,0.029908973,0.32247557,0.275961506,Good
0.159609121,0.220869565,0.330472103,0.219026549,0.634832924,0.097529259,0.136807818,0.560322805,Good
0.25732899,0.286956522,0.381974249,0.216814159,0.68671426,0.348504551,0.460369164,0.52447932,Moderate
0.459283388,0.410434783,0.0472103,0.376106195,0.738084742,0.547464239,0.353963084,0.595730978,Poor
0.104234528,0.302608696,0.377682403,0.157079646,0.640928685,0.140442133,0.281216069,0.308210214,Good
0.231270358,0.363478261,0.167381974,0.418141593,0.742153922,0.174252276,0.32247557,0.522776912,Moderate
0.426710098,0.271304348,0.128755365,0.276548673,0.80497826,0.525357607,0.147665581,0.455758527,Moderate
0.416938111,0.323478261,0.137339056,0.247787611,0.751401599,0.508452536,0.214983713,0.561010506,Moderate
0.241042345,0.346086957,0.145922747,0.298672566,0.712191056,0.561768531,0.488599349,0.491971118,Moderate
0.596091205,0.733913043,0.098712446,0.630530973,0.827076275,0.907672302,0.466883822,0.66595023,Hazardous
0.410423453,0.264347826,0.13304721,0.515486726,0.832782424,0.572171651,0.488599349,0.660618629,Poor
0.719869707,0.674782609,0.042918455,0.719026549,0.854400856,0.498049415,0.55917481,0.682056494,Hazardous
0.478827362,0.262608696,0.081545064,0.57300885,0.822220811,0.763328999,0.252985885,0.47480711,Poor
0.133550489,0.295652174,0.343347639,0.192477876,0.67116905,0.507152146,0.128121607,0.482525902,Good
0.394136808,0.354782609,0.137339056,0.42699115,0.751401599,0.309492848,0.453854506,0.435777404,Poor
0.293159609,0.507826087,0.21888412,0.471238938,0.636881209,0.33810143,0.534201954,0.654317921,Moderate
0.117263844,0.266086957,0.39055794,0.174778761,0.601934441,0.492847854,0.244299674,0.537529156,Good
0.094462541,0.250434783,0.339055794,0.362831858,0.628586634,0.392717815,0.271444083,0.517567195,Good
0.534201954,0.594782609,0.111587983,0.707964602,0.773736263,0.849154746,0.50597177,0.594036874,Poor
0.342019544,0.306086957,0.175965665,0.35619469,0.761572291,0.524057217,0.501628664,0.685441479,Moderate
0.16286645,0.292173913,0.334763948,0.210176991,0.669381327,0.204161248,0.172638436,0.41319443,Good
1,0.507826087,0.124463519,0.657079646,0.793160482,0.650195059,0.871878393,0.855337276,Hazardous
0.159609121,0.273043478,0.43776824,0.223451327,0.55298762,0.141742523,0.076004343,0.521919408,Good
0.06514658,0.203478261,0.334763948,0.245575221,0.617820675,0.317295189,0.25732899,0.392742086,Good
0.136807818,0.27826087,0.339055794,0.227876106,0.589943482,0.44603381,0.117263844,0.356686711,Good
0.557003257,0.429565217,0.038626609,0.453539823,0.839280884,0.420026008,0.429967427,0.537529156,Poor
0.074918567,0.255652174,0.43776824,0.212389381,0.665767524,0.101430429,0.377850163,0.337896048,Good
0.094462541,0.264347826,0.334763948,0.234513274,0.646881004,0.140442133,0.305103149,0.581691478,Good
0.214983713,0.490434783,0.124463519,0.442477876,0.638913042,0.33159948,0.155266015,0.659454529,Moderate
0.553745928,0.469565217,0.124463519,0.486725664,0.828036283,0.684005202,0.383279045,0.527834868,Poor
0.06514658,0.133913043,0.575107296,0.300884956,0.589943482,0.161248375,0.201954397,0.421052975,Good
0.107491857,0.323478261,0.399141631,0.283185841,0.676457644,0.538361508,0.486427796,0.491971118,Good
0.117263844,0.316521739,0.39055794,0.192477876,0.547238239,0.451235371,0.220412595,0.461938689,Good
0.371335505,0.471304348,0.094420601,0.670353982,0.688383982,0.546163849,0.33441911,0.629808285,Poor
0.390879479,0.469565217,0.137339056,0.723451327,0.918165607,0.758127438,0.478827362,0.425602866,Hazardous
0.332247557,0.191304348,0.313304721,0.475663717,0.748793722,0.211963589,0.319218241,0.581081129,Moderate
0.058631922,0.172173913,0.330472103,0.283185841,0.601934441,0.253576073,0.414766558,0.444047739,Good
0.517915309,0.676521739,0.145922747,0.581858407,0.783063102,0.704811443,0.466883822,0.752006808,Hazardous
0.120521173,0.212173913,0.330472103,0.234513274,0.674707036,0.546163849,0.146579805,0.488879448,Good
0.146579805,0.234782609,0.334763948,0.25,0.608865337,0.21716515,0.230184582,0.480355321,Good
0.143322476,0.304347826,0.373390558,0.267699115,0.574761214,0.414824447,0.225841477,0.444047739,Good
0.100977199,0.253913043,0.394849785,0.245575221,0.606576074,0.037711313,0.317046688,0.588267433,Good
0.110749186,0.269565217,0.339055794,0.14159292,0.608865337,0.252275683,0.267100977,0.543703823,Good
0.543973941,0.393043478,0.021459227,0.630530973,0.811198947,0.639791938,0.525515744,0.800872455,Hazardous
0.091205212,0.250434783,0.480686695,0.287610619,0.604265903,0.035110533,0.168295331,0.581081129,Good
0.599348534,0.448695652,0.051502146,0.524336283,0.636881209,0.680104031,0.37567861,0.587090179,Poor
0.127035831,0.260869565,0.467811159,0.272123894,0.638913042,0.435630689,0.349619978,0.387229109,Good
0.214983713,0.273043478,0.145922747,0.373893805,0.620010834,0.22236671,0.605863192,0.520191591,Moderate
0.296416938,0.325217391,0.154506438,0.232300885,0.674707036,0.401820546,0.286644951,0.460720128,Moderate
0.299674267,0.433043478,0.21888412,0.329646018,0.799674882,0.598179454,0.163952226,0.753825089,Moderate
0.798045603,0.427826087,0.060085837,0.351769912,0.889041088,0.425227568,0.608034745,0.655118126,Hazardous
0.172638436,0.231304348,0.334763948,0.196902655,0.601934441,0.368010403,0.401737242,0.392742086,Good
0.482084691,0.48173913,0.107296137,0.345132743,0.809142335,0.483745124,0.308360478,0.554007774,Poor
0.133550489,0.333913043,0.433476395,0.148230088,0.662101346,0.253576073,0.336590662,0.39983059,Good
0.882736156,0.622608696,0.167381974,0.672566372,0.882172923,0.694408322,0.737242128,0.611307666,Hazardous
0.263843648,0.271304348,0.184549356,0.207964602,0.516350913,0.585175553,0.284473398,0.596851267,Moderate
0.100977199,0.288695652,0.369098712,0.376106195,0.617820675,0.033810143,0.330076004,0.031659084,Good
0.228013029,0.40173913,0.13304721,0.353982301,0.729744584,0.231469441,0.540716612,0.791483994,Moderate
0.136807818,0.186086957,0.412017167,0.269911504,0.640928685,0.526657997,0.275787188,0.39983059,Good
0.371335505,0.47826087,0.072961373,0.353982301,0.743495898,0.786736021,0.622149837,0.891085226,Poor
0.296416938,0.40173913,0.334763948,0.336283186,0.707605519,0.174252276,0.319218241,0.480355321,Moderate
0.312703583,0.386086957,0.13304721,0.362831858,0.608865337,0.22106632,0.444082519,0.441334493,Moderate
0.091205212,0.293913043,0.56223176,0.194690265,0.646881004,0.074122237,0.117263844,0.335397527,Good
0.100977199,0.35826087,0.412017167,0.298672566,0.587475542,0.097529259,0.175895765,0.507590109,Good
0.068403909,0.175652174,0.386266094,0.207964602,0.683341385,0.417425228,0.234527687,0.455758527,Good
0.117263844,0.311304348,0.334763948,0.14159292,0.615611387,0.21976593,0.435396308,0.53355543,Good
0.283387622,0.293913043,0.13304721,0.14159292,0.778442666,0.583875163,0.20412595,0.50852118,Moderate
0.136807818,0.299130435,0.630901288,0.148230088,0.658381251,0.315994798,0.206297503,0.430036576,Good
0.530944625,0.485217391,0.175965665,0.433628319,0.662101346,0.602080624,0.283387622,0.601805004,Poor
0.234527687,0.499130435,0.111587983,0.384955752,0.768940633,0.200260078,0.270358306,0.53030965,Moderate
0.462540717,0.582608696,0.154506438,0.630530973,0.852668234,0.508452536,0.537459283,0.6330113,Poor
0.16286645,0.35826087,0.167381974,0.619469027,0.81425285,0.455136541,0.471226927,0.647363041,Moderate
0.436482085,0.516521739,0.124463519,0.46460177,0.787600657,0.260078023,0.780673181,0.615369704,Poor
0.462540717,0.4,0.081545064,0.508849558,0.667580879,0.608582575,0.456026059,0.67614611,Poor
0.641693811,0.826086957,0.021459227,0.630530973,0.840195756,0.676202861,0.680781759,0.825881956,Hazardous
0.100977199,0.250434783,0.399141631,0.241150442,0.640928685,0.3289987,0.141150923,0.540643934,Good
0.123778502,0.340869565,0.343347639,0.221238938,0.658381251,0.174252276,0.321389794,0.419509461,Good
0.309446254,0.175652174,0.158798283,0.203539823,0.630685915,0.689206762,0.419109663,0.494002068,Moderate
0.140065147,0.273043478,0.699570815,0.269911504,0.495829243,0.466840052,0.4082519,0.40830272,Good
0.38762215,0.403478261,0.038626609,0.35619469,0.885248485,0.650195059,0.287730727,0.723247903,Poor
0.348534202,0.35826087,0.124463519,0.402654867,0.698177277,0.236671001,0.548317047,0.556842844,Moderate
0.729641694,0.733913043,0.253218884,0.730088496,0.740804789,0.858257477,0.535287731,0.605562521,Hazardous
0.381107492,0.255652174,0.137339056,0.367256637,0.676457644,0.586475943,0.337676439,0.718047767,Moderate
0.159609121,0.085217391,0.420600858,0.150442478,0.55298762,0.035110533,0.119435396,0.495008704,Good
0.123778502,0.113043478,0.369098712,0.146017699,0.685033444,0.483745124,0.458197611,0.330289976,Good
0.508143322,0.354782609,0.060085837,0.502212389,0.842015634,0.345903771,0.371335505,0.635263526,Poor
0.315960912,0.260869565,0.128755365,0.300884956,0.718178599,0.293888166,0.318132465,0.817626186,Moderate
0.026058632,0.271304348,0.330472103,0.269911504,0.652696476,0.475942783,0.364820847,0.40830272,Good
0.149837134,0.100869565,0.386266094,0.254424779,0.660248137,0.547464239,0.309446254,0.531940124,Good
0.296416938,0.40173913,0.145922747,0.371681416,0.674707036,0.673602081,0.149837134,0.385351855,Moderate
0.136807818,0.153043478,0.373390558,0.196902655,0.646881004,0.517555267,0.266015201,0.554007774,Good
0.296416938,0.191304348,0.35193133,0.090707965,0.803926442,0.124837451,0.169381107,0.548194872,Moderate
0.169381107,0.106086957,0.334763948,0.130530973,0.638913042,0.054616385,0.117263844,0.567080242,Good
0.250814332,0.180869565,0.128755365,0.230088496,0.73533513,0.543563069,0.372421281,0.457012282,Moderate
0.566775244,0.492173913,0.120171674,0.502212389,0.780763433,0.33289987,0.522258415,0.653916431,Poor
0.446254072,0.347826087,0.141630901,0.398230088,0.813238973,0.275682705,0.362649294,0.587090179,Poor
0.039087948,0.314782609,0.656652361,0.247787611,0.701359229,0.254876463,0.403908795,0.421052975,Good
0.801302932,0.60173913,0.08583691,0.696902655,0.706058347,0.535760728,0.695982628,0.595730978,Hazardous
0.123778502,0.346086957,0.356223176,0.28539823,0.685033444,0.075422627,0.180238871,0.401558407,Good
0.371335505,0.194782609,0.248927039,0.336283186,0.669381327,0.383615085,0.549402823,0.535950561,Moderate
0.342019544,0.346086957,0.077253219,0.515486726,0.863723789,0.533159948,0.503800217,0.520191591,Poor
0.081433225,0.154782609,0.489270386,0.190265487,0.67116905,0.248374512,0.127035831,0.342787758,Good
0.540716612,0.311304348,0.167381974,0.738938053,0.891289653,0.681404421,0.882736156,0.595168111,Hazardous
0.309446254,0.323478261,0.13304721,0.311946903,0.747479631,0.390117035,0.271444083,0.710959263,Moderate
0.439739414,0.469565217,0.107296137,0.373893805,0.785342053,0.699609883,0.391965255,0.616370538,Poor
0.241042345,0.267826087,0.274678112,0.342920354,0.636881209,0.339401821,0.242128122,0.445388628,Moderate
0.429967427,0.47826087,0.128755365,0.524336283,0.802870232,0.358907672,0.510314875,0.629808285,Poor
0.133550489,0.285217391,0.407725322,0.205752212,0.594808283,0.22236671,0.191096634,0.302221889,Good
0.110749186,0.219130435,0.369098712,0.309734513,0.564108614,0.387516255,0.464712269,0.587679804,Good
0.469055375,0.422608696,0.184549356,0.287610619,0.786473876,0.369310793,0.435396308,0.649437668,Poor
0.534201954,0.565217391,0.167381974,0.371681416,0.883715378,0.607282185,0.418023887,0.696794817,Hazardous
0.247557003,0.250434783,0.150214592,0.296460177,0.753982865,0.538361508,0.393051031,0.438578177,Moderate
0.524429967,0.4,0.098712446,0.544247788,0.743495898,0.501950585,0.637350706,0.626545076,Poor
0.13029316,0.146086957,0.326180258,0.185840708,0.611134068,0.240572172,0.219326819,0.454495655,Good
0.104234528,0.262608696,0.557939914,0.254424779,0.577355718,0.521456437,0.261672096,0.500928966,Good
0.338762215,0.40173913,0.175965665,0.305309735,0.704501653,0.252275683,0.267100977,0.556842844,Moderate
0.247557003,0.243478261,0.39055794,0.497787611,0.798600732,0.5526658,0.271444083,0.513103087,Moderate
0.671009772,0.594782609,0.098712446,0.159292035,0.678196221,0.693107932,0.458197611,0.542943891,Hazardous
0.674267101,0.700869565,0.034334764,0.807522124,0.81425285,0.789336801,0.709011944,0.68974556,Hazardous
0.28990228,0.39826087,0.17167382,0.504424779,0.718178599,0.157347204,0.438653637,0.674368774,Moderate
0.302931596,0.290434783,0.21888412,0.396017699,0.688383982,0.566970091,0.486427796,0.78761894,Moderate
0.127035831,0.083478261,0.377682403,0.28539823,0.597206044,0.006501951,0.116178067,0.296019651,Good
0.270358306,0.139130435,0.124463519,0.380530973,0.834656224,0.408322497,0.23669924,0.605562521,Moderate
0.273615635,0.189565217,0.274678112,0.528761062,0.715202542,0.564369311,0.42888165,0.539093529,Moderate
0.231270358,0.172173913,0.326180258,0.338495575,0.810172731,0.404421326,0.34310532,0.664443546,Moderate
0.153094463,0.135652174,0.339055794,0.274336283,0.674707036,0.128738622,0.318132465,0.612842087,Good
0.361563518,0.28173913,0.115879828,0.488938053,0.667580879,0.508452536,0.437567861,0.553291714,Moderate
0.120521173,0.095652174,0.343347639,0.201327434,0.688383982,0.215864759,0.136807818,0.347545431,Good
0.104234528,0.234782609,0.467811159,0.349557522,0.683341385,0.22626788,0.393051031,0.465543889,Good
0.566775244,0.507826087,0.317596567,0.305309735,0.802870232,0.33029909,0.57111835,0.577996781,Poor
0.283387622,0.410434783,0.150214592,0.411504425,0.608865337,0.492847854,0.484256243,0.526165199,Moderate
0.328990228,0.295652174,0.360515021,0.495575221,0.732555301,0.347204161,0.364820847,0.427093383,Moderate
0.127035831,0.36,0.055793991,0.513274336,0.798600732,0.287386216,0.42019544,0.602346796,Poor
0.120521173,0.231304348,0.553648069,0.300884956,0.642928394,0.400520156,0.114006515,0.472537219,Good
0.09771987,0.102608696,0.497854077,0.223451327,0.589943482,0.488946684,0.160694897,0.358898769,Good
0.25732899,0.406956522,0.128755365,0.219026549,0.642928394,0.660598179,0.596091205,0.700829628,Moderate
0.381107492,0.365217391,0.145922747,0.387168142,0.640928685,0.492847854,0.225841477,0.523630202,Moderate
0.205211726,0.288695652,0.356223176,0.473451327,0.790951194,0.156046814,0.270358306,0.696794817,Moderate
0.517915309,0.373913043,0.0472103,0.564159292,0.582466232,0.630689207,0.328990228,0.560322805,Poor
0.071661238,0.130434783,0.339055794,0.340707965,0.544313792,0.420026008,0.057546145,0.35444611,Good
0.615635179,0.742608696,0.060085837,0.696902655,0.946689619,0.823146944,0.727470141,0.590598263,Hazardous
0.104234528,0.20173913,0.454935622,0.39159292,0.558609226,0.169050715,0.439739414,0.411579123,Good
0.114006515,0.139130435,0.399141631,0.351769912,0.656500485,0.436931079,0.068403909,0.569057237,Good
0.2247557,0.337391304,0.154506438,0.382743363,0.751401599,0.274382315,0.523344191,0.638807409,Moderate
0.140065147,0.231304348,0.39055794,0.340707965,0.632767917,0.027308192,0.154180239,0.385351855,Good
0.296416938,0.469565217,0.124463519,0.477876106,0.799674882,0.481144343,0.793702497,0.734471496,Poor
0.54723127,0.507826087,0.008583691,0.60840708,0.845616575,0.525357607,0.400651466,0.659454529,Hazardous
0.426710098,0.582608696,0.0472103,0.553097345,0.807068866,0.657997399,0.325732899,0.774678922,Poor
0.087947883,0.08,0.334763948,0.336283186,0.604265903,0.436931079,0.495114007,0.473675874,Good
0.426710098,0.47826087,0.055793991,0.637168142,0.656500485,0.581274382,0.549402823,0.622257347,Poor
0.328990228,0.264347826,0.081545064,0.491150442,0.725469071,0.477243173,0.389793702,0.581691478,Poor
0.156351792,0.179130435,0.43776824,0.400442478,0.634832924,0.188556567,0.090119435,0.509447284,Good
0.13029316,0.233043478,0.381974249,0.130530973,0.547238239,0.296488947,0.159609121,0.42258289,Good
0.09771987,0.083478261,0.386266094,0.272123894,0.690042754,0.179453836,0.454940282,0.552572689,Good
0.241042345,0.233043478,0.107296137,0.261061947,0.796438651,0.250975293,0.592833876,0.583509759,Moderate
0.328990228,0.455652174,0.141630901,0.263274336,0.718178599,0.309492848,0.546145494,0.491971118,Moderate
0.293159609,0.248695652,0.180257511,0.413716814,0.672944229,0.241872562,0.397394137,0.570362839,Moderate
0.071661238,0.19826087,0.334763948,0.196902655,0.613382633,0.378413524,0.244299674,0.62934585,Good
0.250814332,0.516521739,0.30472103,0.482300885,0.69169072,0.418725618,0.475570033,0.518446408,Moderate
0.231270358,0.424347826,0.244635193,0.497787611,0.732555301,0.253576073,0.346362649,0.52447932,Moderate
0.755700326,0.372173913,0.137339056,0.561946903,0.878275128,0.925877763,0.857763301,0.64270969,Hazardous
0.058631922,0.12,0.407725322,0.256637168,0.620010834,0.188556567,0.059717698,0.387229109,Good
0.390879479,0.349565217,0.240343348,0.243362832,0.678196221,0.252275683,0.218241042,0.465543889,Moderate
0.364820847,0.380869565,0.403433476,0.424778761,0.787600657,0.342002601,0.352877307,0.529488635,Moderate
0.117263844,0.165217391,0.360515021,0.165929204,0.634832924,0.076723017,0.09771987,0.6465262,Good
0.35504886,0.408695652,0.197424893,0.460176991,0.733949034,0.641092328,0.66558089,0.577373282,Poor
0.319218241,0.255652174,0.150214592,0.557522124,0.800744489,0.323797139,0.20412595,0.677203845,Moderate
0.123778502,0.111304348,0.43776824,0.303097345,0.68671426,0.404421326,0.426710098,0.367475536,Good
0.182410423,0.332173913,0.450643777,0.369469027,0.690042754,0.495448635,0.400651466,0.340359128,Moderate
0.482084691,0.507826087,0.124463519,0.407079646,0.812221017,0.378413524,0.305103149,0.735479593,Poor
0.153094463,0.088695652,0.957081545,0.139380531,0.650772802,0.092327698,0.121606949,0.434359892,Good
0.074918567,0.342608696,0.330472103,0.338495575,0.597206044,0.511053316,0.4082519,0.5311268,Good
0.087947883,0.370434783,0.52360515,0.480088496,0.634832924,0.500650195,0.39630836,0.511284807,Moderate
0.57980456,0.330434783,0.042918455,0.511061947,0.693328019,0.592977893,0.57111835,0.681027996,Hazardous
0.358306189,0.252173913,0.137339056,0.508849558,0.765283289,0.55656697,0.281216069,0.548932216,Moderate
0.127035831,0.264347826,0.472103004,0.190265487,0.604265903,0.435630689,0.267100977,0.445388628,Good
0.127035831,0.146086957,0.450643777,0.172566372,0.672944229,0.409622887,0.206297503,0.466729178,Good
0.159609121,0.236521739,0.339055794,0.316371681,0.667580879,0.074122237,0.107491857,0.392742086,Good
0.104234528,0.151304348,0.751072961,0.190265487,0.628586634,0.518855657,0.15092291,0.249194131,Good
0.657980456,0.546086957,0.030042918,0.347345133,0.850923662,0.495448635,0.919652552,0.702660691,Hazardous
0.495114007,0.413913043,0.077253219,0.528761062,0.726902286,0.77893368,0.643865364,0.591752049,Poor
0.100977199,0.088695652,0.339055794,0.303097345,0.628586634,0.524057217,0.119435396,0.23632571,Good
0.035830619,0.113043478,0.381974249,0.119469027,0.648834387,0.479843953,0.433224756,0.516683507,Good
0.107491857,0.274782609,0.553648069,0.303097345,0.642928394,0.195058518,0.363735071,0.257272063,Good
0.543973941,0.48,0.124463519,0.913716814,0.886772356,0.517555267,0.496199783,0.851643934,Hazardous
0.2247557,0.473043478,0.188841202,0.349557522,0.733949034,0.205461638,0.621064061,0.671486646,Moderate
0.390879479,0.405217391,0.180257511,0.814159292,0.800744489,0.453836151,0.533116178,0.603962102,Poor
0.296416938,0.339130435,0.111587983,0.389380531,0.788722441,0.33550065,0.298588491,0.465543889,Moderate
0.074918567,0.313043478,0.339055794,0.254424779,0.615611387,0.214564369,0.431053203,0.47480711,Good
0.286644951,0.335652174,0.120171674,0.382743363,0.753982865,0.370611183,0.49402823,0.414794849,Moderate
0.120521173,0.114782609,0.493562232,0.311946903,0.558609226,0.016905072,0.306188925,0.373641067,Good
0.263843648,0.36173913,0.287553648,0.360619469,0.725469071,0.4473342,0.17155266,0.621289967,Moderate
0.201954397,0.248695652,0.244635193,0.272123894,0.706058347,0.457737321,0.344191097,0.45322353,Moderate
0.146579805,0.267826087,0.60944206,0.296460177,0.638913042,0.162548765,0.210640608,0.371610117,Good
0.228013029,0.307826087,0.188841202,0.473451327,0.594808283,0.22626788,0.403908795,0.39983059,Moderate
0.247557003,0.532173913,0.334763948,0.469026549,0.819262159,0.368010403,0.555917481,0.74092188,Poor
0.068403909,0.156521739,0.566523605,0.307522124,0.69169072,0.461638492,0.124864278,0.507590109,Good
0.149837134,0.297391304,0.433476395,0.194690265,0.685033444,0.213263979,0.235613464,0.454495655,Good
0.13029316,0.215652174,0.39055794,0.351769912,0.636881209,0.456436931,0.421281216,0.464350453,Good
0.104234528,0.27826087,0.484978541,0.287610619,0.628586634,0.309492848,0.105320304,0.438578177,Good
0.104234528,0.111304348,0.330472103,0.369469027,0.561373864,0.067620286,0.168295331,0.482525902,Good
0.107491857,0.32173913,0.278969957,0.524336283,0.719653599,0.370611183,0.187839305,0.68677721,Moderate
0.166123779,0.08,0.412017167,0.353982301,0.584983287,0.020806242,0.398479913,0.588267433,Good
0.306188925,0.252173913,0.25751073,0.415929204,0.516350913,0.374512354,0.21606949,0.513103087,Moderate
0.244299674,0.271304348,0.244635193,0.402654867,0.75780604,0.460338101,0.574375679,0.518446408,Moderate
0.237785016,0.326956522,0.330472103,0.351769912,0.73533513,0.33029909,0.451682953,0.56641621,Moderate
0.127035831,0.165217391,0.334763948,0.376106195,0.584983287,0.496749025,0.391965255,0.657890156,Good
0.557003257,0.154782609,0.124463519,0.584070796,0.753982865,0.621586476,0.404994571,0.784425824,Poor
0.628664495,0.606956522,0.145922747,0.648230088,0.842015634,0.703511053,0.415852334,0.742618348,Hazardous
0.228013029,0.260869565,0.283261803,0.219026549,0.747479631,0.141742523,0.32247557,0.589436758,Moderate
0.06514658,0.220869565,0.39055794,0.199115044,0.630685915,0.524057217,0.286644951,0.539093529,Good
0.573289902,0.806956522,0.051502146,0.637168142,0.867850502,0.578673602,0.403908795,0.532749655,Hazardous
0.100977199,0.290434783,0.493562232,0.241150442,0.622182194,0.037711313,0.19218241,0.612332119,Good
0.684039088,0.55826087,0.064377682,0.741150442,0.841107331,0.622886866,0.44082519,0.621289967,Hazardous
0.107491857,0.262608696,0.527896996,0.183628319,0.632767917,0.197659298,0.439739414,0.392742086,Good
0.061889251,0.264347826,0.43776824,0.380530973,0.589943482,0.422626788,0.219326819,0.398085407,Good
0.13029316,0.111304348,0.321888412,0.216814159,0.620010834,0.358907672,0.136807818,0.511284807,Good
0.110749186,0.116521739,0.450643777,0.28539823,0.624335074,0.169050715,0.42019544,0.472537219,Good
0.364820847,0.365217391,0.223175966,0.466814159,0.760323094,0.517555267,0.444082519,0.745251184,Poor
0.449511401,0.584347826,0.107296137,0.630530973,0.822220811,0.659297789,0.743756786,0.816684172,Hazardous
0.28990228,0.346086957,0.154506438,0.486725664,0.640928685,0.289986996,0.243213898,0.411579123,Moderate
0.149837134,0.306086957,0.360515021,0.247787611,0.634832924,0.318595579,0.383279045,0.470237262,Good
0.127035831,0.252173913,0.420600858,0.311946903,0.640928685,0.167750325,0.484256243,0.437183437,Good
0.143322476,0.606956522,0.055793991,0.471238938,0.831840293,0.745123537,0.503800217,0.624176087,Poor
0.182410423,0.130434783,0.472103004,0.280973451,0.626469786,0.068920676,0.319218241,0.40664104,Good
0.143322476,0.27826087,0.326180258,0.254424779,0.663941077,0.381014304,0.308360478,0.563057416,Good
0.319218241,0.40173913,0.193133047,0.349557522,0.770148091,0.213263979,0.194353963,0.549666442,Moderate
0.605863192,0.695652174,0.072961373,0.513274336,0.840195756,0.526657997,0.727470141,0.667815385,Hazardous
0.280130293,0.285217391,0.13304721,0.460176991,0.669381327,0.429128739,0.336590662,0.561695494,Moderate
0.094462541,0.191304348,0.394849785,0.201327434,0.669381327,0.230169051,0.311617807,0.463148758,Good
0.110749186,0.146086957,0.416309013,0.263274336,0.608865337,0.243172952,0.04451683,0.451942017,Good
0.390879479,0.573913043,0.197424893,0.289823009,0.656500485,0.314694408,0.674267101,0.702964,Poor
0.208469055,0.292173913,0.115879828,0.455752212,0.663941077,0.248374512,0.521172638,0.545213782,Moderate
0.501628664,0.408695652,0.021459227,0.544247788,0.829945438,0.498049415,0.464712269,0.728558538,Hazardous
0.736156352,0.620869565,0.175965665,0.555309735,0.874316333,0.760728218,0.662323561,0.696480529,Hazardous
0.13029316,0.104347826,0.570815451,0.338495575,0.650772802,0.345903771,0.179153094,0.444047739,Good
0.482084691,0.304347826,0.248927039,0.5,0.875907293,0.351105332,0.378935939,0.753145463,Poor
0.267100977,0.227826087,0.154506438,0.39380531,0.765283289,0.278283485,0.214983713,0.579853956,Moderate
0.495114007,0.833043478,0.25751073,0.637168142,0.807068866,0.66319896,0.714440825,0.702356851,Hazardous
0.250814332,0.413913043,0.330472103,0.311946903,0.721120049,0.210663199,0.608034745,0.535950561,Moderate
0.117263844,0.193043478,0.484978541,0.225663717,0.654605631,0.263979194,0.169381107,0.64098616,Good
0.309446254,0.39826087,0.115879828,0.254424779,0.751401599,0.211963589,0.198697068,0.704171964,Moderate
0.436482085,0.615652174,0.094420601,0.342920354,0.654605631,0.527958388,0.685124864,0.670027443,Hazardous
0.25732899,0.285217391,0.124463519,0.488938053,0.626469786,0.282184655,0.251900109,0.427093383,Moderate
0.260586319,0.314782609,0.111587983,0.210176991,0.721120049,0.351105332,0.548317047,0.356686711,Moderate
0.28990228,0.189565217,0.128755365,0.314159292,0.822220811,0.373211964,0.286644951,0.574221758,Moderate
0.231270358,0.537391304,0.287553648,0.460176991,0.704501653,0.522756827,0.539630836,0.445388628,Moderate
0.234527687,0.314782609,0.13304721,0.420353982,0.690042754,0.576072822,0.484256243,0.653110656,Moderate
0.107491857,0.146086957,0.416309013,0.413716814,0.628586634,0.305591678,0.141150923,0.253280066,Good
0.16286645,0.325217391,0.360515021,0.234513274,0.636881209,0.100130039,0.09771987,0.367475536,Good
0.35504886,0.353043478,0.042918455,0.57079646,0.829945438,0.379713914,0.515743757,0.62888218,Poor
0.143322476,0.257391304,0.399141631,0.245575221,0.630685915,0.214564369,0.10640608,0.708040804,Good
0.543973941,0.354782609,0.214592275,0.561946903,0.80497826,0.342002601,0.362649294,0.69072384,Poor
0.286644951,0.32,0.13304721,0.404867257,0.660248137,0.469440832,0.399565689,0.519321192,Moderate
0.312703583,0.20173913,0.206008584,0.480088496,0.724027689,0.241872562,0.380021716,0.498977887,Moderate
0.309446254,0.553043478,0.042918455,0.526548673,0.846508858,0.321196359,0.606948969,0.475931025,Poor
0.390879479,0.452173913,0.077253219,0.564159292,0.816268493,0.508452536,0.425624321,0.574221758,Poor
0.557003257,0.514782609,0.103004292,0.657079646,0.935662901,0.77243173,0.723127036,0.601261516,Hazardous
0.117263844,0.125217391,0.394849785,0.203539823,0.561373864,0.124837451,0.251900109,0.632557328,Good
0.602605863,0.685217391,0.154506438,0.575221239,0.94488489,0.788036411,0.425624321,0.865849566,Hazardous
0.123778502,0.31826087,0.394849785,0.190265487,0.663941077,0.339401821,0.442996743,0.497004636,Good
0.214983713,0.276521739,0.231759657,0.407079646,0.732555301,0.638491547,0.261672096,0.582905779,Moderate
0.104234528,0.377391304,0.334763948,0.265486726,0.626469786,0.507152146,0.120521173,0.469075758,Good
0.583061889,0.379130435,0.098712446,0.418141593,0.785342053,0.66189857,0.305103149,0.694900498,Poor
0.48534202,0.44,0.030042918,0.511061947,0.870294597,0.516254876,0.905537459,0.781751383,Hazardous
0.120521173,0.085217391,0.360515021,0.278761062,0.696571165,0.204161248,0.421281216,0.497004636,Good
0.241042345,0.431304348,0.13304721,0.194690265,0.706058347,0.504551365,0.491856678,0.633915699,Moderate
0.589576547,0.565217391,0.111587983,0.601769912,0.794257932,0.422626788,0.390879479,0.647779954,Hazardous
0.094462541,0.19826087,0.360515021,0.165929204,0.608865337,0.301690507,0.241042345,0.557544438,Good
0.622149837,0.56,0.021459227,0.75,0.736713672,0.540962289,0.682953312,0.599070392,Hazardous
0.143322476,0.460869565,0.291845494,0.267699115,0.722578047,0.530559168,0.323561346,0.532749655,Moderate
0.188925081,0.375652174,0.163090129,0.402654867,0.746158679,0.313394018,0.533116178,0.525324306,Moderate
0.087947883,0.333913043,0.330472103,0.243362832,0.638913042,0.317295189,0.268186754,0.305241865,Good
0.35504886,0.426086957,0.180257511,0.376106195,0.787600657,0.163849155,0.380021716,0.781751383,Moderate
0.45276873,0.539130435,0.188841202,0.515486726,0.561373864,0.672301691,0.340933768,0.551125646,Poor
0.358306189,0.335652174,0.051502146,0.528761062,0.808107725,0.624187256,0.570032573,0.872139179,Poor
0.280130293,0.292173913,0.278969957,0.418141593,0.81425285,0.377113134,0.306188925,0.607148324,Poor
0.146579805,0.20173913,0.326180258,0.216814159,0.564108614,0.11183355,0.415852334,0.379595166,Good
0.302931596,0.227826087,0.128755365,0.488938053,0.709143286,0.282184655,0.288816504,0.754502065,Moderate
0.465798046,0.335652174,0.253218884,0.460176991,0.825145259,0.756827048,0.765472313,0.67999337,Hazardous
0.091205212,0.15826087,0.330472103,0.258849558,0.547238239,0.079323797,0.067318132,0.444047739,Good
0.283387622,0.262608696,0.180257511,0.263274336,0.713701281,0.146944083,0.307274701,0.47480711,Moderate
0.263843648,0.433043478,0.300429185,0.223451327,0.644912419,0.310793238,0.546145494,0.558939178,Moderate
0.071661238,0.255652174,0.716738197,0.199115044,0.617820675,0.310793238,0.403908795,0.497004636,Good
0.345276873,0.243478261,0.115879828,0.373893805,0.561373864,0.631989597,0.436482085,0.634815412,Moderate
0.107491857,0.293913043,0.450643777,0.289823009,0.574761214,0.041612484,0.239956569,0.483601102,Good
0.325732899,0.417391304,0.175965665,0.373893805,0.784205144,0.254876463,0.314875136,0.644416281,Moderate
0.462540717,0.370434783,0.13304721,0.303097345,0.718178599,0.481144343,0.437567861,0.513103087,Moderate
0.052117264,0.259130435,0.403433476,0.225663717,0.632767917,0.357607282,0.104234528,0.39983059,Good
0.495114007,0.266086957,0.060085837,0.466814159,0.972861809,0.634590377,0.771986971,0.540643934,Hazardous
0.276872964,0.344347826,0.278969957,0.508849558,0.648834387,0.291287386,0.31053203,0.76897179,Moderate
0.296416938,0.384347826,0.111587983,0.234513274,0.67116905,0.517555267,0.542888165,0.684432894,Moderate
0.328990228,0.446956522,0.137339056,0.491150442,0.630685915,0.182054616,0.123778502,0.602346796,Moderate
0.185667752,0.396521739,0.167381974,0.254424779,0.731153846,0.425227568,0.53854506,0.518446408,Moderate
0.410423453,0.459130435,0.115879828,0.303097345,0.681637932,0.343302991,0.229098806,0.606092733,Moderate
0.335504886,0.2,0.326180258,0.424778761,0.663941077,0.214564369,0.241042345,0.60016941,Moderate
0.2247557,0.373913043,0.111587983,0.491150442,0.762815349,0.44993498,0.572204126,0.753598842,Poor
0.140065147,0.300869565,0.364806867,0.234513274,0.569490985,0.21716515,0.431053203,0.337896048,Good
0.100977199,0.147826087,0.394849785,0.194690265,0.640928685,0.408322497,0.149837134,0.363240101,Good
0.390879479,0.485217391,0.180257511,0.451327434,0.519614982,0.384915475,0.535287731,0.761130512,Poor
0.123778502,0.062608696,0.339055794,0.236725664,0.674707036,0.100130039,0.293159609,0.536741652,Good
0.348534202,0.24173913,0.13304721,0.32079646,0.683341385,0.543563069,0.268186754,0.489916133,Moderate
0.384364821,0.59826087,0.124463519,0.588495575,0.80497826,0.507152146,0.52660152,0.7059683,Poor
0.622149837,0.51826087,0.120171674,0.646017699,0.75780604,0.689206762,0.441910966,0.780398555,Hazardous
0.312703583,0.365217391,0.137339056,0.530973451,0.889792833,0.317295189,0.719869707,0.629808285,Poor
0.394136808,0.349565217,0.158798283,0.349557522,0.597206044,0.469440832,0.451682953,0.824532965,Moderate
0.328990228,0.379130435,0.072961373,0.548672566,0.800744489,0.535760728,0.458197611,0.66595023,Poor
0.312703583,0.316521739,0.180257511,0.292035398,0.755263688,0.263979194,0.288816504,0.716091978,Moderate
0.195439739,0.243478261,0.35193133,0.389380531,0.702935321,0.180754226,0.647122693,0.643565082,Moderate
0.143322476,0.179130435,0.124463519,0.353982301,0.715202542,0.172951886,0.323561346,0.715246993,Moderate
0.100977199,0.227826087,0.47639485,0.216814159,0.632767917,0.478543563,0.406080347,0.416380652,Good
0.104234528,0.175652174,0.399141631,0.207964602,0.584983287,0.487646294,0.213897937,0.450650976,Good
0.25732899,0.259130435,0.141630901,0.415929204,0.646881004,0.410923277,0.295331162,0.390923806,Moderate
0.104234528,0.253913043,0.467811159,0.347345133,0.67116905,0.491547464,0.120521173,0.358898769,Good
0.136807818,0.384347826,0.626609442,0.316371681,0.630685915,0.533159948,0.2247557,0.404963305,Good
0.084690554,0.187826087,0.339055794,0.128318584,0.681637932,0.250975293,0.39630836,0.401558407,Good
0.381107492,0.48,0.068669528,0.367256637,0.798600732,0.690507152,0.555917481,0.706265891,Poor
0.491856678,0.292173913,0.180257511,0.442477876,0.778442666,0.697009103,0.414766558,0.639245351,Poor
0.153094463,0.114782609,0.403433476,0.256637168,0.628586634,0.404421326,0.028230185,0.568400737,Good
0.517915309,0.412173913,0.008583691,0.579646018,0.865382561,0.383615085,0.478827362,0.789285937,Hazardous
0.403908795,0.393043478,0.291845494,0.438053097,0.646881004,0.474642393,0.549402823,0.385351855,Poor
0.345276873,0.473043478,0.128755365,0.568584071,0.729744584,0.547464239,0.476655809,0.527834868,Moderate
0.140065147,0.193043478,0.369098712,0.232300885,0.592387577,0.066319896,0.4082519,0.448039736,Good
0.550488599,0.455652174,0.0472103,0.482300885,0.715202542,0.425227568,0.653637351,0.488879448,Poor
0.074918567,0.306086957,0.326180258,0.168141593,0.622182194,0.041612484,0.37567861,0.425602866,Good
0.087947883,0.196521739,0.339055794,0.35619469,0.699773256,0.256176853,0.080347448,0.595730978,Good
0.592833876,0.488695652,0.042918455,0.309734513,0.812221017,0.836150845,0.471226927,0.446719241,Hazardous
0.068403909,0.123478261,0.47639485,0.360619469,0.638913042,0.11313394,0.46145494,0.497994065,Good
0.488599349,0.643478261,0.081545064,0.39159292,0.790951194,0.379713914,0.543973941,0.79966118,Poor
0.270358306,0.419130435,0.128755365,0.460176991,0.831840293,0.472041612,0.490770901,0.647779954,Moderate
0.143322476,0.309565217,0.330472103,0.097345133,0.632767917,0.239271782,0.274701412,0.385351855,Good
0.149837134,0.173913043,0.519313305,0.238938053,0.716694947,0.312093628,0.196525516,0.349876261,Good
0.328990228,0.382608696,0.128755365,0.382743363,0.709143286,0.33810143,0.432138979,0.523630202,Moderate
0.127035831,0.156521739,0.570815451,0.225663717,0.667580879,0.234070221,0.079261672,0.42258289,Good
0.723127036,0.419130435,0.004291845,0.60840708,0.538361473,0.650195059,0.39630836,0.866559768,Hazardous
0.071661238,0.139130435,0.356223176,0.022123894,0.550129263,0.387516255,0.10640608,0.680338931,Good
0.254071661,0.333913043,0.145922747,0.524336283,0.729744584,0.547464239,0.570032573,0.548932216,Moderate
0.068403909,0.285217391,0.630901288,0.351769912,0.667580879,0.498049415,0.243213898,0.325027627,Good
0.45276873,0.420869565,0.060085837,0.471238938,0.832782424,0.793237971,0.479913138,0.651079706,Poor
0.081433225,0.273043478,0.459227468,0.14380531,0.648834387,0.349804941,0.453854506,0.58590489,Good
0.117263844,0.132173913,0.394849785,0.32079646,0.654605631,0.518855657,0.163952226,0.325027627,Good
0.094462541,0.125217391,0.47639485,0.265486726,0.707605519,0.284785436,0.491856678,0.65067065,Good
0.524429967,0.546086957,0.300429185,0.597345133,0.67992293,0.534460338,0.601520087,0.535155849,Poor
0.684039088,0.459130435,0.137339056,0.577433628,0.862054068,0.638491547,0.508143322,0.764352204,Poor
0.078175896,0.248695652,0.510729614,0.265486726,0.630685915,0.260078023,0.141150923,0.499956167,Good
0.358306189,0.233043478,0.184549356,0.35840708,0.694954789,0.156046814,0.496199783,0.510368476,Moderate
0.228013029,0.340869565,0.210300429,0.309734513,0.831840293,0.420026008,0.344191097,0.653916431,Moderate
0.648208469,0.765217391,0.214592275,0.407079646,0.841107331,0.864759428,0.462540717,0.825283698,Hazardous
0.449511401,0.271304348,0.145922747,0.601769912,0.640928685,0.405721717,0.268186754,0.663685273,Poor
0.087947883,0.092173913,0.343347639,0.258849558,0.529161846,0.118335501,0.324647123,0.417952103,Good
0.384364821,0.56173913,0.386266094,0.362831858,0.587475542,0.539661899,0.489685125,0.617861056,Poor
0.299674267,0.419130435,0.068669528,0.449115044,0.751401599,0.694408322,0.720955483,0.726718234,Poor
0.351791531,0.415652174,0.103004292,0.362831858,0.783063102,0.6710013,0.577633008,0.698357782,Poor
0.283387622,0.396521739,0.214592275,0.334070796,0.729744584,0.511053316,0.519001086,0.576747537,Moderate
0.117263844,0.166956522,0.347639485,0.274336283,0.721120049,0.2236671,0.11834962,0.47480711,Good
0.413680782,0.290434783,0.081545064,0.528761062,0.725469071,0.414824447,0.429967427,0.622739023,Poor
0.114006515,0.253913043,0.416309013,0.238938053,0.611134068,0.172951886,0.35504886,0.455758527,Good
0.133550489,0.193043478,0.386266094,0.451327434,0.577355718,0.364109233,0.351791531,0.483601102,Good
0.543973941,0.533913043,0.072961373,0.550884956,0.773736263,0.240572172,0.404994571,0.595168111,Poor
0.32247557,0.405217391,0.188841202,0.380530973,0.764052329,0.343302991,0.513572204,0.751090477,Moderate
0.335504886,0.386086957,0.107296137,0.446902655,0.731153846,0.511053316,0.688382193,0.746434858,Poor
0.273615635,0.384347826,0.120171674,0.373893805,0.611134068,0.594278283,0.349619978,0.494002068,Moderate
0.231270358,0.32173913,0.137339056,0.407079646,0.710671761,0.520156047,0.515743757,0.640552591,Moderate
0.022801303,0.233043478,0.356223176,0.243362832,0.54135514,0.313394018,0.023887079,0.432930713,Good
0.48534202,0.44173913,0.08583691,0.590707965,0.840195756,0.583875163,0.32247557,0.603425335,Poor
0.117263844,0.245217391,0.347639485,0.212389381,0.604265903,0.098829649,0.158523344,0.485731732,Good
0.048859935,0.292173913,0.446351931,0.305309735,0.628586634,0.149544863,0.207383279,0.553291714,Good
0.100977199,0.227826087,0.330472103,0.287610619,0.620010834,0.048114434,0.09771987,0.349876261,Good
0.410423453,0.286956522,0.296137339,0.566371681,0.756538058,0.811443433,0.425624321,0.652706362,Poor
0.319218241,0.492173913,0.175965665,0.413716814,0.725469071,0.429128739,0.184581976,0.569711265,Moderate
0.325732899,0.306086957,0.068669528,0.53539823,0.786473876,0.754226268,0.484256243,0.511284807,Poor
0.361563518,0.384347826,0.094420601,0.550884956,0.843822512,0.518855657,0.578718784,0.587090179,Poor
0.736156352,0.495652174,0.150214592,0.730088496,0.786473876,0.764629389,0.719869707,0.539870462,Hazardous
0.13029316,0.16173913,0.356223176,0.349557522,0.604265903,0.516254876,0.372421281,0.387229109,Good
0.136807818,0.15826087,0.532188841,0.373893805,0.652696476,0.154746424,0.266015201,0.435777404,Good
0.270358306,0.212173913,0.433476395,0.278761062,0.721120049,0.407022107,0.434310532,0.770621629,Moderate
0.123778502,0.316521739,0.39055794,0.090707965,0.589943482,0.412223667,0.230184582,0.467906432,Good
0.371335505,0.253913043,0.188841202,0.311946903,0.795350642,0.240572172,0.394136808,0.371610117,Moderate
0.586319218,0.354782609,0.52360515,0.561946903,0.796438651,0.77373212,0.427795874,0.860183476,Hazardous
0.127035831,0.092173913,0.502145923,0.225663717,0.678196221,0.197659298,0.154180239,0.275961506,Good
0.589576547,0.492173913,0.244635193,0.488938053,0.736713672,0.741222367,0.287730727,0.766677359,Poor
0.084690554,0.116521739,0.343347639,0.230088496,0.601934441,0.383615085,0.153094463,0.498977887,Good
0.13029316,0.203478261,0.39055794,0.300884956,0.67116905,0.301690507,0.464712269,0.264990855,Good
0.09771987,0.144347826,0.326180258,0.219026549,0.632767917,0.300390117,0.174809989,0.55963237,Good
0.058631922,0.059130435,0.373390558,0.154867257,0.613382633,0.517555267,0.315960912,0.403269202,Good
0.566775244,0.293913043,0.283261803,0.637168142,0.638913042,0.56046814,0.519001086,0.58229969,Poor
0.117263844,0.191304348,0.373390558,0.298672566,0.622182194,0.074122237,0.247557003,0.387229109,Good
0.254071661,0.35826087,0.206008584,0.39380531,0.646881004,0.55656697,0.300760043,0.622257347,Moderate
0.244299674,0.373913043,0.115879828,0.32300885,0.801809594,0.301690507,0.390879479,0.444047739,Moderate
0.110749186,0.342608696,0.373390558,0.294247788,0.67116905,0.061118336,0.401737242,0.5311268,Good
0.54723127,0.627826087,0.004291845,0.615044248,0.874316333,0.397919376,0.507057546,0.567080242,Hazardous
0.335504886,0.532173913,0.064377682,0.590707965,0.794257932,0.511053316,0.372421281,0.594036874,Poor
0.110749186,0.088695652,0.450643777,0.185840708,0.574761214,0.565669701,0.076004343,0.503815086,Good
0.107491857,0.208695652,0.446351931,0.316371681,0.604265903,0.176853056,0.406080347,0.503815086,Good
0.140065147,0.28,0.364806867,0.283185841,0.654605631,0.451235371,0.214983713,0.542943891,Good
0.446254072,0.31826087,0.21888412,0.462389381,0.796438651,0.464239272,0.249728556,0.619338888,Moderate
0.087947883,0.283478261,0.360515021,0.353982301,0.650772802,0.101430429,0.502714441,0.39983059,Good
0.25732899,0.391304348,0.30472103,0.294247788,0.706058347,0.417425228,0.201954397,0.367475536,Moderate
0.442996743,0.579130435,0.103004292,0.716814159,1,0.833550065,0.963083605,0.657496851,Hazardous
0.416938111,0.304347826,0.124463519,0.274336283,0.800744489,0.676202861,0.435396308,0.726453734,Moderate
0.185667752,0.27826087,0.343347639,0.309734513,0.667580879,0.315994798,0.421281216,0.375648537,Good
0.039087948,0.292173913,0.412017167,0.203539823,0.564108614,0.283485046,0.221498371,0.322335415,Good
0.296416938,0.726956522,0.008583691,0.223451327,0.886772356,0.77243173,0.435396308,0.69897905,Hazardous
0.117263844,0.144347826,0.369098712,0.236725664,0.701359229,0.072821847,0.167209555,0.651079706,Good
0.110749186,0.151304348,0.446351931,0.245575221,0.532265712,0.104031209,0.094462541,0.494002068,Good
0.094462541,0.219130435,0.532188841,0.283185841,0.608865337,0.132639792,0.230184582,0.282908201,Good
0.358306189,0.330434783,0.278969957,0.345132743,0.710671761,0.148244473,0.156351792,0.521057648,Moderate
0.237785016,0.306086957,0.163090129,0.380530973,0.725469071,0.215864759,0.212812161,0.553291714,Moderate
0.345276873,0.415652174,0.17167382,0.342920354,0.732555301,0.435630689,0.515743757,0.628417269,Moderate
0.247557003,0.276521739,0.240343348,0.411504425,0.733949034,0.308192458,0.276872964,0.535155849,Moderate
0.446254072,0.462608696,0.090128755,0.57300885,0.854400856,0.56046814,0.469055375,0.663685273,Poor
0.182410423,0.252173913,0.253218884,0.42699115,0.768940633,0.267880364,0.254071661,0.480355321,Moderate
0.140065147,0.226086957,0.463519313,0.238938053,0.622182194,0.167750325,0.292073833,0.540643934,Good
0.648208469,0.370434783,0.051502146,0.482300885,0.683341385,0.605981795,0.340933768,0.664443546,Poor
0.400651466,0.387826087,0.081545064,0.39380531,0.850046844,0.306892068,0.586319218,0.595168111,Poor
0.550488599,0.455652174,0.081545064,0.334070796,0.840195756,0.749024707,0.653637351,0.730120565,Poor
0.061889251,0.213913043,0.356223176,0.265486726,0.597206044,0.067620286,0.124864278,0.403269202,Good
0.583061889,0.526956522,0.038626609,0.639380531,0.592387577,0.302990897,0.657980456,0.495008704,Poor
0.127035831,0.172173913,0.450643777,0.261061947,0.685033444,0.154746424,0.195439739,0.289587648,Good
0.127035831,0.109565217,0.373390558,0.256637168,0.638913042,0.228868661,0.25732899,0.286280039,Good
0.309446254,0.309565217,0.266094421,0.340707965,0.683341385,0.591677503,0.359391965,0.501896346,Moderate
0.403908795,0.448695652,0.077253219,0.453539823,0.743495898,0.639791938,0.635179153,0.484669685,Poor
0.136807818,0.245217391,0.39055794,0.199115044,0.636881209,0.22756827,0.114006515,0.369555132,Good
0.35504886,0.243478261,0.098712446,0.517699115,0.806025722,0.370611183,0.389793702,0.873959843,Poor
0.299674267,0.28,0.175965665,0.457964602,0.761572291,0.492847854,0.433224756,0.606621331,Moderate
0.091205212,0.259130435,0.330472103,0.382743363,0.68671426,0.356306892,0.231270358,0.313998891,Good
0.273615635,0.47826087,0.158798283,0.484513274,0.630685915,0.647594278,0.572204126,0.599620771,Moderate
0.026058632,0.314782609,0.43776824,0.32300885,0.654605631,0.286085826,0.360477742,0.455758527,Good
0.081433225,0.20173913,0.339055794,0.152654867,0.646881004,0.22236671,0.176981542,0.345182888,Good
0.283387622,0.396521739,0.111587983,0.380530973,0.688383982,0.622886866,0.521172638,0.417952103,Moderate
0.068403909,0.179130435,0.412017167,0.342920354,0.617820675,0.140442133,0.286644951,0.430036576,Good
0.068403909,0.243478261,0.472103004,0.234513274,0.617820675,0.512353706,0.05320304,0.518446408,Good
0.416938111,0.220869565,0.270386266,0.336283186,0.803926442,0.609882965,0.570032573,0.442696415,Moderate
0.110749186,0.15826087,0.399141631,0.205752212,0.617820675,0.453836151,0.121606949,0.421052975,Good
0.364820847,0.28,0.115879828,0.307522124,0.68671426,0.460338101,0.432138979,0.712400302,Moderate
0.140065147,0.285217391,0.463519313,0.219026549,0.642928394,0.470741222,0.320304017,0.430036576,Good
0.110749186,0.252173913,0.326180258,0.353982301,0.628586634,0.102730819,0.418023887,0.514902525,Good
0.521172638,0.372173913,0.214592275,0.524336283,0.831840293,0.629388817,0.528773073,0.70745118,Poor
0.348534202,0.537391304,0.210300429,0.415929204,0.755263688,0.339401821,0.51465798,0.486787324,Moderate
0.319218241,0.335652174,0.223175966,0.389380531,0.698177277,0.353706112,0.383279045,0.666324867,Moderate
0.283387622,0.306086957,0.330472103,0.457964602,0.729744584,0.353706112,0.344191097,0.517567195,Moderate
0.263843648,0.259130435,0.128755365,0.192477876,0.762815349,0.392717815,0.252985885,0.714397875,Moderate
0.475570033,0.773913043,0.248927039,0.617256637,0.879841461,0.591677503,0.445168295,0.590598263,Hazardous
0.439739414,0.426086957,0.08583691,0.539823009,0.801809594,0.569570871,0.727470141,0.752690896,Poor
0.081433225,0.15826087,0.347639485,0.274336283,0.678196221,0.431729519,0.168295331,0.60016941,Good
0.146579805,0.135652174,0.510729614,0.170353982,0.519614982,0.163849155,0.146579805,0.409948649,Good
0.127035831,0.276521739,0.326180258,0.128318584,0.626469786,0.265279584,0.160694897,0.444047739,Good
0.478827362,0.285217391,0.103004292,0.796460177,0.656500485,0.746423927,0.555917481,0.876544049,Poor
0.403908795,0.389565217,0.081545064,0.546460177,0.813238973,0.710013004,0.802388708,0.459492956,Poor
0.214983713,0.617391304,0.107296137,0.584070796,0.807068866,0.478543563,0.331161781,0.578618049,Poor
0.267100977,0.292173913,0.163090129,0.300884956,0.729744584,0.180754226,0.557003257,0.519321192,Moderate
0.364820847,0.497391304,0.193133047,0.272123894,0.729744584,0.572171651,0.297502714,0.688432554,Moderate
0.511400651,0.523478261,0.115879828,0.373893805,0.796438651,0.603381014,0.610206298,0.477047712,Poor
0.214983713,0.502608696,0.124463519,0.415929204,0.550129263,0.55786736,0.213897937,0.599620771,Moderate
0.09771987,0.086956522,0.429184549,0.203539823,0.67992293,0.342002601,0.255157438,0.40830272,Good
0.28990228,0.464347826,0.309012876,0.420353982,0.721120049,0.55006502,0.426710098,0.58229969,Moderate
0.156351792,0.316521739,0.429184549,0.298672566,0.712191056,0.514954486,0.21606949,0.629808285,Good
0.107491857,0.231304348,0.330472103,0.210176991,0.652696476,0.520156047,0.466883822,0.59346848,Good
0.563517915,0.429565217,0.060085837,0.515486726,0.823199389,0.633289987,0.684039088,0.525324306,Poor
0.7752443,0.766956522,0.17167382,0.477876106,0.869482519,0.572171651,0.534201954,0.521057648,Hazardous
0.338762215,0.328695652,0.137339056,0.216814159,0.779605711,0.265279584,0.388707926,0.740678168,Moderate
0.205211726,0.290434783,0.115879828,0.219026549,0.681637932,0.455136541,0.239956569,0.373641067,Moderate
0.456026059,0.391304348,0.13304721,0.482300885,0.871104075,0.293888166,0.373507058,0.605562521,Poor
0.094462541,0.113043478,0.43776824,0.232300885,0.676457644,0.208062419,0.483170467,0.272381086,Good
0.127035831,0.146086957,0.47639485,0.294247788,0.606576074,0.11443433,0.283387622,0.500928966,Good
0.156351792,0.227826087,0.420600858,0.336283186,0.636881209,0.395318596,0.317046688,0.663304892,Good
0.260586319,0.389565217,0.111587983,0.438053097,0.73533513,0.187256177,0.565689468,0.495008704,Moderate
0.498371336,0.629565217,0.150214592,0.696902655,0.794257932,0.574772432,0.701411509,0.590018482,Hazardous
0.169381107,0.08173913,0.339055794,0.276548673,0.662101346,0.388816645,0.290988056,0.392742086,Good
0.100977199,0.292173913,0.356223176,0.185840708,0.650772802,0.357607282,0.407166124,0.481444003,Good
0.537459283,0.434782609,0.107296137,0.548672566,0.667580879,0.351105332,0.298588491,0.758949023,Poor
0.439739414,0.47826087,0.240343348,0.349557522,0.622182194,0.283485046,0.264929425,0.610793164,Moderate
0.381107492,0.394782609,0.128755365,0.289823009,0.740804789,0.589076723,0.324647123,0.464350453,Moderate
0.201954397,0.622608696,0.064377682,0.561946903,0.68671426,0.492847854,0.672095548,0.450650976,Poor
0.615635179,0.540869565,0.064377682,0.752212389,0.766508289,0.578673602,0.312703583,0.764777282,Poor
0.439739414,0.286956522,0.0472103,0.495575221,0.802870232,0.473342003,0.400651466,0.614363068,Poor
0.306188925,0.474782609,0.261802575,0.420353982,0.736713672,0.687906372,0.262757872,0.419509461,Moderate
0.100977199,0.086956522,0.592274678,0.17699115,0.597206044,0.301690507,0.438653637,0.546710724,Good
0.283387622,0.260869565,0.111587983,0.307522124,0.750101021,0.488946684,0.346362649,0.682738791,Moderate
0.071661238,0.365217391,0.334763948,0.314159292,0.622182194,0.524057217,0.191096634,0.425602866,Good
0.429967427,0.563478261,0.090128755,0.615044248,0.706058347,0.344603381,0.69815418,0.625127565,Poor
0.293159609,0.28,0.180257511,0.376106195,0.846508858,0.527958388,0.673181325,0.601261516,Moderate
0.127035831,0.330434783,0.347639485,0.132743363,0.569490985,0.361508453,0.261672096,0.514902525,Good
0.592833876,0.300869565,0.214592275,0.400442478,0.832782424,0.745123537,0.335504886,0.47925977,Poor
0.32247557,0.246956522,0.124463519,0.318584071,0.52283747,0.604681404,0.513572204,0.60016941,Moderate
0.094462541,0.095652174,0.326180258,0.219026549,0.638913042,0.074122237,0.279044517,0.421052975,Good
0.32247557,0.311304348,0.141630901,0.190265487,0.683341385,0.314694408,0.321389794,0.442696415,Moderate
0.078175896,0.16,0.502145923,0.349557522,0.662101346,0.133940182,0.17155266,0.305241865,Good
0.28990228,0.368695652,0.227467811,0.495575221,0.766508289,0.525357607,0.385450597,0.618847673,Moderate
0.127035831,0.28,0.364806867,0.272123894,0.594808283,0.295188557,0.400651466,0.136911062,Good
0.120521173,0.132173913,0.699570815,0.17920354,0.665767524,0.240572172,0.233441911,0.296019651,Good
0.205211726,0.459130435,0.248927039,0.342920354,0.726902286,0.325097529,0.486427796,0.466729178,Moderate
0.250814332,0.469565217,0.150214592,0.46460177,0.694954789,0.5526658,0.427795874,0.5157953,Moderate
0.136807818,0.165217391,0.330472103,0.225663717,0.613382633,0.319895969,0.193268187,0.425602866,Good
0.081433225,0.11826087,0.394849785,0.092920354,0.678196221,0.524057217,0.109663409,0.489916133,Good
0.237785016,0.267826087,0.30472103,0.35619469,0.773736263,0.655396619,0.533116178,0.527002041,Moderate
0.120521173,0.373913043,0.39055794,0.274336283,0.693328019,0.276983095,0.321389794,0.563734392,Good
0.228013029,0.342608696,0.115879828,0.338495575,0.761572291,0.287386216,0.654723127,0.467906432,Moderate
0.06514658,0.215652174,0.454935622,0.274336283,0.615611387,0.149544863,0.347448426,0.572944957,Good
0.570032573,0.686956522,0.0472103,0.71460177,0.779605711,0.55916775,0.413680782,0.796153096,Hazardous
0.618892508,0.406956522,0.231759657,0.721238938,0.787600657,0.514954486,0.478827362,0.6465262,Hazardous
0.309446254,0.309565217,0.201716738,0.280973451,0.597206044,0.397919376,0.245385451,0.610793164,Moderate
0.342019544,0.419130435,0.244635193,0.446902655,0.774921098,0.348504551,0.157437568,0.605030686,Moderate
0.143322476,0.304347826,0.467811159,0.101769912,0.630685915,0.055916775,0.188925081,0.5157953,Good
0.25732899,0.255652174,0.137339056,0.369469027,0.652696476,0.508452536,0.49402823,0.79490833,Moderate
0.504885993,0.316521739,0.068669528,0.581858407,0.710671761,0.486345904,0.501628664,0.445388628,Poor
0.068403909,0.335652174,0.330472103,0.243362832,0.650772802,0.167750325,0.03257329,0.401558407,Good
0.394136808,0.233043478,0.124463519,0.280973451,0.718178599,0.244473342,0.450597177,0.478157263,Moderate
0.83713355,0.551304348,0.412017167,0.340707965,0.799674882,0.66449935,0.732899023,0.565080478,Hazardous
0.364820847,0.539130435,0.08583691,0.663716814,0.721120049,0.340702211,0.331161781,0.56440874,Poor
0.42019544,0.52173913,0.278969957,0.455752212,0.767727385,0.33289987,0.502714441,0.844281684,Poor
0.488599349,0.495652174,0.145922747,0.637168142,0.753982865,0.643693108,0.60369164,0.441334493,Poor
0.188925081,0.125217391,0.197424893,0.294247788,0.617820675,0.595578674,0.163952226,0.626545076,Moderate
0.309446254,0.266086957,0.291845494,0.528761062,0.724027689,0.512353706,0.271444083,0.745488565,Moderate
0.540716612,0.393043478,0.055793991,0.294247788,0.729744584,0.681404421,0.613463626,0.504766564,Poor
0.488599349,0.4,0.038626609,0.601769912,0.712191056,0.715214564,0.170466884,0.605562521,Poor
0.234527687,0.302608696,0.128755365,0.712389381,0.770148091,0.286085826,0.503800217,0.584711454,Poor
0.195439739,0.234782609,0.326180258,0.088495575,0.654605631,0.387516255,0.285559175,0.445388628,Good
0.762214984,0.525217391,0.077253219,0.349557522,0.811198947,0.651495449,0.829533116,0.643991203,Hazardous
0.599348534,0.660869565,0.051502146,0.553097345,0.806025722,0.583875163,0.561346363,0.724323103,Hazardous
0.107491857,0.144347826,0.343347639,0.252212389,0.626469786,0.435630689,0.112920738,0.335397527,Good
0.319218241,0.366956522,0.094420601,0.469026549,0.829945438,0.230169051,0.377850163,0.536741652,Poor
0.407166124,0.333913043,0.244635193,0.415929204,0.615611387,0.362808843,0.739413681,0.588267433,Poor
0.2247557,0.224347826,0.17167382,0.353982301,0.798600732,0.322496749,0.148751357,0.763926083,Moderate
0.09771987,0.067826087,0.35193133,0.300884956,0.656500485,0.118335501,0.08577633,0.451942017,Good
0.306188925,0.344347826,0.107296137,0.418141593,0.753982865,0.22756827,0.19218241,0.660618629,Moderate
0.302931596,0.269565217,0.167381974,0.513274336,0.642928394,0.287386216,0.606948969,0.531940124,Poor
0.211726384,0.412173913,0.193133047,0.272123894,0.685033444,0.433029909,0.309446254,0.588267433,Moderate
0.123778502,0.193043478,0.377682403,0.365044248,0.615611387,0.418725618,0.238870793,0.349876261,Good
0.381107492,0.587826087,0.055793991,0.566371681,0.742153922,0.538361508,0.250814332,0.642280409,Poor
0.429967427,0.490434783,0.068669528,0.597345133,0.837441153,0.351105332,0.68946797,0.381535345,Poor
0.319218241,0.523478261,0.055793991,0.365044248,0.736713672,0.531859558,0.504885993,0.571011977,Poor
0.768729642,0.742608696,0.090128755,0.548672566,0.642928394,0.737321196,0.867535288,1,Hazardous
0.117263844,0.316521739,0.339055794,0.132743363,0.696571165,0.263979194,0.003257329,0.427093383,Good
0.38762215,0.528695652,0.184549356,0.433628319,0.834656224,0.602080624,0.466883822,0.553291714,Poor
0.09771987,0.299130435,0.369098712,0.247787611,0.636881209,0.405721717,0.184581976,0.342787758,Good
0.530944625,0.427826087,0.072961373,0.435840708,0.867030527,0.518855657,0.600434311,0.56237779,Poor
0.42019544,0.509565217,0.021459227,0.60619469,0.638913042,0.730819246,0.771986971,0.635263526,Hazardous
0.309446254,0.349565217,0.356223176,0.340707965,0.628586634,0.455136541,0.447339848,0.655118126,Moderate
0.390879479,0.586086957,0.184549356,0.761061947,0.739448421,0.469440832,0.413680782,0.720530411,Poor
0.120521173,0.326956522,0.429184549,0.28539823,0.678196221,0.063719116,0.312703583,0.545963866,Good
0.260586319,0.516521739,0.034334764,0.413716814,0.742153922,0.713914174,0.524429967,0.475931025,Poor
0.263843648,0.132173913,0.163090129,0.39159292,0.746158679,0.381014304,0.48534202,0.56237779,Moderate
0.218241042,0.426086957,0.137339056,0.433628319,0.681637932,0.191157347,0.264929425,0.596851267,Moderate
0.517915309,0.490434783,0.13304721,0.39159292,0.811198947,0.390117035,0.460369164,0.735479593,Poor
0.765472313,0.420869565,0.193133047,0.533185841,0.584983287,0.436931079,0.523344191,0.625601355,Poor
0.270358306,0.499130435,0.300429185,0.407079646,0.67116905,0.648894668,0.15092291,0.512196327,Moderate
0.299674267,0.333913043,0.038626609,0.413716814,0.856121692,0.77243173,0.5917481,0.740434115,Poor
0.566775244,0.337391304,0.128755365,0.442477876,0.793160482,0.565669701,0.657980456,0.570362839,Poor
0.175895765,0.497391304,0.141630901,0.331858407,0.715202542,0.44473342,0.486427796,0.532749655,Moderate
0.475570033,0.577391304,0.330472103,0.522123894,0.780763433,0.630689207,0.657980456,0.568400737,Poor
0.416938111,0.44,0.163090129,0.303097345,0.863723789,0.654096229,0.823018458,0.601261516,Poor
0.188925081,0.335652174,0.360515021,0.283185841,0.67116905,0.156046814,0.263843648,0.50665402,Good
0.273615635,0.380869565,0.347639485,0.353982301,0.698177277,0.282184655,0.198697068,0.488879448,Moderate
0.550488599,0.707826087,0.072961373,0.400442478,0.776100409,0.794538362,0.340933768,0.67999337,Poor
0.084690554,0.194782609,0.334763948,0.303097345,0.642928394,0.159947984,0.001085776,0.496009538,Good
0.166123779,0.283478261,0.321888412,0.446902655,0.606576074,0.525357607,0.116178067,0.547454384,Moderate
0.182410423,0.224347826,0.141630901,0.484513274,0.606576074,0.182054616,0.19218241,0.664064824,Moderate
0.09771987,0.128695652,0.321888412,0.205752212,0.622182194,0.176853056,0.247557003,0.543703823,Good
0.459283388,0.410434783,0.098712446,0.438053097,0.807068866,0.801040312,0.44082519,0.554007774,Poor
0.100977199,0.299130435,0.360515021,0.292035398,0.561373864,0.33289987,0.342019544,0.358898769,Good
0.140065147,0.163478261,0.339055794,0.212389381,0.628586634,0.166449935,0.333333333,0.451942017,Good
0.48534202,0.52,0.068669528,0.727876106,0.837441153,0.566970091,0.597176982,0.689090298,Hazardous
0.107491857,0.330434783,0.399141631,0.232300885,0.638913042,0.295188557,0.084690554,0.383454086,Good
0.078175896,0.059130435,0.386266094,0.234513274,0.628586634,0.348504551,0.211726384,0.396322506,Good
0.068403909,0.285217391,0.334763948,0.407079646,0.693328019,0.179453836,0.351791531,0.455758527,Good
0.114006515,0.123478261,0.364806867,0.32079646,0.644912419,0.253576073,0.270358306,0.358898769,Good
0.273615635,0.44173913,0.214592275,0.378318584,0.731153846,0.361508453,0.376764387,0.60016941,Moderate
0.54723127,0.594782609,0.309012876,0.621681416,0.861215056,0.573472042,0.761129207,0.495008704,Hazardous
0.231270358,0.276521739,0.124463519,0.404867257,0.660248137,0.491547464,0.191096634,0.628417269,Moderate
0.338762215,0.554782609,0.128755365,0.60840708,0.772545852,0.360208062,0.363735071,0.694582759,Poor
0.055374593,0.090434783,0.35193133,0.219026549,0.663941077,0.22626788,0.141150923,0.630729477,Good
0.143322476,0.069565217,0.360515021,0.161504425,0.620010834,0.024707412,0.382193268,0.409948649,Good
0.081433225,0.229565217,0.369098712,0.188053097,0.676457644,0.396618986,0.242128122,0.33286253,Good
0.596091205,0.732173913,0.064377682,0.842920354,0.855262737,0.713914174,0.614549403,0.571658697,Hazardous
0.185667752,0.133913043,0.326180258,0.241150442,0.634832924,0.256176853,0.447339848,0.394541525,Good
0.524429967,0.565217391,0.064377682,0.473451327,0.736713672,0.453836151,0.348534202,0.750630493,Poor
0.104234528,0.245217391,0.326180258,0.349557522,0.558609226,0.126137841,0.460369164,0.56641621,Good
0.136807818,0.165217391,0.35193133,0.272123894,0.67992293,0.345903771,0.169381107,0.535155849,Good
0.32247557,0.253913043,0.094420601,0.57300885,0.813238973,0.500650195,0.231270358,0.711825321,Poor
0.381107492,0.819130435,0.008583691,0.422566372,0.886772356,0.477243173,0.667752443,0.800181332,Hazardous
0.133550489,0.173913043,0.35193133,0.35840708,0.660248137,0.214564369,0.391965255,0.356686711,Good
0.517915309,0.530434783,0.064377682,0.409292035,0.676457644,0.638491547,0.390879479,0.777857852,Poor
0.120521173,0.236521739,0.339055794,0.296460177,0.690042754,0.543563069,0.152008686,0.373641067,Good
0.234527687,0.266086957,0.407725322,0.278761062,0.650772802,0.175552666,0.476655809,0.587679804,Moderate
0.351791531,0.28173913,0.493562232,0.369469027,0.818268202,0.634590377,0.515743757,0.489916133,Moderate
0.876221498,0.662608696,0.163090129,0.455752212,0.788722441,0.537061118,0.425624321,0.706265891,Hazardous
0.358306189,0.302608696,0.13304721,0.555309735,0.710671761,0.161248375,0.214983713,0.608719776,Moderate
0.469055375,0.551304348,0.038626609,0.710176991,0.806025722,0.875162549,0.530944625,0.507590109,Hazardous
0.244299674,0.380869565,0.180257511,0.389380531,0.707605519,0.55006502,0.447339848,0.704472647,Moderate
0.061889251,0.126956522,0.364806867,0.256637168,0.658381251,0.130039012,0.449511401,0.337896048,Good
0.087947883,0.227826087,0.39055794,0.298672566,0.681637932,0.102730819,0.267100977,0.352176218,Good
0.195439739,0.184347826,0.403433476,0.254424779,0.654605631,0.148244473,0.235613464,0.313998891,Good
0.342019544,0.271304348,0.137339056,0.502212389,0.712191056,0.167750325,0.208469055,0.505712856,Moderate
0.166123779,0.215652174,0.206008584,0.349557522,0.779605711,0.55916775,0.580890337,0.771644874,Moderate
0.293159609,0.264347826,0.120171674,0.508849558,0.696571165,0.513654096,0.456026059,0.706265891,Moderate
0.133550489,0.328695652,0.510729614,0.296460177,0.656500485,0.397919376,0.064060803,0.470237262,Good
0.312703583,0.473043478,0.124463519,0.362831858,0.774921098,0.413524057,0.524429967,0.472537219,Moderate
0.179153094,0.144347826,0.330472103,0.25,0.662101346,0.007802341,0.145494028,0.481444003,Good
0.166123779,0.252173913,0.373390558,0.373893805,0.642928394,0.276983095,0.377850163,0.417952103,Good
0.42019544,0.28,0.038626609,0.305309735,0.772545852,0.504551365,0.565689468,0.605562521,Poor
0.146579805,0.196521739,0.407725322,0.232300885,0.587475542,0.345903771,0.47339848,0.609240449,Good
0.475570033,0.410434783,0.090128755,0.588495575,0.840195756,0.677503251,0.57111835,0.571658697,Poor
0.319218241,0.370434783,0.111587983,0.314159292,0.742153922,0.511053316,0.274701412,0.448039736,Moderate
0.104234528,0.074782609,0.472103004,0.068584071,0.601934441,0.468140442,0.330076004,0.491971118,Good
0.358306189,0.313043478,0.300429185,0.35619469,0.740804789,0.299089727,0.527687296,0.689090298,Moderate
0.120521173,0.274782609,0.343347639,0.137168142,0.606576074,0.249674902,0.121606949,0.375648537,Good
0.283387622,0.405217391,0.107296137,0.35619469,0.712191056,0.590377113,0.201954397,0.677554996,Moderate
0.136807818,0.332173913,0.154506438,0.349557522,0.766508289,0.574772432,0.287730727,0.365370732,Moderate
0.133550489,0.135652174,0.343347639,0.146017699,0.634832924,0.072821847,0.476655809,0.371610117,Good
0.478827362,0.285217391,0.077253219,0.67699115,0.822220811,0.451235371,0.699239957,0.755176412,Poor
0.338762215,0.459130435,0.553648069,0.446902655,0.719653599,0.387516255,0.592833876,0.552572689,Moderate
0.488599349,0.262608696,0.0472103,0.475663717,0.574761214,0.595578674,0.522258415,0.5311268,Poor
0.061889251,0.170434783,0.369098712,0.274336283,0.577355718,0.495448635,0.226927253,0.421052975,Good
0.074918567,0.11826087,0.424892704,0.283185841,0.48490833,0.310793238,0.222584148,0.587090179,Good
0.166123779,0.314782609,0.124463519,0.522123894,0.732555301,0.169050715,0.39630836,0.598518264,Moderate
0.315960912,0.499130435,0.145922747,0.280973451,0.781915881,0.347204161,0.498371336,0.522776912,Moderate
0.605863192,0.504347826,0.107296137,0.612831858,0.681637932,0.596879064,0.369163952,0.646106262,Poor
0.260586319,0.252173913,0.115879828,0.378318584,0.785342053,0.263979194,0.209554832,0.514902525,Moderate
0.260586319,0.269565217,0.266094421,0.42699115,0.709143286,0.174252276,0.266015201,0.581081129,Moderate
0.117263844,0.354782609,0.339055794,0.318584071,0.611134068,0.084525358,0.399565689,0.394541525,Good
0.153094463,0.206956522,0.450643777,0.188053097,0.608865337,0.465539662,0.07383279,0.337896048,Good
0.140065147,0.28,0.493562232,0.305309735,0.630685915,0.312093628,0.330076004,0.497004636,Good
0.214983713,0.386086957,0.197424893,0.389380531,0.672944229,0.214564369,0.482084691,0.471391048,Moderate
0.397394137,0.485217391,0.266094421,0.309734513,0.780763433,0.755526658,0.4082519,0.725391686,Poor
0.153094463,0.295652174,0.39055794,0.294247788,0.569490985,0.464239272,0.351791531,0.425602866,Good
0.143322476,0.325217391,0.407725322,0.221238938,0.646881004,0.016905072,0.449511401,0.589436758,Good
0.117263844,0.126956522,0.407725322,0.258849558,0.589943482,0.491547464,0.099891422,0.424099443,Good
0.338762215,0.368695652,0.145922747,0.396017699,0.728327427,0.596879064,0.374592834,0.556138404,Moderate
0.325732899,0.292173913,0.055793991,0.566371681,0.731153846,0.33810143,0.48534202,0.540643934,Poor
0.201954397,0.266086957,0.261802575,0.252212389,0.750101021,0.300390117,0.546145494,0.542180618,Moderate
0.299674267,0.219130435,0.107296137,0.497787611,0.694954789,0.22496749,0.147665581,0.573584531,Moderate
0.442996743,0.370434783,0.055793991,0.575221239,0.839280884,0.364109233,0.228013029,0.57548924,Poor
0.149837134,0.302608696,0.35193133,0.311946903,0.696571165,0.521456437,0.149837134,0.40830272,Good
0.325732899,0.431304348,0.145922747,0.491150442,0.535331954,0.587776333,0.312703583,0.599070392,Moderate
0.153094463,0.342608696,0.35193133,0.256637168,0.601934441,0.102730819,0.231270358,0.358898769,Good
0.260586319,0.377391304,0.313304721,0.508849558,0.713701281,0.161248375,0.391965255,0.668186023,Moderate
0.312703583,0.375652174,0.111587983,0.32300885,0.787600657,0.192457737,0.48534202,0.737974524,Moderate
0.107491857,0.222608696,0.364806867,0.369469027,0.681637932,0.360208062,0.141150923,0.478157263,Good
0.166123779,0.271304348,0.506437768,0.327433628,0.652696476,0.2236671,0.267100977,0.525324306,Good
0.127035831,0.154782609,0.665236052,0.28539823,0.652696476,0.482444733,0.336590662,0.454495655,Good
0.071661238,0.206956522,0.429184549,0.376106195,0.606576074,0.358907672,0.477741585,0.512196327,Good
0.091205212,0.274782609,0.373390558,0.232300885,0.660248137,0.495448635,0.039087948,0.335397527,Good
0.100977199,0.166956522,0.412017167,0.247787611,0.624335074,0.098829649,0.140065147,0.47925977,Good
0.179153094,0.28,0.334763948,0.205752212,0.672944229,0.388816645,0.194353963,0.457012282,Good
0.495114007,0.474782609,0.060085837,0.460176991,0.849166975,0.384915475,0.444082519,0.845752687,Poor
0.146579805,0.193043478,0.416309013,0.170353982,0.654605631,0.395318596,0.127035831,0.578618049,Good
0.114006515,0.248695652,0.424892704,0.150442478,0.640928685,0.407022107,0.438653637,0.639245351,Good
0.270358306,0.245217391,0.248927039,0.380530973,0.781915881,0.253576073,0.321389794,0.637928195,Moderate
0.276872964,0.144347826,0.124463519,0.327433628,0.707605519,0.459037711,0.317046688,0.649437668,Moderate
0.179153094,0.302608696,0.17167382,0.331858407,0.685033444,0.159947984,0.326818675,0.683418417,Moderate
0.283387622,0.408695652,0.137339056,0.424778761,0.660248137,0.213263979,0.463626493,0.53355543,Moderate
0.550488599,0.44173913,0.068669528,0.672566372,0.846508858,0.308192458,0.768729642,0.523630202,Poor
0.114006515,0.170434783,0.454935622,0.305309735,0.613382633,0.364109233,0.116178067,0.33286253,Good
0.127035831,0.095652174,0.326180258,0.103982301,0.676457644,0.039011704,0.274701412,0.451942017,Good
0.205211726,0.44173913,0.180257511,0.367256637,0.683341385,0.548764629,0.203040174,0.661004934,Moderate
0.260586319,0.504347826,0.180257511,0.409292035,0.715202542,0.397919376,0.418023887,0.648195869,Moderate
0.537459283,0.413913043,0.115879828,0.637168142,0.766508289,0.351105332,0.439739414,0.693305957,Poor
0.250814332,0.333913043,0.407725322,0.469026549,0.760323094,0.288686606,0.136807818,0.489916133,Moderate
0.198697068,0.175652174,0.399141631,0.274336283,0.506298125,0.343302991,0.168295331,0.459492956,Good
0.244299674,0.304347826,0.201716738,0.493362832,0.710671761,0.488946684,0.511400651,0.531940124,Moderate
0.087947883,0.114782609,0.334763948,0.316371681,0.683341385,0.208062419,0.471226927,0.501896346,Good
0.107491857,0.146086957,0.39055794,0.17699115,0.646881004,0.124837451,0.263843648,0.548194872,Good
0.117263844,0.194782609,0.343347639,0.168141593,0.685033444,0.085825748,0.16286645,0.409948649,Good
0.179153094,0.177391304,0.360515021,0.252212389,0.69169072,0.119635891,0.19218241,0.398085407,Good
0.221498371,0.393043478,0.145922747,0.203539823,0.683341385,0.22496749,0.42888165,0.723517328,Moderate
0.091205212,0.177391304,0.446351931,0.331858407,0.584983287,0.509752926,0.49402823,0.444047739,Good
0.237785016,0.52173913,0.197424893,0.329646018,0.636881209,0.457737321,0.44082519,0.511284807,Moderate
0.462540717,0.433043478,0.283261803,0.327433628,0.810172731,0.639791938,0.592833876,0.582905779,Poor
0.13029316,0.126956522,0.334763948,0.181415929,0.630685915,0.249674902,0.31053203,0.383454086,Good
0.338762215,0.417391304,0.274678112,0.389380531,0.634832924,0.206762029,0.47339848,0.60016941,Moderate
0.856677524,0.387826087,0,0.303097345,0.781915881,0.66710013,0.623235613,0.725657808,Hazardous
0.25732899,0.24,0.115879828,0.272123894,0.648834387,0.509752926,0.503800217,0.698046312,Moderate
0.218241042,0.32173913,0.107296137,0.380530973,0.630685915,0.188556567,0.480998914,0.470237262,Moderate
0.456026059,0.210434783,0.055793991,0.420353982,0.806025722,0.357607282,0.280130293,0.659454529,Poor
0.094462541,0.23826087,0.381974249,0.216814159,0.660248137,0.193758127,0.048859935,0.35444611,Good
0.228013029,0.333913043,0.188841202,0.480088496,0.778442666,0.490247074,0.125950054,0.606621331,Moderate
0.042345277,0.262608696,0.746781116,0.236725664,0.688383982,0.491547464,0.293159609,0.373641067,Good
0.436482085,0.292173913,0.145922747,0.5,0.771349812,0.266579974,0.321389794,0.544460444,Poor
0.094462541,0.067826087,0.321888412,0.230088496,0.658381251,0.323797139,0.243213898,0.554720893,Good
0.107491857,0.259130435,0.47639485,0.236725664,0.660248137,0.189856957,0.143322476,0.504766564,Good
0.394136808,0.210434783,0.180257511,0.278761062,0.721120049,0.438231469,0.471226927,0.514005137,Moderate
0.335504886,0.234782609,0.128755365,0.475663717,0.67992293,0.629388817,0.489685125,0.691048712,Moderate
0.104234528,0.133913043,0.420600858,0.305309735,0.572139824,0.271781534,0.459283388,0.661004934,Good
0.114006515,0.212173913,0.377682403,0.289823009,0.622182194,0.405721717,0.444082519,0.377633064,Good
0.276872964,0.314782609,0.201716738,0.477876106,0.681637932,0.202860858,0.509229099,0.611307666,Moderate
0.13029316,0.170434783,0.630901288,0.278761062,0.669381327,0.188556567,0.203040174,0.502858366,Good
0.035830619,0.220869565,0.403433476,0.212389381,0.630685915,0.401820546,0.173724213,0.488879448,Good
0.127035831,0.290434783,0.360515021,0.269911504,0.584983287,0.149544863,0.297502714,0.537529156,Good
0.146579805,0.248695652,0.416309013,0.17699115,0.626469786,0.312093628,0.035830619,0.576119528,Good
0.091205212,0.093913043,0.35193133,0.139380531,0.640928685,0.44083225,0.425624321,0.322335415,Good
0.557003257,0.546086957,0.012875536,0.694690265,0.731153846,0.517555267,0.714440825,0.8877717,Hazardous
0.208469055,0.431304348,0.111587983,0.533185841,0.784205144,0.625487646,0.44082519,0.421052975,Moderate
0.478827362,0.403478261,0.206008584,0.457964602,0.753982865,0.302990897,0.44082519,0.540643934,Poor
0.296416938,0.410434783,0.038626609,0.422566372,0.800744489,0.421326398,0.340933768,0.40664104,Poor
0.771986971,0.570434783,0.017167382,0.517699115,0.931241483,0.391417425,0.697068404,0.47480711,Hazardous
0.19218241,0.297391304,0.167381974,0.353982301,0.750101021,0.598179454,0.630836048,0.367475536,Moderate
0.110749186,0.307826087,0.339055794,0.318584071,0.626469786,0.045513654,0.312703583,0.464350453,Good
0.091205212,0.226086957,0.527896996,0.201327434,0.624335074,0.237971391,0.210640608,0.33286253,Good
0.201954397,0.446956522,0.158798283,0.575221239,0.724027689,0.296488947,0.213897937,0.439961804,Moderate
0.172638436,0.153043478,0.549356223,0.263274336,0.632767917,0.283485046,0.26927253,0.490946665,Good
0.198697068,0.417391304,0.193133047,0.486725664,0.644912419,0.585175553,0.522258415,0.720804082,Moderate
0.156351792,0.394782609,0.266094421,0.287610619,0.742153922,0.414824447,0.300760043,0.437183437,Moderate
0.058631922,0.12,0.403433476,0.199115044,0.57992388,0.288686606,0.453854506,0.545963866,Good
0.143322476,0.271304348,0.703862661,0.274336283,0.608865337,0.234070221,0.321389794,0.485731732,Good
0.140065147,0.19826087,0.334763948,0.254424779,0.67116905,0.11313394,0.105320304,0.409948649,Good
0.078175896,0.297391304,0.334763948,0.283185841,0.698177277,0.310793238,0.312703583,0.435777404,Good
0.32247557,0.184347826,0.128755365,0.225663717,0.694954789,0.511053316,0.328990228,0.535155849,Moderate
0.201954397,0.365217391,0.120171674,0.384955752,0.779605711,0.166449935,0.121606949,0.616370538,Moderate
0.127035831,0.31826087,0.343347639,0.216814159,0.690042754,0.039011704,0.383279045,0.461938689,Good
0.286644951,0.219130435,0.188841202,0.342920354,0.808107725,0.205461638,0.423452769,0.577373282,Moderate
0.136807818,0.212173913,0.356223176,0.223451327,0.611134068,0.171651495,0.336590662,0.361083002,Good
0.078175896,0.266086957,0.343347639,0.280973451,0.624335074,0.079323797,0.294245385,0.522776912,Good
0.439739414,0.589565217,0.193133047,0.488938053,0.632767917,0.600780234,0.472312704,0.649437668,Poor
0.107491857,0.271304348,0.321888412,0.316371681,0.67992293,0.455136541,0.369163952,0.603425335,Good
0.175895765,0.43826087,0.107296137,0.35619469,0.806025722,0.159947984,0.245385451,0.50852118,Moderate
0.276872964,0.292173913,0.17167382,0.382743363,0.706058347,0.204161248,0.45276873,0.669293217,Moderate
0.462540717,0.24,0.240343348,0.227876106,0.803926442,0.520156047,0.152008686,0.545963866,Moderate
0.133550489,0.149565217,0.467811159,0.199115044,0.646881004,0.318595579,0.152008686,0.539093529,Good
0.153094463,0.311304348,0.373390558,0.223451327,0.663941077,0.066319896,0.419109663,0.373641067,Good
0.521172638,0.410434783,0.064377682,0.384955752,0.690042754,0.756827048,0.537459283,0.663304892,Poor
0.602605863,0.509565217,0.343347639,0.707964602,0.870294597,0.362808843,0.738327904,0.551850675,Poor
0.342019544,0.366956522,0.111587983,0.389380531,0.650772802,0.187256177,0.391965255,0.507590109,Moderate
0.315960912,0.302608696,0.158798283,0.389380531,0.646881004,0.6710013,0.359391965,0.595168111,Moderate
0.504885993,0.492173913,0.175965665,0.590707965,0.818268202,0.344603381,0.570032573,0.464350453,Poor
0.332247557,0.267826087,0.188841202,0.431415929,0.739448421,0.647594278,0.325732899,0.446719241,Moderate
0.283387622,0.316521739,0.244635193,0.35840708,0.712191056,0.599479844,0.424538545,0.472537219,Moderate
0.071661238,0.113043478,0.35193133,0.207964602,0.611134068,0.508452536,0.330076004,0.457012282,Good
0.667752443,0.633043478,0.012875536,0.630530973,0.831840293,0.758127438,0.431053203,0.523630202,Hazardous
0.693811075,0.233043478,0.158798283,0.46460177,0.760323094,0.609882965,0.64495114,0.793834238,Hazardous
0.136807818,0.182608696,0.618025751,0.14380531,0.685033444,0.494148244,0.110749186,0.546710724,Good
0.140065147,0.095652174,0.330472103,0.314159292,0.634832924,0.100130039,0.237785016,0.39983059,Good
0.09771987,0.227826087,0.334763948,0.247787611,0.707605519,0.275682705,0.436482085,0.567080242,Good
0.469055375,0.446956522,0.107296137,0.502212389,0.781915881,0.755526658,0.700325733,0.815737019,Poor
0.446254072,0.787826087,0.0472103,0.778761062,0.807068866,0.851755527,0.517915309,0.798790781,Hazardous
0.25732899,0.396521739,0.145922747,0.196902655,0.755263688,0.55396619,0.194353963,0.67614611,Moderate
0.762214984,0.817391304,0.261802575,0.559734513,0.718178599,0.568270481,0.388707926,0.532749655,Hazardous
0.573289902,0.311304348,0.193133047,0.384955752,0.866207886,0.500650195,0.610206298,0.734471496,Poor
0.247557003,0.252173913,0.356223176,0.265486726,0.636881209,0.44083225,0.318132465,0.621774331,Moderate
0.123778502,0.252173913,0.369098712,0.349557522,0.606576074,0.096228869,0.371335505,0.475931025,Good
0.120521173,0.311304348,0.373390558,0.261061947,0.606576074,0.417425228,0.260586319,0.448039736,Good
0.114006515,0.11826087,0.484978541,0.123893805,0.55298762,0.014304291,0.446254072,0.435777404,Good
0.153094463,0.243478261,0.403433476,0.278761062,0.558609226,0.271781534,0.098805646,0.590018482,Good
0.107491857,0.226086957,0.364806867,0.331858407,0.572139824,0.469440832,0.17155266,0.499956167,Good
0.410423453,0.453913043,0.094420601,0.466814159,0.816268493,0.494148244,0.415852334,0.545963866,Poor
0.114006515,0.32,0.360515021,0.254424779,0.630685915,0.192457737,0.276872964,0.47925977,Good
0.084690554,0.137391304,0.484978541,0.404867257,0.652696476,0.299089727,0.174809989,0.597964375,Good
0.136807818,0.102608696,0.334763948,0.201327434,0.626469786,0.43953186,0.320304017,0.389086284,Good
0.185667752,0.156521739,0.373390558,0.247787611,0.68671426,0.062418726,0.148751357,0.576747537,Good
0.107491857,0.186086957,0.536480687,0.21460177,0.608865337,0.022106632,0.299674267,0.488879448,Good
0.241042345,0.370434783,0.313304721,0.35840708,0.787600657,0.652795839,0.196525516,0.532749655,Moderate
0.110749186,0.288695652,0.347639485,0.307522124,0.665767524,0.026007802,0.188925081,0.467906432,Good
0.234527687,0.40173913,0.270386266,0.201327434,0.636881209,0.689206762,0.258414767,0.455758527,Moderate
0.120521173,0.11826087,0.347639485,0.307522124,0.57992388,0.455136541,0.290988056,0.319600803,Good
0.263843648,0.4,0.150214592,0.261061947,0.584983287,0.452535761,0.427795874,0.47480711,Moderate
0.413680782,0.455652174,0.128755365,0.42920354,0.849166975,0.618985696,0.690553746,0.385351855,Poor
0.244299674,0.379130435,0.08583691,0.630530973,0.821238434,0.258777633,0.351791531,0.57548924,Poor
0.273615635,0.311304348,0.266094421,0.473451327,0.694954789,0.315994798,0.573289902,0.601805004,Moderate
0.368078176,0.493913043,0.347639485,0.362831858,0.716694947,0.395318596,0.592833876,0.618355065,Poor
0.273615635,0.31826087,0.167381974,0.289823009,0.678196221,0.368010403,0.529858849,0.71211305,Moderate
0.511400651,0.606956522,0.021459227,0.800884956,0.646881004,0.728218466,0.597176982,0.577373282,Hazardous
0.250814332,0.44173913,0.163090129,0.294247788,0.640928685,0.525357607,0.371335505,0.70477281,Moderate
0.449511401,0.231304348,0.038626609,0.455752212,0.892777668,0.729518856,0.410423453,0.58229969,Poor
0.557003257,0.500869565,0.051502146,0.506637168,0.807068866,0.33550065,0.233441911,0.620317168,Poor
0.078175896,0.109565217,0.364806867,0.342920354,0.613382633,0.387516255,0.378935939,0.640117937,Good
0.364820847,0.448695652,0.214592275,0.329646018,0.709143286,0.460338101,0.448425624,0.542943891,Moderate
0.732899023,0.403478261,0.081545064,0.508849558,0.846508858,0.66449935,0.690553746,0.728819854,Hazardous
0.299674267,0.293913043,0.261802575,0.46460177,0.724027689,0.513654096,0.314875136,0.620804249,Moderate
0.156351792,0.128695652,0.639484979,0.236725664,0.57992388,0.492847854,0.21606949,0.643565082,Good
0.169381107,0.516521739,0.287553648,0.488938053,0.699773256,0.465539662,0.213897937,0.692019698,Moderate
0.061889251,0.097391304,0.326180258,0.230088496,0.68671426,0.165149545,0.449511401,0.421052975,Good
0.048859935,0.229565217,0.373390558,0.199115044,0.656500485,0.089726918,0.325732899,0.608719776,Good
0.400651466,0.215652174,0.111587983,0.280973451,0.688383982,0.573472042,0.283387622,0.577373282,Moderate
0.153094463,0.304347826,0.433476395,0.188053097,0.696571165,0.414824447,0.149837134,0.497004636,Good
0.078175896,0.187826087,0.459227468,0.318584071,0.584983287,0.084525358,0.06514658,0.563734392,Good
0.117263844,0.104347826,0.570815451,0.272123894,0.630685915,0.462938882,0.055374593,0.40664104,Good
0.35504886,0.386086957,0.17167382,0.230088496,0.601934441,0.297789337,0.290988056,0.647779954,Moderate
0.400651466,0.455652174,0.0472103,0.568584071,0.829945438,0.479843953,0.407166124,0.76855687,Poor
0.094462541,0.100869565,0.343347639,0.329646018,0.648834387,0.075422627,0.398479913,0.392742086,Good
0.091205212,0.248695652,0.369098712,0.283185841,0.681637932,0.054616385,0.467969598,0.607673723,Good
0.117263844,0.297391304,0.339055794,0.238938053,0.667580879,0.22496749,0.064060803,0.517567195,Good
0.263843648,0.267826087,0.175965665,0.351769912,0.753982865,0.387516255,0.480998914,0.821650207,Moderate
0.570032573,0.502608696,0.038626609,0.743362832,0.873517085,0.512353706,0.643865364,0.556138404,Hazardous
0.306188925,0.236521739,0.240343348,0.475663717,0.638913042,0.55136541,0.228013029,0.554720893,Moderate
0.100977199,0.307826087,0.467811159,0.287610619,0.564108614,0.461638492,0.424538545,0.394541525,Good
0.104234528,0.339130435,0.334763948,0.201327434,0.594808283,0.407022107,0.242128122,0.609759565,Good
0.136807818,0.372173913,0.420600858,0.234513274,0.681637932,0.44213264,0.284473398,0.340359128,Good
0.156351792,0.147826087,0.412017167,0.115044248,0.626469786,0.33810143,0.327904452,0.441334493,Good
0.061889251,0.293913043,0.330472103,0.345132743,0.662101346,0.436931079,0.338762215,0.53030965,Good
0.475570033,0.269565217,0.261802575,0.599557522,0.773736263,0.739921977,0.513572204,0.602346796,Poor
0.094462541,0.116521739,0.339055794,0.256637168,0.634832924,0.529258778,0.356134636,0.33286253,Good
0.374592834,0.179130435,0.206008584,0.258849558,0.662101346,0.214564369,0.133550489,0.704472647,Moderate
0.351791531,0.406956522,0.201716738,0.424778761,0.750101021,0.22756827,0.519001086,0.460720128,Moderate
0.087947883,0.246956522,0.369098712,0.349557522,0.667580879,0.040312094,0.100977199,0.510368476,Good
0.114006515,0.085217391,0.497854077,0.190265487,0.654605631,0.535760728,0.243213898,0.542943891,Good
0.16286645,0.196521739,0.107296137,0.502212389,0.650772802,0.574772432,0.359391965,0.496009538,Moderate
0.146579805,0.271304348,0.536480687,0.261061947,0.665767524,0.079323797,0.033659066,0.527834868,Good
0.338762215,0.500869565,0.124463519,0.338495575,0.656500485,0.384915475,0.465798046,0.637044508,Moderate
0.143322476,0.133913043,0.527896996,0.227876106,0.646881004,0.091027308,0.287730727,0.373641067,Good
0.107491857,0.140869565,0.334763948,0.243362832,0.630685915,0.436931079,0.218241042,0.488879448,Good
0.218241042,0.459130435,0.124463519,0.170353982,0.740804789,0.400520156,0.254071661,0.6361563,Moderate
0.338762215,0.372173913,0.17167382,0.362831858,0.842920686,0.538361508,0.207383279,0.579853956,Poor
0.325732899,0.340869565,0.163090129,0.327433628,0.667580879,0.615084525,0.529858849,0.556138404,Moderate
0.169381107,0.356521739,0.201716738,0.506637168,0.719653599,0.421326398,0.516829533,0.699598103,Moderate
0.309446254,0.52,0.197424893,0.548672566,0.753982865,0.651495449,0.642779587,0.780204431,Poor
0.107491857,0.163478261,0.369098712,0.28539823,0.584983287,0.539661899,0.155266015,0.392742086,Good
0.234527687,0.372173913,0.124463519,0.263274336,0.704501653,0.438231469,0.105320304,0.58229969,Moderate
0.270358306,0.436521739,0.158798283,0.225663717,0.752695525,0.157347204,0.346362649,0.604497216,Moderate
0.615635179,0.596521739,0.13304721,0.484513274,0.796438651,0.869960988,0.769815418,0.715246993,Hazardous
0.25732899,0.382608696,0.124463519,0.389380531,0.772545852,0.578673602,0.333333333,0.52447932,Moderate
0.42019544,0.608695652,0.13304721,0.528761062,0.897189906,0.877763329,0.6330076,0.771848802,Hazardous
0.364820847,0.153043478,0.197424893,0.325221239,0.751401599,0.634590377,0.288816504,0.594036874,Moderate
0.364820847,0.408695652,0.128755365,0.431415929,0.837441153,0.202860858,0.467969598,0.358898769,Moderate
0.140065147,0.233043478,0.446351931,0.473451327,0.613382633,0.214564369,0.330076004,0.504766564,Good
0.390879479,0.4,0.0472103,0.230088496,0.718178599,0.494148244,0.474484256,0.582905779,Poor
0.38762215,0.433043478,0.111587983,0.752212389,0.825145259,0.535760728,0.508143322,0.615870842,Poor
0.117263844,0.309565217,0.334763948,0.247787611,0.650772802,0.118335501,0.335504886,0.523630202,Good
0.104234528,0.073043478,0.347639485,0.294247788,0.638913042,0.256176853,0.13897937,0.579237102,Good
0.074918567,0.130434783,0.343347639,0.148230088,0.564108614,0.452535761,0.454940282,0.313998891,Good
0.13029316,0.285217391,0.442060086,0.190265487,0.572139824,0.396618986,0.153094463,0.419509461,Good
0.315960912,0.212173913,0.261802575,0.353982301,0.574761214,0.5526658,0.174809989,0.514005137,Moderate
0.648208469,0.556521739,0.180257511,0.384955752,0.955525042,0.500650195,0.331161781,0.829867166,Hazardous
0.208469055,0.32,0.274678112,0.362831858,0.842920686,0.418725618,0.434310532,0.583509759,Moderate
0.260586319,0.393043478,0.111587983,0.365044248,0.75780604,0.55526658,0.342019544,0.394541525,Moderate
0.058631922,0.203478261,0.334763948,0.199115044,0.658381251,0.196358908,0.178067318,0.435777404,Good
0.306188925,0.212173913,0.214592275,0.400442478,0.584983287,0.306892068,0.578718784,0.495008704,Moderate
0.364820847,0.483478261,0.163090129,0.28539823,0.773736263,0.382314694,0.404994571,0.557544438,Moderate
0.140065147,0.283478261,0.377682403,0.309734513,0.626469786,0.397919376,0.127035831,0.455758527,Good
0.172638436,0.286956522,0.484978541,0.099557522,0.658381251,0.388816645,0.370249729,0.390923806,Good
0.472312704,0.347826087,0.266094421,0.670353982,0.815262679,0.485045514,0.478827362,0.682397978,Poor
0.283387622,0.507826087,0.35193133,0.345132743,0.731153846,0.179453836,0.275787188,0.507590109,Moderate
0.136807818,0.286956522,0.407725322,0.134955752,0.662101346,0.409622887,0.149837134,0.570362839,Good
0.237785016,0.372173913,0.141630901,0.314159292,0.726902286,0.283485046,0.336590662,0.514005137,Moderate
0.283387622,0.255652174,0.137339056,0.334070796,0.738084742,0.263979194,0.490770901,0.497994065,Moderate
0.426710098,0.415652174,0.051502146,0.623893805,0.811198947,0.760728218,0.550488599,0.471391048,Poor
0.058631922,0.086956522,0.326180258,0.289823009,0.601934441,0.257477243,0.252985885,0.427093383,Good
0.100977199,0.173913043,0.557939914,0.243362832,0.632767917,0.045513654,0.298588491,0.358898769,Good
0.205211726,0.15826087,0.150214592,0.442477876,0.742153922,0.591677503,0.087947883,0.495008704,Moderate
0.348534202,0.467826087,0.137339056,0.484513274,0.678196221,0.543563069,0.208469055,0.401558407,Moderate
0.100977199,0.184347826,0.446351931,0.296460177,0.59958129,0.304291287,0.327904452,0.431489674,Good
0.296416938,0.222608696,0.115879828,0.402654867,0.701359229,0.305591678,0.349619978,0.473675874,Moderate
0.325732899,0.347826087,0.111587983,0.466814159,0.788722441,0.55656697,0.261672096,0.57548924,Moderate
0.117263844,0.276521739,0.339055794,0.225663717,0.632767917,0.355006502,0.345276873,0.319600803,Good
0.312703583,0.540869565,0.210300429,0.612831858,0.755263688,0.538361508,0.73072747,0.693626039,Poor
0.100977199,0.053913043,0.356223176,0.307522124,0.672944229,0.309492848,0.105320304,0.396322506,Good
0.143322476,0.346086957,0.369098712,0.245575221,0.688383982,0.537061118,0.31053203,0.485731732,Good
0.071661238,0.031304348,0.334763948,0.161504425,0.716694947,0.188556567,0.352877307,0.330289976,Good
0.094462541,0.290434783,0.399141631,0.084070796,0.601934441,0.491547464,0.315960912,0.438578177,Good
0.250814332,0.453913043,0.120171674,0.502212389,0.790951194,0.613784135,0.492942454,0.686110629,Poor
0.469055375,0.71826087,0.081545064,0.60619469,0.699773256,0.269180754,0.680781759,0.824382428,Poor
0.309446254,0.330434783,0.25751073,0.471238938,0.756538058,0.150845254,0.421281216,0.527002041,Moderate
0.146579805,0.073043478,0.467811159,0.146017699,0.642928394,0.240572172,0.323561346,0.454495655,Good
0.133550489,0.12,0.510729614,0.225663717,0.667580879,0.204161248,0.264929425,0.717491214,Good
0.433224756,0.445217391,0.068669528,0.404867257,0.816268493,0.615084525,0.765472313,0.539870462,Poor
0.498371336,0.307826087,0.072961373,0.396017699,0.808107725,0.837451235,0.581976113,0.503815086,Poor
0.078175896,0.283478261,0.52360515,0.280973451,0.622182194,0.340702211,0.296416938,0.469075758,Good
0.475570033,0.617391304,0.068669528,0.435840708,0.743495898,0.629388817,0.448425624,0.607673723,Poor
0.166123779,0.175652174,0.399141631,0.389380531,0.584983287,0.187256177,0.213897937,0.327678735,Good
0.351791531,0.248695652,0.296137339,0.384955752,0.652696476,0.33159948,0.488599349,0.579853956,Moderate
0.377850163,0.257391304,0.175965665,0.398230088,0.839280884,0.577373212,0.245385451,0.430036576,Poor
0.153094463,0.39826087,0.13304721,0.471238938,0.709143286,0.487646294,0.427795874,0.482525902,Moderate
0.159609121,0.139130435,0.339055794,0.263274336,0.696571165,0.403120936,0.404994571,0.538313104,Good
0.100977199,0.290434783,0.35193133,0.336283186,0.632767917,0.433029909,0.205211726,0.482525902,Good
0.074918567,0.243478261,0.403433476,0.298672566,0.646881004,0.435630689,0.402823018,0.40664104,Good
0.214983713,0.323478261,0.266094421,0.449115044,0.696571165,0.634590377,0.491856678,0.502858366,Moderate
0.123778502,0.267826087,0.442060086,0.210176991,0.584983287,0.433029909,0.237785016,0.392742086,Good
0.592833876,0.173913043,0.038626609,0.444690265,0.826112609,0.621586476,0.437567861,0.568400737,Poor
0.530944625,0.466086957,0.111587983,0.42699115,0.876699037,0.534460338,0.384364821,0.785935784,Poor
0.410423453,0.354782609,0.128755365,0.484513274,0.808107725,0.494148244,0.543973941,0.636600972,Poor
0.475570033,0.474782609,0.060085837,0.528761062,0.702935321,0.736020806,0.60369164,0.598518264,Poor
0.071661238,0.342608696,0.369098712,0.196902655,0.69169072,0.166449935,0.100977199,0.390923806,Good
0.254071661,0.28173913,0.111587983,0.316371681,0.694954789,0.44343303,0.39630836,0.643991203,Moderate
0.833876221,0.462608696,0.004291845,0.796460177,0.827076275,0.821846554,0.704668838,0.909277874,Hazardous
0.368078176,0.429565217,0.13304721,0.542035398,0.75780604,0.135240572,0.520086862,0.313998891,Moderate
0.263843648,0.323478261,0.201716738,0.267699115,0.718178599,0.475942783,0.456026059,0.81026999,Moderate
0.140065147,0.163478261,0.339055794,0.303097345,0.672944229,0.131339402,0.370249729,0.609240449,Good
0.136807818,0.175652174,0.484978541,0.188053097,0.611134068,0.436931079,0.25732899,0.448039736,Good
0.094462541,0.250434783,0.399141631,0.227876106,0.606576074,0.504551365,0.034744843,0.463148758,Good
0.557003257,0.537391304,0.055793991,0.566371681,0.827076275,0.750325098,0.406080347,0.682738791,Hazardous
0.286644951,0.382608696,0.128755365,0.300884956,0.841107331,0.630689207,0.502714441,0.746198768,Moderate
0.524429967,0.48173913,0.060085837,0.278761062,0.802870232,0.724317295,0.568946797,0.603425335,Poor
0.133550489,0.128695652,0.377682403,0.163716814,0.696571165,0.394018205,0.281216069,0.41319443,Good
0.114006515,0.046956522,0.364806867,0.334070796,0.499367229,0.452535761,0.24864278,0.403269202,Good
0.140065147,0.234782609,0.394849785,0.205752212,0.535331954,0.279583875,0.34310532,0.454495655,Good
0.182410423,0.219130435,0.35193133,0.219026549,0.654605631,0.44473342,0.450597177,0.509447284,Good
0.055374593,0.137391304,0.334763948,0.247787611,0.617820675,0.078023407,0.283387622,0.611307666,Good
0.087947883,0.043478261,0.330472103,0.289823009,0.620010834,0.022106632,0.261672096,0.521057648,Good
0.237785016,0.292173913,0.124463519,0.475663717,0.812221017,0.325097529,0.532030402,0.383454086,Moderate
0.534201954,0.313043478,0.094420601,0.402654867,0.798600732,0.77243173,0.421281216,0.668555873,Poor
0.306188925,0.379130435,0.120171674,0.413716814,0.817270323,0.182054616,0.194353963,0.502858366,Moderate
0.315960912,0.314782609,0.154506438,0.369469027,0.617820675,0.4473342,0.196525516,0.59289822,Moderate
0.136807818,0.203478261,0.467811159,0.168141593,0.663941077,0.539661899,0.340933768,0.365370732,Good
0.293159609,0.540869565,0.090128755,0.422566372,0.847398004,0.405721717,0.382193268,0.643137913,Poor
0.104234528,0.233043478,0.369098712,0.294247788,0.742153922,0.032509753,0.196525516,0.607673723,Good
0.237785016,0.429565217,0.145922747,0.495575221,0.667580879,0.213263979,0.52660152,0.445388628,Moderate
0.094462541,0.293913043,0.339055794,0.267699115,0.582466232,0.050715215,0.146579805,0.534357484,Good
0.416938111,0.326956522,0.094420601,0.513274336,0.891289653,0.435630689,0.380021716,0.587090179,Poor
0.094462541,0.074782609,0.381974249,0.203539823,0.683341385,0.098829649,0.424538545,0.322335415,Good
0.195439739,0.146086957,0.399141631,0.294247788,0.622182194,0.490247074,0.20412595,0.438578177,Good
0.296416938,0.445217391,0.150214592,0.28539823,0.69169072,0.508452536,0.511400651,0.676499405,Moderate
0.133550489,0.313043478,0.429184549,0.230088496,0.68671426,0.065019506,0.274701412,0.308210214,Good
0.19218241,0.354782609,0.334763948,0.280973451,0.636881209,0.209362809,0.444082519,0.496009538,Good
0.081433225,0.340869565,0.463519313,0.194690265,0.69169072,0.286085826,0.258414767,0.42258289,Good
0.048859935,0.137391304,0.386266094,0.303097345,0.626469786,0.511053316,0.306188925,0.33286253,Good
0.280130293,0.380869565,0.154506438,0.329646018,0.743495898,0.244473342,0.20412595,0.488879448,Moderate
0.530944625,0.384347826,0.141630901,0.309734513,0.809142335,0.407022107,0.42019544,0.603425335,Poor
0.446254072,0.504347826,0.274678112,0.351769912,0.888287103,0.403120936,0.5917481,0.691372978,Poor
0.045602606,0.288695652,0.575107296,0.207964602,0.632767917,0.44213264,0.255157438,0.521057648,Good
0.521172638,0.453913043,0.103004292,0.504424779,0.732555301,0.317295189,0.662323561,0.793294691,Poor
0.16286645,0.184347826,0.429184549,0.221238938,0.574761214,0.400520156,0.384364821,0.514902525,Good
0.469055375,0.539130435,0.030042918,0.488938053,0.738084742,0.401820546,0.817589577,0.686110629,Hazardous
0.338762215,0.233043478,0.13304721,0.599557522,0.739448421,0.594278283,0.429967427,0.431489674,Moderate
0.446254072,0.452173913,0.090128755,0.420353982,0.728327427,0.785435631,0.667752443,0.657102653,Poor
0.469055375,0.56173913,0.068669528,0.564159292,0.786473876,0.375812744,0.542888165,0.591752049,Poor
0.153094463,0.297391304,0.13304721,0.336283186,0.748793722,0.197659298,0.462540717,0.731154165,Moderate
0.628664495,0.429565217,0.103004292,0.561946903,0.811198947,0.585175553,0.511400651,0.600716322,Poor
0.566775244,0.419130435,0.038626609,0.365044248,0.771349812,0.434330299,0.6330076,0.470237262,Poor
0.127035831,0.333913043,0.751072961,0.353982301,0.706058347,0.33159948,0.424538545,0.532749655,Good
0.276872964,0.471304348,0.124463519,0.449115044,0.667580879,0.232769831,0.196525516,0.488879448,Moderate
0.104234528,0.325217391,0.39055794,0.10619469,0.606576074,0.161248375,0.070575461,0.367475536,Good
0.123778502,0.313043478,0.35193133,0.307522124,0.634832924,0.413524057,0.351791531,0.381535345,Good
0.140065147,0.066086957,0.416309013,0.28539823,0.648834387,0.542262679,0.208469055,0.352176218,Good
0.309446254,0.382608696,0.111587983,0.557522124,0.819262159,0.475942783,0.666666667,0.760043193,Poor
0.133550489,0.213913043,0.373390558,0.440265487,0.694954789,0.196358908,0.042345277,0.536741652,Good
0.068403909,0.123478261,0.369098712,0.119469027,0.606576074,0.200260078,0.435396308,0.542180618,Good
0.309446254,0.434782609,0.115879828,0.431415929,0.698177277,0.357607282,0.361563518,0.520191591,Moderate
0.107491857,0.186086957,0.321888412,0.314159292,0.589943482,0.422626788,0.095548317,0.335397527,Good
0.104234528,0.271304348,0.373390558,0.263274336,0.702935321,0.498049415,0.401737242,0.449350264,Good
0.198697068,0.314782609,0.158798283,0.367256637,0.690042754,0.626788036,0.284473398,0.731668667,Moderate
0.543973941,0.605217391,0.051502146,0.597345133,0.889041088,0.578673602,0.61237785,0.822565733,Hazardous
0.107491857,0.332173913,0.339055794,0.223451327,0.608865337,0.345903771,0.308360478,0.6361563,Good
0.328990228,0.335652174,0.115879828,0.451327434,0.663941077,0.646293888,0.551574376,0.537529156,Moderate
0.501628664,0.44173913,0.060085837,0.561946903,0.693328019,0.66319896,0.613463626,0.591752049,Hazardous
0.622149837,0.44173913,0.283261803,0.488938053,0.788722441,0.898569571,0.403908795,0.795264889,Hazardous
0.423452769,0.573913043,0.309012876,0.311946903,0.827076275,0.265279584,0.395222584,0.611307666,Poor
0.114006515,0.276521739,0.347639485,0.21460177,0.652696476,0.187256177,0.478827362,0.482525902,Good
0.146579805,0.27826087,0.480686695,0.256637168,0.582466232,0.010403121,0.161780673,0.439961804,Good
0.390879479,0.532173913,0.077253219,0.577433628,0.502856414,0.55656697,0.371335505,0.56237779,Poor
0.094462541,0.193043478,0.557939914,0.097345133,0.654605631,0.465539662,0.454940282,0.488879448,Good
0.104234528,0.193043478,0.43776824,0.123893805,0.535331954,0.44993498,0.432138979,0.411579123,Good
0.078175896,0.24173913,0.356223176,0.287610619,0.608865337,0.072821847,0.242128122,0.375648537,Good
0.114006515,0.307826087,0.369098712,0.314159292,0.658381251,0.026007802,0.141150923,0.416380652,Good
0.136807818,0.339130435,0.347639485,0.292035398,0.69169072,0.169050715,0.267100977,0.35444611,Good
0.234527687,0.297391304,0.25751073,0.236725664,0.785342053,0.143042913,0.57980456,0.497004636,Moderate
0.273615635,0.332173913,0.141630901,0.384955752,0.850046844,0.465539662,0.496199783,0.629808285,Moderate
0.302931596,0.299130435,0.270386266,0.533185841,0.807068866,0.245773732,0.030401737,0.706562972,Moderate
0.127035831,0.23826087,0.394849785,0.146017699,0.656500485,0.070221066,0.422366992,0.486787324,Good
0.345276873,0.624347826,0.107296137,0.491150442,0.753982865,0.384915475,0.378935939,0.661774977,Poor
0.364820847,0.608695652,0.060085837,0.519911504,0.783063102,0.5526658,0.318132465,0.715246993,Poor
0.276872964,0.313043478,0.141630901,0.267699115,0.726902286,0.228868661,0.572204126,0.53030965,Moderate
0.589576547,0.413913043,0.042918455,0.650442478,0.882945326,0.399219766,0.401737242,0.558243208,Hazardous
0.254071661,0.170434783,0.158798283,0.539823009,0.710671761,0.399219766,0.323561346,0.52866372,Moderate
0.087947883,0.074782609,0.347639485,0.382743363,0.624335074,0.100130039,0.28990228,0.419509461,Good
0.143322476,0.092173913,0.334763948,0.159292035,0.569490985,0.384915475,0.339847991,0.473675874,Good
0.413680782,0.372173913,0.326180258,0.422566372,0.516350913,0.55136541,0.489685125,0.802075339,Poor
0.234527687,0.379130435,0.158798283,0.387168142,0.786473876,0.577373212,0.230184582,0.459492956,Moderate
0.328990228,0.311304348,0.111587983,0.420353982,0.726902286,0.271781534,0.444082519,0.451942017,Moderate
0.648208469,0.544347826,0.13304721,0.469026549,0.846508858,0.6710013,0.401737242,0.67614611,Hazardous
0.117263844,0.153043478,0.339055794,0.438053097,0.564108614,0.282184655,0.406080347,0.435777404,Good
0.091205212,0.12173913,0.429184549,0.276548673,0.569490985,0.163849155,0.380021716,0.544460444,Good
0.166123779,0.309565217,0.154506438,0.373893805,0.706058347,0.195058518,0.501628664,0.756961973,Moderate
0.35504886,0.173913043,0.115879828,0.256637168,0.688383982,0.167750325,0.451682953,0.377633064,Moderate
0.117263844,0.222608696,0.47639485,0.258849558,0.648834387,0.198959688,0.414766558,0.430036576,Good
0.504885993,0.344347826,0.068669528,0.67920354,0.69169072,0.466840052,0.64495114,0.775279421,Hazardous
0.309446254,0.39826087,0.111587983,0.491150442,0.707605519,0.654096229,0.323561346,0.62934585,Moderate
0.276872964,0.245217391,0.111587983,0.369469027,0.744830792,0.516254876,0.623235613,0.477047712,Moderate
0.140065147,0.283478261,0.373390558,0.227876106,0.681637932,0.492847854,0.272529859,0.543703823,Good
0.169381107,0.099130435,0.450643777,0.318584071,0.569490985,0.44213264,0.340933768,0.439961804,Good
0.087947883,0.210434783,0.369098712,0.121681416,0.558609226,0.399219766,0.107491857,0.347545431,Good
0.25732899,0.323478261,0.124463519,0.384955752,0.648834387,0.33680104,0.194353963,0.542180618,Moderate
0.592833876,0.733913043,0.042918455,0.482300885,0.713701281,0.641092328,0.48534202,0.807470545,Hazardous
0.110749186,0.050434783,0.407725322,0.181415929,0.566814114,0.101430429,0.203040174,0.455758527,Good
0.221498371,0.366956522,0.201716738,0.25,0.658381251,0.345903771,0.465798046,0.731154165,Moderate
0.25732899,0.408695652,0.141630901,0.283185841,0.699773256,0.504551365,0.424538545,0.498977887,Moderate
0.143322476,0.222608696,0.343347639,0.181415929,0.634832924,0.521456437,0.296416938,0.33286253,Good
0.244299674,0.229565217,0.107296137,0.455752212,0.765283289,0.386215865,0.160694897,0.473675874,Moderate
0.140065147,0.333913043,0.330472103,0.212389381,0.592387577,0.176853056,0.178067318,0.367475536,Good
0.100977199,0.227826087,0.35193133,0.165929204,0.613382633,0.522756827,0.251900109,0.411579123,Good
0.035830619,0.243478261,0.583690987,0.298672566,0.665767524,0.235370611,0.100977199,0.518446408,Good
0.071661238,0.156521739,0.326180258,0.097345133,0.634832924,0.513654096,0.25732899,0.417952103,Good
0.540716612,0.728695652,0.017167382,0.683628319,0.889041088,0.897269181,0.937024973,0.730379543,Hazardous
0.517915309,0.412173913,0.206008584,0.515486726,0.765283289,0.327698309,0.522258415,0.7197068,Poor
0.110749186,0.165217391,0.493562232,0.227876106,0.611134068,0.084525358,0.261672096,0.542180618,Good
0.296416938,0.380869565,0.300429185,0.342920354,0.707605519,0.304291287,0.390879479,0.709797759,Moderate
0.426710098,0.323478261,0.163090129,0.453539823,0.716694947,0.542262679,0.188925081,0.565080478,Moderate
0.622149837,0.497391304,0.090128755,0.449115044,0.784205144,0.638491547,0.517915309,0.521057648,Poor
0.332247557,0.412173913,0.21888412,0.353982301,0.640928685,0.490247074,0.60369164,0.660618629,Moderate
0.397394137,0.417391304,0.30472103,0.524336283,0.81425285,0.633289987,0.669923996,0.581691478,Poor
0.315960912,0.340869565,0.364806867,0.247787611,0.785342053,0.534460338,0.266015201,0.505712856,Moderate
0.465798046,0.342608696,0.107296137,0.506637168,0.83089464,0.642392718,0.76330076,0.753825089,Poor
0.120521173,0.210434783,0.454935622,0.362831858,0.594808283,0.355006502,0.093376764,0.434359892,Good
0.100977199,0.373913043,0.480686695,0.296460177,0.529161846,0.149544863,0.154180239,0.570362839,Good
0.45276873,0.273043478,0.115879828,0.502212389,0.761572291,0.55526658,0.448425624,0.68476974,Poor
0.120521173,0.23826087,0.334763948,0.353982301,0.59958129,0.292587776,0.175895765,0.518446408,Good
0.273615635,0.429565217,0.154506438,0.431415929,0.75780604,0.365409623,0.127035831,0.480355321,Moderate
0.283387622,0.222608696,0.141630901,0.292035398,0.774921098,0.288686606,0.352877307,0.485731732,Moderate
0.879478827,0.471304348,0.008583691,0.471238938,0.950851248,0.630689207,0.552660152,0.651079706,Hazardous
0.120521173,0.295652174,0.433476395,0.183628319,0.644912419,0.482444733,0.143322476,0.305241865,Good
0.166123779,0.168695652,0.570815451,0.39159292,0.658381251,0.172951886,0.290988056,0.392742086,Good
0.381107492,0.132173913,0.167381974,0.340707965,0.698177277,0.368010403,0.510314875,0.491971118,Moderate
0.325732899,0.273043478,0.163090129,0.338495575,0.704501653,0.44473342,0.407166124,0.58885308,Moderate
0.374592834,0.469565217,0.115879828,0.342920354,0.856121692,0.633289987,0.500542888,0.6747257,Poor
0.198697068,0.172173913,0.699570815,0.311946903,0.608865337,0.339401821,0.423452769,0.356686711,Good
0.127035831,0.126956522,0.416309013,0.261061947,0.654605631,0.254876463,0.261672096,0.222426757,Good
0.583061889,0.332173913,0.150214592,0.380530973,0.748793722,0.33289987,0.639522258,0.622739023,Poor
0.328990228,0.297391304,0.21888412,0.557522124,0.696571165,0.391417425,0.158523344,0.517567195,Moderate
0.482084691,0.553043478,0.266094421,0.504424779,0.762815349,0.833550065,0.48534202,0.70144213,Poor
0.114006515,0.11826087,0.43776824,0.331858407,0.646881004,0.076723017,0.346362649,0.460720128,Good
0.319218241,0.419130435,0.17167382,0.511061947,0.667580879,0.174252276,0.488599349,0.547454384,Moderate
0.465798046,0.245217391,0.167381974,0.329646018,0.732555301,0.407022107,0.438653637,0.571658697,Moderate
0.13029316,0.090434783,0.364806867,0.205752212,0.601934441,0.369310793,0.221498371,0.358898769,Good
0.35504886,0.370434783,0.068669528,0.690265487,0.909288841,0.738621586,0.476655809,0.569057237,Poor
0.403908795,0.509565217,0.034334764,0.674778761,0.808107725,0.586475943,0.580890337,0.602886903,Hazardous
0.273615635,0.365217391,0.270386266,0.327433628,0.526019422,0.434330299,0.195439739,0.457012282,Moderate
0.179153094,0.337391304,0.326180258,0.196902655,0.584983287,0.260078023,0.370249729,0.425602866,Good
0.136807818,0.083478261,0.326180258,0.241150442,0.555814039,0.289986996,0.254071661,0.404963305,Good
0.094462541,0.172173913,0.381974249,0.296460177,0.644912419,0.308192458,0.213897937,0.347545431,Good
0.159609121,0.271304348,0.330472103,0.309734513,0.592387577,0.071521456,0.286644951,0.40664104,Good
0.120521173,0.076521739,0.394849785,0.188053097,0.638913042,0.512353706,0.352877307,0.547454384,Good
0.153094463,0.196521739,0.553648069,0.201327434,0.606576074,0.33289987,0.407166124,0.496009538,Good
0.368078176,0.406956522,0.227467811,0.384955752,0.747479631,0.407022107,0.442996743,0.492989562,Moderate
0.534201954,0.68173913,0.0472103,0.592920354,0.786473876,0.570871261,0.7752443,0.690398358,Hazardous
0.315960912,0.624347826,0.193133047,0.35619469,0.789839272,0.680104031,0.359391965,0.625127565,Poor
0.146579805,0.151304348,0.321888412,0.196902655,0.606576074,0.097529259,0.190010858,0.379595166,Good
0.338762215,0.226086957,0.188841202,0.362831858,0.789839272,0.453836151,0.222584148,0.610793164,Moderate
0.342019544,0.344347826,0.111587983,0.325221239,0.719653599,0.44473342,0.49402823,0.444047739,Moderate
0.319218241,0.307826087,0.124463519,0.283185841,0.783063102,0.321196359,0.449511401,0.691048712,Poor
0.127035831,0.193043478,0.536480687,0.207964602,0.667580879,0.035110533,0.490770901,0.521057648,Good
0.315960912,0.313043478,0.111587983,0.345132743,0.622182194,0.66449935,0.539630836,0.644840321,Moderate
0.35504886,0.443478261,0.137339056,0.210176991,0.683341385,0.673602081,0.391965255,0.5157953,Moderate
0.091205212,0.215652174,0.450643777,0.245575221,0.622182194,0.250975293,0.412595005,0.470237262,Good
0.084690554,0.177391304,0.429184549,0.25,0.634832924,0.397919376,0.372421281,0.444047739,Good
0.739413681,0.666086957,0.103004292,0.588495575,0.843822512,0.421326398,0.53854506,0.751320014,Hazardous
0.381107492,0.297391304,0.145922747,0.238938053,0.718178599,0.189856957,0.484256243,0.596851267,Moderate
0.061889251,0.11826087,0.326180258,0.146017699,0.672944229,0.050715215,0.166123779,0.22718443,Good
0.048859935,0.165217391,0.334763948,0.267699115,0.640928685,0.44993498,0.453854506,0.345182888,Good
0.384364821,0.473043478,0.141630901,0.418141593,0.707605519,0.309492848,0.331161781,0.653514011,Poor
0.13029316,0.285217391,0.429184549,0.190265487,0.59958129,0.262678804,0.246471227,0.47480711,Good
0.504885993,0.353043478,0.141630901,0.491150442,0.781915881,0.305591678,0.649294245,0.721350133,Poor
0.390879479,0.652173913,0.038626609,0.632743363,0.798600732,0.642392718,0.605863192,0.634366138,Poor
0.674267101,0.674782609,0.042918455,0.659292035,0.922159825,0.970091027,0.523344191,0.602886903,Hazardous
0.09771987,0.217391304,0.433476395,0.336283186,0.648834387,0.413524057,0.178067318,0.513103087,Good
0.127035831,0.095652174,0.43776824,0.307522124,0.669381327,0.364109233,0.438653637,0.53355543,Good
0.296416938,0.431304348,0.309012876,0.384955752,0.784205144,0.244473342,0.398479913,0.631188246,Moderate
0.068403909,0.142608696,0.381974249,0.192477876,0.640928685,0.256176853,0.185667752,0.416380652,Good
0.332247557,0.483478261,0.214592275,0.413716814,0.736713672,0.364109233,0.332247557,0.715810773,Moderate
0.537459283,0.379130435,0.244635193,0.542035398,0.772545852,0.33810143,0.68946797,0.519321192,Poor
0.374592834,0.222608696,0.270386266,0.376106195,0.743495898,0.426527958,0.230184582,0.70387076,Moderate
0.413680782,0.596521739,0.08583691,0.601769912,0.847398004,0.365409623,0.48534202,0.47925977,Poor
0.094462541,0.24,0.334763948,0.199115044,0.624335074,0.44863459,0.153094463,0.449350264,Good
0.442996743,0.570434783,0.072961373,0.294247788,0.752695525,0.798439532,0.414766558,0.721350133,Poor
0.120521173,0.107826087,0.433476395,0.316371681,0.644912419,0.191157347,0.221498371,0.631188246,Good
0.104234528,0.330434783,0.622317597,0.207964602,0.604265903,0.049414824,0.214983713,0.352176218,Good
0.136807818,0.335652174,0.416309013,0.181415929,0.615611387,0.11313394,0.083604777,0.394541525,Good
0.120521173,0.175652174,0.429184549,0.252212389,0.719653599,0.128738622,0.402823018,0.416380652,Good
0.280130293,0.330434783,0.188841202,0.493362832,0.654605631,0.612483745,0.185667752,0.692342157,Moderate
0.348534202,0.413913043,0.021459227,0.389380531,0.733949034,0.6710013,0.791530945,0.565080478,Hazardous
0.133550489,0.16173913,0.454935622,0.362831858,0.574761214,0.037711313,0.270358306,0.47925977,Good
0.091205212,0.153043478,0.321888412,0.300884956,0.656500485,0.182054616,0.072747014,0.389086284,Good
0.390879479,0.52,0.0472103,0.460176991,0.753982865,0.407022107,0.611292074,0.574856656,Poor
0.114006515,0.217391304,0.356223176,0.32300885,0.582466232,0.262678804,0.136807818,0.435777404,Good
0.371335505,0.368695652,0.399141631,0.272123894,0.634832924,0.326397919,0.574375679,0.579853956,Moderate
0.413680782,0.544347826,0.248927039,0.670353982,0.787600657,0.211963589,0.551574376,0.498977887,Poor
0.338762215,0.35826087,0.467811159,0.318584071,0.822220811,0.634590377,0.500542888,0.584711454,Moderate
0.537459283,0.269565217,0.077253219,0.46460177,0.681637932,0.574772432,0.532030402,0.659454529,Poor
0.13029316,0.16173913,0.35193133,0.28539823,0.638913042,0.410923277,0.386536374,0.52866372,Good
0.439739414,0.584347826,0.115879828,0.340707965,0.790951194,0.382314694,0.398479913,0.752006808,Poor
0.084690554,0.172173913,0.394849785,0.376106195,0.685033444,0.230169051,0.116178067,0.569711265,Good
0.159609121,0.048695652,0.463519313,0.245575221,0.606576074,0.085825748,0.308360478,0.352176218,Good
0.348534202,0.333913043,0.193133047,0.415929204,0.725469071,0.455136541,0.317046688,0.632557328,Moderate
0.410423453,0.516521739,0.077253219,0.511061947,0.744830792,0.548764629,0.489685125,0.620804249,Poor
0.159609121,0.144347826,0.399141631,0.336283186,0.674707036,0.44603381,0.158523344,0.679300179,Good
0.573289902,0.271304348,0.163090129,0.646017699,0.739448421,0.837451235,0.817589577,0.757183882,Hazardous
0.195439739,0.417391304,0.227467811,0.278761062,0.617820675,0.390117035,0.237785016,0.709214081,Moderate
0.315960912,0.313043478,0.120171674,0.28539823,0.606576074,0.22106632,0.422366992,0.58229969,Moderate
0.312703583,0.286956522,0.107296137,0.325221239,0.768940633,0.604681404,0.328990228,0.740434115,Moderate
0.605863192,0.4,0.042918455,0.654867257,0.743495898,0.492847854,0.850162866,0.718879265,Hazardous
0.338762215,0.255652174,0.042918455,0.460176991,0.674707036,0.543563069,0.583061889,0.587090179,Poor
0.100977199,0.32,0.605150215,0.267699115,0.685033444,0.408322497,0.370249729,0.33286253,Good
0.136807818,0.074782609,0.459227468,0.227876106,0.569490985,0.344603381,0.23669924,0.623219367,Good
0.146579805,0.172173913,0.321888412,0.292035398,0.622182194,0.22626788,0.413680782,0.416380652,Good
0.267100977,0.168695652,0.278969957,0.400442478,0.693328019,0.55526658,0.382193268,0.495008704,Moderate
0.172638436,0.165217391,0.360515021,0.225663717,0.642928394,0.010403121,0.282301846,0.480355321,Good
0.149837134,0.299130435,0.64806867,0.196902655,0.646881004,0.269180754,0.319218241,0.347545431,Good
0.397394137,0.344347826,0.145922747,0.451327434,0.747479631,0.771131339,0.312703583,0.742135331,Poor
0.133550489,0.144347826,0.463519313,0.287610619,0.604265903,0.377113134,0.107491857,0.327678735,Good
0.293159609,0.44,0.090128755,0.550884956,0.772545852,0.677503251,0.512486428,0.76242637,Poor
0.716612378,0.579130435,0.025751073,0.382743363,0.815262679,0.745123537,0.685124864,0.751778178,Hazardous
0.521172638,0.483478261,0.158798283,0.327433628,0.846508858,0.66319896,0.347448426,0.79221054,Poor
0.09771987,0.203478261,0.364806867,0.353982301,0.665767524,0.165149545,0.302931596,0.450650976,Good
0.654723127,0.68173913,0,0.738938053,0.889041088,0.717815345,0.48534202,0.62934585,Hazardous
0.459283388,0.650434783,0.480686695,0.420353982,0.883715378,0.758127438,0.373507058,0.78649865,Hazardous
0.390879479,0.36173913,0.13304721,0.568584071,0.672944229,0.612483745,0.570032573,0.637044508,Poor
0.149837134,0.116521739,0.442060086,0.325221239,0.604265903,0.189856957,0.185667752,0.29914846,Good
0.625407166,0.579130435,0.030042918,0.544247788,0.790951194,0.77763329,0.425624321,0.611820648,Hazardous
0.214983713,0.262608696,0.184549356,0.276548673,0.707605519,0.314694408,0.287730727,0.491971118,Moderate
0.143322476,0.285217391,0.420600858,0.263274336,0.662101346,0.33289987,0.04451683,0.302221889,Good
0.100977199,0.069565217,0.386266094,0.369469027,0.597206044,0.061118336,0.454940282,0.308210214,Good
0.117263844,0.168695652,0.399141631,0.225663717,0.650772802,0.022106632,0.077090119,0.387229109,Good
0.159609121,0.226086957,0.334763948,0.265486726,0.547238239,0.396618986,0.186753529,0.451942017,Good
0.087947883,0.107826087,0.334763948,0.183628319,0.638913042,0.195058518,0.237785016,0.535950561,Good
0.390879479,0.306086957,0.163090129,0.477876106,0.733949034,0.500650195,0.185667752,0.652706362,Moderate
0.332247557,0.346086957,0.124463519,0.433628319,0.778442666,0.491547464,0.191096634,0.677905439,Moderate
0.573289902,0.217391304,0.068669528,0.805309735,0.826112609,0.833550065,0.470141151,0.711537115,Hazardous
0.117263844,0.086956522,0.330472103,0.300884956,0.535331954,0.55136541,0.160694897,0.330289976,Good
0.13029316,0.269565217,0.433476395,0.272123894,0.632767917,0.314694408,0.198697068,0.675437358,Good
0.231270358,0.20173913,0.124463519,0.442477876,0.781915881,0.295188557,0.550488599,0.671486646,Moderate
0.338762215,0.375652174,0.090128755,0.579646018,0.849166975,0.518855657,0.422366992,0.551850675,Poor
0.664495114,0.39826087,0.051502146,0.57079646,0.926741407,0.490247074,0.562432139,0.695850241,Hazardous
0.472312704,0.417391304,0.077253219,0.433628319,0.337704367,0.396618986,0.522258415,0.558939178,Poor
0.114006515,0.356521739,0.369098712,0.230088496,0.669381327,0.167750325,0.045602606,0.451942017,Good
0.358306189,0.335652174,0.519313305,0.504424779,0.646881004,0.587776333,0.521172638,0.497004636,Moderate
0.684039088,0.316521739,0.012875536,0.493362832,0.806025722,0.823146944,0.467969598,0.701136149,Hazardous
0.09771987,0.213913043,0.454935622,0.263274336,0.640928685,0.152145644,0.290988056,0.455758527,Good
0.091205212,0.191304348,0.35193133,0.221238938,0.665767524,0.100130039,0.357220413,0.514902525,Good
0.270358306,0.393043478,0.197424893,0.413716814,0.68671426,0.293888166,0.288816504,0.711825321,Moderate
0.117263844,0.090434783,0.326180258,0.210176991,0.650772802,0.045513654,0.107491857,0.40830272,Good
0.599348534,0.445217391,0.137339056,0.546460177,0.839280884,0.700910273,0.403908795,0.774678922,Hazardous
0.136807818,0.311304348,0.339055794,0.230088496,0.698177277,0.102730819,0.371335505,0.389086284,Good
0.661237785,0.707826087,0.17167382,0.497787611,0.953782473,0.513654096,0.491856678,0.595168111,Hazardous
0.127035831,0.342608696,0.369098712,0.349557522,0.584983287,0.325097529,0.05320304,0.53030965,Good
0.462540717,0.902608696,0.017167382,0.623893805,0.726902286,0.578673602,0.496199783,0.545213782,Hazardous
0.120521173,0.253913043,0.158798283,0.537610619,0.760323094,0.257477243,0.437567861,0.485731732,Moderate
0.078175896,0.283478261,0.442060086,0.334070796,0.592387577,0.383615085,0.107491857,0.340359128,Good
0.087947883,0.165217391,0.334763948,0.126106195,0.626469786,0.44603381,0.203040174,0.488879448,Good
0.723127036,0.56,0.326180258,0.433628319,0.776100409,0.936280884,0.713355049,0.580468627,Hazardous
0.104234528,0.269565217,0.343347639,0.225663717,0.617820675,0.417425228,0.486427796,0.390923806,Good
0.208469055,0.31826087,0.17167382,0.340707965,0.733949034,0.228868661,0.400651466,0.465543889,Moderate
0.319218241,0.363478261,0.128755365,0.524336283,0.778442666,0.407022107,0.758957655,0.505712856,Poor
0.273615635,0.260869565,0.128755365,0.194690265,0.644912419,0.211963589,0.470141151,0.682738791,Moderate
0.456026059,0.594782609,0.270386266,0.342920354,0.820252227,0.537061118,0.1834962,0.758729359,Poor
0.241042345,0.255652174,0.111587983,0.367256637,0.678196221,0.291287386,0.25732899,0.737726638,Moderate
0.407166124,0.467826087,0.236051502,0.342920354,0.702935321,0.55136541,0.55917481,0.6330113,Poor
0.241042345,0.572173913,0.077253219,0.537610619,0.865382561,0.351105332,0.335504886,0.739454455,Poor
0.543973941,0.55826087,0.055793991,0.53539823,0.856121692,0.55656697,0.488599349,0.594603414,Poor
0.250814332,0.173913043,0.25751073,0.360619469,0.592387577,0.517555267,0.373507058,0.396322506,Moderate
0.35504886,0.387826087,0.128755365,0.422566372,0.742153922,0.386215865,0.31053203,0.464350453,Moderate
0.267100977,0.406956522,0.137339056,0.504424779,0.690042754,0.260078023,0.225841477,0.624652477,Moderate
0.13029316,0.262608696,0.343347639,0.294247788,0.620010834,0.026007802,0.314875136,0.398085407,Good
0.078175896,0.288695652,0.399141631,0.112831858,0.665767524,0.459037711,0.260586319,0.551125646,Good
0.247557003,0.450434783,0.137339056,0.513274336,0.706058347,0.520156047,0.255157438,0.53355543,Moderate
0.214983713,0.269565217,0.120171674,0.519911504,0.732555301,0.595578674,0.294245385,0.620317168,Moderate
0.345276873,0.316521739,0.240343348,0.466814159,0.702935321,0.405721717,0.45276873,0.367475536,Moderate
0.182410423,0.384347826,0.163090129,0.342920354,0.658381251,0.211963589,0.598262758,0.550397577,Moderate
0.263843648,0.302608696,0.17167382,0.446902655,0.57992388,0.234070221,0.300760043,0.460720128,Moderate
0.57980456,0.365217391,0.107296137,0.32079646,0.809142335,0.412223667,0.745928339,0.509447284,Poor
0.071661238,0.262608696,0.394849785,0.17920354,0.608865337,0.401820546,0.170466884,0.435777404,Good
0.351791531,0.344347826,0.13304721,0.387168142,0.729744584,0.369310793,0.673181325,0.789654217,Poor
0.09771987,0.271304348,0.360515021,0.230088496,0.59958129,0.254876463,0.395222584,0.41319443,Good
0.306188925,0.382608696,0.154506438,0.444690265,0.67992293,0.379713914,0.449511401,0.556138404,Moderate
0.123778502,0.193043478,0.579399142,0.238938053,0.594808283,0.305591678,0.3669924,0.411579123,Good
0.325732899,0.44,0.236051502,0.396017699,0.663941077,0.391417425,0.357220413,0.610793164,Moderate
0.377850163,0.509565217,0.214592275,0.327433628,0.738084742,0.472041612,0.543973941,0.720804082,Poor
0.312703583,0.274782609,0.120171674,0.422566372,0.765283289,0.342002601,0.226927253,0.567741744,Moderate
0.123778502,0.173913043,0.429184549,0.110619469,0.648834387,0.474642393,0.424538545,0.486787324,Good
0.293159609,0.417391304,0.223175966,0.294247788,0.724027689,0.650195059,0.384364821,0.548194872,Moderate
0.306188925,0.243478261,0.201716738,0.367256637,0.722578047,0.708712614,0.542888165,0.53355543,Moderate
0.469055375,0.56,0.141630901,0.475663717,0.917493729,0.724317295,0.648208469,0.741893318,Hazardous
0.364820847,0.227826087,0.120171674,0.382743363,0.615611387,0.339401821,0.273615635,0.492989562,Moderate
0.110749186,0.126956522,0.412017167,0.380530973,0.584983287,0.495448635,0.089033659,0.497994065,Good
0.459283388,0.28,0.038626609,0.57300885,0.892034755,0.343302991,0.434310532,0.682056494,Poor
0.081433225,0.07826087,0.339055794,0.265486726,0.617820675,0.360208062,0.252985885,0.392742086,Good
0.312703583,0.537391304,0.111587983,0.440265487,0.604265903,0.414824447,0.477741585,0.677203845,Poor
0.28990228,0.492173913,0.175965665,0.267699115,0.713701281,0.616384915,0.536373507,0.573584531,Moderate
0.638436482,0.429565217,0.072961373,0.424778761,0.636881209,0.706111834,0.475570033,0.666324867,Poor
0.110749186,0.097391304,0.330472103,0.365044248,0.594808283,0.430429129,0.220412595,0.495008704,Good
0.283387622,0.151304348,0.206008584,0.415929204,0.778442666,0.456436931,0.276872964,0.518446408,Moderate
0.423452769,0.51826087,0.060085837,0.376106195,0.878275128,0.729518856,0.235613464,0.590018482,Poor
0.276872964,0.339130435,0.120171674,0.292035398,0.743495898,0.500650195,0.378935939,0.514902525,Moderate
0.13029316,0.125217391,0.433476395,0.261061947,0.648834387,0.378413524,0.380021716,0.482525902,Good
0.061889251,0.149565217,0.394849785,0.269911504,0.67116905,0.315994798,0.325732899,0.358898769,Good
0.491856678,0.495652174,0.068669528,0.539823009,0.854400856,0.44343303,0.372421281,0.596851267,Poor
0.100977199,0.246956522,0.343347639,0.225663717,0.632767917,0.137841352,0.157437568,0.569711265,Good
0.211726384,0.248695652,0.115879828,0.327433628,0.722578047,0.490247074,0.251900109,0.539870462,Moderate
0.247557003,0.544347826,0.038626609,0.681415929,0.858681193,0.674902471,0.298588491,0.856467695,Poor
0.120521173,0.163478261,0.369098712,0.369469027,0.69169072,0.016905072,0.196525516,0.56440874,Good
0.133550489,0.340869565,0.519313305,0.287610619,0.663941077,0.473342003,0.457111835,0.417952103,Good
0.133550489,0.299130435,0.454935622,0.298672566,0.634832924,0.44993498,0.169381107,0.373641067,Good
0.534201954,0.443478261,0.158798283,0.42920354,0.878275128,0.295188557,0.286644951,0.656707558,Poor
0.156351792,0.067826087,0.373390558,0.210176991,0.674707036,0.22496749,0.309446254,0.39983059,Good
0.19218241,0.283478261,0.180257511,0.376106195,0.660248137,0.288686606,0.222584148,0.478157263,Moderate
0.123778502,0.306086957,0.330472103,0.21460177,0.640928685,0.279583875,0.293159609,0.511284807,Good
0.293159609,0.323478261,0.17167382,0.327433628,0.725469071,0.638491547,0.465798046,0.363240101,Moderate
0.117263844,0.222608696,0.356223176,0.294247788,0.650772802,0.209362809,0.260586319,0.434359892,Good
0.32247557,0.497391304,0.051502146,0.442477876,0.722578047,0.66319896,0.537459283,0.716932872,Poor
0.169381107,0.15826087,0.433476395,0.201327434,0.696571165,0.049414824,0.337676439,0.411579123,Good
0.674267101,0.509565217,0.004291845,0.542035398,0.626469786,0.525357607,0.583061889,0.5157953,Hazardous
0.087947883,0.193043478,0.407725322,0.258849558,0.617820675,0.179453836,0.332247557,0.659454529,Good
0.475570033,0.728695652,0.055793991,0.402654867,0.790951194,0.765929779,0.527687296,0.855966195,Hazardous
0.068403909,0.266086957,0.497854077,0.112831858,0.608865337,0.295188557,0.195439739,0.379595166,Good
0.09771987,0.151304348,0.446351931,0.205752212,0.597206044,0.184655397,0.086862106,0.495008704,Good
0.38762215,0.311304348,0.111587983,0.384955752,0.748793722,0.257477243,0.263843648,0.664443546,Moderate
0.211726384,0.186086957,0.283261803,0.351769912,0.764052329,0.192457737,0.336590662,0.733203088,Moderate
0.361563518,0.245217391,0.193133047,0.502212389,0.696571165,0.492847854,0.27795874,0.430036576,Moderate
0.267100977,0.28,0.150214592,0.473451327,0.713701281,0.280884265,0.280130293,0.488879448,Moderate
0.51465798,0.499130435,0.188841202,0.601769912,0.905790004,0.477243173,0.448425624,0.634815412,Hazardous
0.127035831,0.233043478,0.347639485,0.225663717,0.644912419,0.381014304,0.211726384,0.381535345,Good
0.371335505,0.486956522,0.072961373,0.314159292,0.808107725,0.817945384,0.576547231,0.629808285,Poor
0.123778502,0.293913043,0.347639485,0.123893805,0.622182194,0.377113134,0.210640608,0.478157263,Good
0.286644951,0.314782609,0.141630901,0.35840708,0.628586634,0.322496749,0.193268187,0.517567195,Moderate
0.276872964,0.285217391,0.111587983,0.460176991,0.709143286,0.296488947,0.28990228,0.684432894,Moderate
0.475570033,0.365217391,0.055793991,0.579646018,0.809142335,0.44863459,0.636264929,0.614867116,Poor
0.117263844,0.28173913,0.35193133,0.387168142,0.683341385,0.037711313,0.419109663,0.591176114,Good
0.071661238,0.28,0.373390558,0.398230088,0.644912419,0.048114434,0.459283388,0.473675874,Good
0.426710098,0.462608696,0.158798283,0.57079646,0.793160482,0.710013004,0.781758958,0.780786154,Hazardous
0.534201954,0.412173913,0.206008584,0.446902655,0.766508289,0.282184655,0.574375679,0.648195869,Poor
0.029315961,0.229565217,0.381974249,0.199115044,0.67992293,0.179453836,0.200868621,0.305241865,Good
0.276872964,0.419130435,0.283261803,0.371681416,0.669381327,0.21846554,0.454940282,0.6361563,Moderate
0.078175896,0.126956522,0.394849785,0.161504425,0.669381327,0.511053316,0.137893594,0.435777404,Good
0.32247557,0.464347826,0.17167382,0.300884956,0.739448421,0.55526658,0.100977199,0.473675874,Moderate
0.38762215,0.326956522,0.103004292,0.449115044,0.799674882,0.720416125,0.346362649,0.465543889,Poor
0.273615635,0.372173913,0.128755365,0.278761062,0.644912419,0.530559168,0.497285559,0.53355543,Moderate
0.205211726,0.455652174,0.201716738,0.367256637,0.755263688,0.206762029,0.24864278,0.572944957,Moderate
0.371335505,0.40173913,0.051502146,0.360619469,0.719653599,0.816644993,0.62432139,0.545213782,Poor
0.439739414,0.448695652,0.244635193,0.537610619,0.797522002,0.241872562,0.622149837,0.865968135,Poor
0.599348534,0.429565217,0.055793991,0.696902655,0.780763433,0.423927178,0.507057546,0.688102745,Hazardous
0.400651466,0.316521739,0.060085837,0.39380531,0.755263688,0.317295189,0.399565689,0.438578177,Poor
0.13029316,0.516521739,0.163090129,0.258849558,0.706058347,0.495448635,0.378935939,0.613350563,Moderate
0.127035831,0.349565217,0.356223176,0.384955752,0.68671426,0.041612484,0.190010858,0.487836536,Good
0.156351792,0.106086957,0.407725322,0.307522124,0.73533513,0.262678804,0.380021716,0.446719241,Good
0.45276873,0.429565217,0.107296137,0.462389381,0.781915881,0.472041612,0.370249729,0.529488635,Poor
0.087947883,0.172173913,0.377682403,0.296460177,0.561373864,0.381014304,0.296416938,0.325027627,Good
0.449511401,0.342608696,0.004291845,0.840707965,0.744830792,0.723016905,0.789359392,0.535155849,Hazardous
0.456026059,0.71826087,0.055793991,0.542035398,0.597206044,0.703511053,0.528773073,0.637044508,Hazardous
0.123778502,0.271304348,0.510729614,0.190265487,0.69169072,0.254876463,0.163952226,0.581691478,Good
0.087947883,0.19826087,0.339055794,0.267699115,0.604265903,0.501950585,0.333333333,0.687441243,Good
0.48534202,0.4,0.077253219,0.404867257,0.760323094,0.529258778,0.643865364,0.727772223,Poor
0.146579805,0.330434783,0.326180258,0.241150442,0.644912419,0.481144343,0.068403909,0.414794849,Good
0.074918567,0.15826087,0.35193133,0.181415929,0.662101346,0.208062419,0.185667752,0.683078936,Good
0.218241042,0.353043478,0.107296137,0.619469027,0.799674882,0.141742523,0.206297503,0.590598263,Moderate
0.221498371,0.4,0.120171674,0.418141593,0.739448421,0.635890767,0.116178067,0.621774331,Moderate
0.534201954,0.234782609,0.051502146,0.371681416,0.731153846,0.598179454,0.449511401,0.576119528,Poor
0.120521173,0.166956522,0.356223176,0.342920354,0.644912419,0.149544863,0.402823018,0.424099443,Good
0.214983713,0.35826087,0.154506438,0.411504425,0.733949034,0.44603381,0.495114007,0.434359892,Moderate
0.397394137,0.288695652,0.287553648,0.477876106,0.701359229,0.589076723,0.534201954,0.721350133,Moderate
0.680781759,0.285217391,0.158798283,0.57300885,0.732555301,0.620286086,0.453854506,0.75982491,Poor
0.234527687,0.259130435,0.120171674,0.482300885,0.626469786,0.600780234,0.234527687,0.711537115,Moderate
0.094462541,0.325217391,0.364806867,0.150442478,0.696571165,0.195058518,0.319218241,0.461938689,Good
0.179153094,0.212173913,0.369098712,0.345132743,0.594808283,0.464239272,0.093376764,0.58590489,Good
0.071661238,0.12,0.506437768,0.223451327,0.620010834,0.33159948,0.275787188,0.50852118,Good
0.332247557,0.368695652,0.158798283,0.294247788,0.770148091,0.465539662,0.223669924,0.557544438,Poor
0.283387622,0.410434783,0.167381974,0.528761062,0.772545852,0.145643693,0.146579805,0.58885308,Moderate
0.273615635,0.40173913,0.386266094,0.39159292,0.725469071,0.572171651,0.458197611,0.701747573,Moderate
0.084690554,0.314782609,0.369098712,0.046460177,0.624335074,0.054616385,0.312703583,0.556138404,Good
0.28990228,0.226086957,0.158798283,0.296460177,0.772545852,0.232769831,0.382193268,0.551850675,Moderate
0.745928339,0.408695652,0.030042918,0.634955752,0.781915881,0.742522757,0.554831705,0.910566179,Hazardous
0.035830619,0.231304348,0.416309013,0.296460177,0.644912419,0.503250975,0.208469055,0.385351855,Good
0.133550489,0.267826087,0.43776824,0.210176991,0.594808283,0.21846554,0.349619978,0.371610117,Good
0.211726384,0.337391304,0.206008584,0.486725664,0.772545852,0.205461638,0.464712269,0.558939178,Moderate
0.104234528,0.325217391,0.330472103,0.183628319,0.648834387,0.452535761,0.19218241,0.505712856,Good
0.25732899,0.445217391,0.154506438,0.157079646,0.739448421,0.318595579,0.480998914,0.572944957,Moderate
0.459283388,0.539130435,0.098712446,0.701327434,0.823199389,0.585175553,0.726384365,0.680338931,Hazardous
0.133550489,0.175652174,0.347639485,0.256637168,0.569490985,0.257477243,0.497285559,0.590018482,Good
0.280130293,0.443478261,0.150214592,0.469026549,0.685033444,0.66840052,0.351791531,0.747610517,Poor
0.28990228,0.528695652,0.098712446,0.415929204,0.797522002,0.260078023,0.378935939,0.70477281,Poor
0.107491857,0.323478261,0.321888412,0.192477876,0.589943482,0.365409623,0.116178067,0.349876261,Good
0.081433225,0.140869565,0.326180258,0.376106195,0.589943482,0.257477243,0.445168295,0.481444003,Good
0.188925081,0.452173913,0.150214592,0.245575221,0.561373864,0.55656697,0.318132465,0.637486914,Moderate
0.09771987,0.189565217,0.56223176,0.289823009,0.626469786,0.096228869,0.358306189,0.527002041,Good
0.120521173,0.267826087,0.43776824,0.236725664,0.638913042,0.279583875,0.268186754,0.510368476,Good
0.143322476,0.23826087,0.360515021,0.278761062,0.624335074,0.202860858,0.199782845,0.428571215,Good
0.107491857,0.333913043,0.330472103,0.274336283,0.617820675,0.049414824,0.311617807,0.392742086,Good
0.400651466,0.386086957,0.068669528,0.396017699,0.844721134,0.361508453,0.718783931,0.616370538,Poor
0.169381107,0.269565217,0.128755365,0.504424779,0.650772802,0.44863459,0.243213898,0.480355321,Moderate
0.120521173,0.123478261,0.489270386,0.216814159,0.615611387,0.250975293,0.270358306,0.286280039,Good
0.107491857,0.233043478,0.450643777,0.289823009,0.632767917,0.22236671,0.31053203,0.636600972,Good
0.426710098,0.445217391,0.188841202,0.267699115,0.712191056,0.381014304,0.23669924,0.379595166,Moderate
0.120521173,0.113043478,0.381974249,0.420353982,0.624335074,0.123537061,0.326818675,0.494002068,Good
0.153094463,0.274782609,0.339055794,0.17920354,0.572139824,0.516254876,0.10640608,0.437183437,Good
0.364820847,0.396521739,0.055793991,0.57079646,0.803926442,0.747724317,0.347448426,0.516683507,Poor
0.306188925,0.299130435,0.13304721,0.382743363,0.716694947,0.538361508,0.535287731,0.618847673,Moderate
0.276872964,0.31826087,0.193133047,0.415929204,0.648834387,0.417425228,0.228013029,0.620317168,Moderate
0.211726384,0.304347826,0.300429185,0.254424779,0.724027689,0.460338101,0.218241042,0.588267433,Moderate
0.755700326,0.589565217,0,0.522123894,0.797522002,0.849154746,0.546145494,0.819340051,Hazardous
0.527687296,0.453913043,0.004291845,0.568584071,0.912739943,0.738621586,0.331161781,0.79221054,Hazardous
0.348534202,0.259130435,0.330472103,0.345132743,0.726902286,0.66970091,0.412595005,0.483601102,Moderate
0.319218241,0.233043478,0.158798283,0.493362832,0.650772802,0.357607282,0.155266015,0.469075758,Moderate
0.250814332,0.396521739,0.21888412,0.336283186,0.67116905,0.641092328,0.104234528,0.727509325,Moderate
0.123778502,0.213913043,0.665236052,0.342920354,0.622182194,0.188556567,0.089033659,0.432930713,Good
0.094462541,0.304347826,0.480686695,0.25,0.589943482,0.042912874,0.395222584,0.485731732,Good
0.465798046,0.530434783,0.163090129,0.661504425,0.844721134,0.511053316,0.641693811,0.693305957,Hazardous
0.293159609,0.36173913,0.158798283,0.225663717,0.746158679,0.423927178,0.44082519,0.497004636,Moderate
0.439739414,0.546086957,0.0472103,0.402654867,0.905790004,0.498049415,0.642779587,0.902880722,Poor
0.123778502,0.132173913,0.480686695,0.258849558,0.538361473,0.019505852,0.351791531,0.446719241,Good
0.371335505,0.405217391,0.090128755,0.5,0.795350642,0.566970091,0.371335505,0.653514011,Poor
0.143322476,0.347826087,0.128755365,0.351769912,0.698177277,0.230169051,0.37567861,0.715246993,Moderate
0.074918567,0.273043478,0.334763948,0.25,0.663941077,0.526657997,0.372421281,0.435777404,Good
0.061889251,0.107826087,0.459227468,0.212389381,0.574761214,0.33289987,0.165038002,0.548194872,Good
0.071661238,0.304347826,0.403433476,0.411504425,0.665767524,0.180754226,0.348534202,0.432930713,Good
0.091205212,0.182608696,0.43776824,0.265486726,0.566814114,0.483745124,0.295331162,0.494002068,Good
0.133550489,0.154782609,0.369098712,0.263274336,0.656500485,0.413524057,0.471226927,0.544460444,Good
0.140065147,0.194782609,0.339055794,0.32300885,0.642928394,0.249674902,0.42019544,0.541413976,Good
0.123778502,0.153043478,0.412017167,0.227876106,0.564108614,0.154746424,0.21606949,0.633464088,Good
0.778501629,0.506086957,0.236051502,0.736725664,0.765283289,0.413524057,0.523344191,0.577373282,Hazardous
0.107491857,0.274782609,0.510729614,0.161504425,0.526019422,0.431729519,0.330076004,0.595168111,Good
0.423452769,0.332173913,0.103004292,0.345132743,0.806025722,0.589076723,0.697068404,0.773875012,Poor
0.693811075,0.728695652,0.373390558,0.60619469,0.927389197,0.628088427,0.702497286,0.644416281,Hazardous
0.374592834,0.23826087,0.154506438,0.212389381,0.724027689,0.491547464,0.504885993,0.52447932,Moderate
0.114006515,0.156521739,0.369098712,0.232300885,0.678196221,0.063719116,0.149837134,0.401558407,Good
0.941368078,0.499130435,0.030042918,0.564159292,0.650772802,0.788036411,0.331161781,0.81026999,Hazardous
0.078175896,0.283478261,0.35193133,0.263274336,0.665767524,0.209362809,0.155266015,0.501896346,Good
0.094462541,0,0.369098712,0.362831858,0.594808283,0.235370611,0.42019544,0.64861079,Good
0.166123779,0.267826087,0.330472103,0.413716814,0.561373864,0.270481144,0.254071661,0.464350453,Good
0.221498371,0.210434783,0.291845494,0.431415929,0.696571165,0.55136541,0.226927253,0.700829628,Moderate
0.423452769,0.431304348,0.051502146,0.247787611,0.807068866,0.635890767,0.653637351,0.862133186,Poor
0.140065147,0.333913043,0.326180258,0.263274336,0.716694947,0.473342003,0.302931596,0.565749628,Good
0.270358306,0.231304348,0.141630901,0.440265487,0.795350642,0.460338101,0.167209555,0.535950561,Moderate
0.107491857,0.165217391,0.416309013,0.174778761,0.587475542,0.239271782,0.469055375,0.612842087,Good
0.517915309,0.686956522,0.137339056,0.559734513,0.850923662,0.431729519,0.336590662,0.651487801,Hazardous
0.110749186,0.24,0.35193133,0.174778761,0.67116905,0.377113134,0.127035831,0.451942017,Good
0.524429967,0.606956522,0.068669528,0.659292035,0.833721059,0.791937581,0.675352877,0.612842087,Hazardous
0.071661238,0.271304348,0.459227468,0.32300885,0.638913042,0.250975293,0.161780673,0.349876261,Good
0.201954397,0.220869565,0.201716738,0.238938053,0.793160482,0.494148244,0.3669924,0.337896048,Moderate
0.185667752,0.253913043,0.446351931,0.278761062,0.582466232,0.261378414,0.028230185,0.551125646,Good
0.228013029,0.333913043,0.124463519,0.227876106,0.748793722,0.472041612,0.223669924,0.563057416,Moderate
0.61237785,0.753043478,0.077253219,0.46460177,0.787600657,0.507152146,0.563517915,0.952547322,Hazardous
0.325732899,0.370434783,0.145922747,0.619469027,0.829945438,0.764629389,0.326818675,0.606092733,Poor
0.794788274,0.389565217,0.068669528,0.732300885,0.837441153,0.514954486,0.71009772,0.836452979,Hazardous
0.348534202,0.219130435,0.141630901,0.331858407,0.773736263,0.278283485,0.42888165,0.579237102,Moderate
0.107491857,0.083478261,0.369098712,0.433628319,0.646881004,0.032509753,0.467969598,0.432930713,Good
0.267100977,0.537391304,0.21888412,0.39159292,0.706058347,0.390117035,0.464712269,0.724590866,Moderate
0.094462541,0.28,0.321888412,0.185840708,0.636881209,0.169050715,0.259500543,0.550397577,Good
0.247557003,0.293913043,0.111587983,0.411504425,0.748793722,0.355006502,0.172638436,0.701747573,Moderate
0.345276873,0.420869565,0.197424893,0.564159292,0.793160482,0.621586476,0.586319218,0.650260628,Poor
0.107491857,0.236521739,0.339055794,0.307522124,0.669381327,0.344603381,0.271444083,0.622257347,Good
0.351791531,0.476521739,0.0472103,0.528761062,0.747479631,0.547464239,0.370249729,0.511284807,Poor
0.583061889,0.4,0.167381974,0.584070796,0.774921098,0.477243173,0.529858849,0.739454455,Hazardous
0.136807818,0.222608696,0.330472103,0.276548673,0.622182194,0.248374512,0.201954397,0.496009538,Good
0.117263844,0.194782609,0.673819742,0.221238938,0.620010834,0.507152146,0.39630836,0.52866372,Good
0.32247557,0.363478261,0.038626609,0.457964602,0.859528637,0.644993498,0.206297503,0.601261516,Poor
0.286644951,0.316521739,0.369098712,0.353982301,0.69169072,0.193758127,0.285559175,0.482525902,Moderate
0.107491857,0.347826087,0.343347639,0.245575221,0.640928685,0.374512354,0.261672096,0.454495655,Good
0.110749186,0.286956522,0.690987124,0.362831858,0.577355718,0.174252276,0.086862106,0.606092733,Good
0.16286645,0.271304348,0.334763948,0.207964602,0.564108614,0.408322497,0.399565689,0.568400737,Good
0.068403909,0.257391304,0.35193133,0.223451327,0.587475542,0.015604681,0.409337676,0.342787758,Good
0.218241042,0.596521739,0.137339056,0.473451327,0.688383982,0.715214564,0.459283388,0.703569032,Poor
0.117263844,0.20173913,0.326180258,0.345132743,0.624335074,0.455136541,0.480998914,0.437183437,Good
0.358306189,0.354782609,0.107296137,0.201327434,0.780763433,0.395318596,0.49402823,0.486787324,Moderate
0.67752443,0.591304348,0.107296137,0.466814159,0.808107725,0.806241873,0.500542888,0.649437668,Hazardous
0.061889251,0.2,0.326180258,0.338495575,0.644912419,0.228868661,0.254071661,0.394541525,Good
0.456026059,0.417391304,0.103004292,0.378318584,0.829945438,0.618985696,0.402823018,0.749938222,Poor
0.335504886,0.253913043,0.283261803,0.42699115,0.690042754,0.297789337,0.155266015,0.649437668,Moderate
0.146579805,0.297391304,0.381974249,0.340707965,0.638913042,0.133940182,0.429967427,0.563734392,Good
0.28990228,0.375652174,0.141630901,0.378318584,0.68671426,0.263979194,0.195439739,0.478157263,Moderate
0.469055375,0.47826087,0.17167382,0.588495575,0.774921098,0.524057217,0.429967427,0.624176087,Poor
0.091205212,0.052173913,0.339055794,0.316371681,0.611134068,0.412223667,0.432138979,0.322335415,Good
0.361563518,0.43826087,0.141630901,0.404867257,0.736713672,0.423927178,0.197611292,0.573584531,Moderate
0.143322476,0.059130435,0.343347639,0.351769912,0.636881209,0.192457737,0.350705755,0.387229109,Good
0.276872964,0.233043478,0.124463519,0.190265487,0.762815349,0.409622887,0.251900109,0.572303018,Moderate
0.143322476,0.476521739,0.042918455,0.181415929,0.79205825,0.509752926,0.427795874,0.662158721,Poor
0.371335505,0.526956522,0.055793991,0.376106195,0.768940633,0.576072822,0.26927253,0.759606352,Poor
0.403908795,0.31826087,0.042918455,0.373893805,0.738084742,0.435630689,0.409337676,0.718325375,Poor
0.250814332,0.426086957,0.261802575,0.35840708,0.834656224,0.498049415,0.388707926,0.556138404,Moderate
0.534201954,0.706086957,0.13304721,0.409292035,0.767727385,0.738621586,0.42019544,0.617861056,Poor
0.195439739,0.156521739,0.463519313,0.340707965,0.634832924,0.353706112,0.333333333,0.428571215,Good
0.25732899,0.387826087,0.120171674,0.415929204,0.787600657,0.621586476,0.554831705,0.725923522,Moderate
0.127035831,0.137391304,0.446351931,0.238938053,0.632767917,0.258777633,0.220412595,0.497004636,Good
0.211726384,0.290434783,0.180257511,0.446902655,0.781915881,0.391417425,0.397394137,0.603962102,Moderate
0.61237785,0.725217391,0.017167382,0.588495575,0.789839272,0.752925878,0.299674267,0.825283698,Hazardous
0.104234528,0.330434783,0.347639485,0.396017699,0.632767917,0.165149545,0.308360478,0.363240101,Good
0.351791531,0.446956522,0.206008584,0.581858407,0.701359229,0.55786736,0.346362649,0.641418649,Poor
0.133550489,0.205217391,0.416309013,0.287610619,0.650772802,0.323797139,0.283387622,0.421052975,Good
0.091205212,0.12,0.52360515,0.17699115,0.59958129,0.263979194,0.288816504,0.431489674,Good
0.374592834,0.433043478,0.188841202,0.378318584,0.752695525,0.21976593,0.446254072,0.558939178,Moderate
0.140065147,0.12,0.334763948,0.139380531,0.54135514,0.417425228,0.054288817,0.330289976,Good
0.074918567,0.292173913,0.326180258,0.234513274,0.674707036,0.375812744,0.084690554,0.5157953,Good
0.586319218,0.497391304,0.098712446,0.517699115,0.617820675,0.703511053,0.364820847,0.623698386,Poor
0.110749186,0.290434783,0.347639485,0.274336283,0.69169072,0.325097529,0.046688382,0.356686711,Good
0.654723127,0.424347826,0.098712446,0.477876106,0.978738695,0.708712614,0.271444083,0.594036874,Hazardous
0.690553746,0.513043478,0.0472103,0.789823009,0.856121692,0.565669701,0.618892508,0.774277432,Hazardous
0.250814332,0.28,0.343347639,0.338495575,0.747479631,0.213263979,0.488599349,0.587090179,Moderate
0.573289902,0.462608696,0,0.712389381,0.740804789,0.409622887,0.463626493,0.569057237,Hazardous
0.094462541,0.2,0.381974249,0.303097345,0.608865337,0.487646294,0.346362649,0.651487801,Good
0.260586319,0.370434783,0.17167382,0.402654867,0.748793722,0.469440832,0.173724213,0.470237262,Moderate
0.32247557,0.335652174,0.111587983,0.415929204,0.770148091,0.457737321,0.457111835,0.347545431,Moderate
0.179153094,0.333913043,0.115879828,0.400442478,0.706058347,0.634590377,0.534201954,0.545213782,Moderate
0.527687296,0.394782609,0.184549356,0.623893805,0.898643713,0.723016905,0.550488599,0.756517301,Hazardous
0.153094463,0.35826087,0.472103004,0.261061947,0.597206044,0.123537061,0.332247557,0.601261516,Good
0.478827362,0.295652174,0.180257511,0.307522124,0.774921098,0.620286086,0.429967427,0.379595166,Poor
0.508143322,0.250434783,0.107296137,0.418141593,0.736713672,0.377113134,0.448425624,0.697421692,Poor
0.087947883,0.337391304,0.377682403,0.128318584,0.67992293,0.026007802,0.098805646,0.590598263,Good
0.09771987,0.307826087,0.326180258,0.28539823,0.622182194,0.166449935,0.196525516,0.424099443,Good
0.35504886,0.377391304,0.120171674,0.207964602,0.67992293,0.205461638,0.333333333,0.620804249,Moderate
0.104234528,0.140869565,0.381974249,0.316371681,0.626469786,0.048114434,0.453854506,0.587090179,Good
0.335504886,0.377391304,0.055793991,0.316371681,0.772545852,0.366710013,0.166123779,0.552572689,Poor
0.270358306,0.189565217,0.287553648,0.373893805,0.620010834,0.282184655,0.482084691,0.605030686,Moderate
0.013029316,0.328695652,0.416309013,0.230088496,0.608865337,0.430429129,0.39630836,0.5311268,Good
0.231270358,0.28173913,0.193133047,0.35840708,0.646881004,0.150845254,0.588490771,0.651079706,Moderate
0.078175896,0.086956522,0.343347639,0.216814159,0.606576074,0.044213264,0.336590662,0.478157263,Good
0.342019544,0.283478261,0.21888412,0.522123894,0.654605631,0.386215865,0.459283388,0.56237779,Moderate
0.32247557,0.391304348,0.115879828,0.400442478,0.756538058,0.100130039,0.520086862,0.56237779,Moderate
0.442996743,0.737391304,0.0472103,0.575221239,0.917493729,0.78153446,0.706840391,0.631645807,Hazardous
0.120521173,0.092173913,0.339055794,0.196902655,0.622182194,0.11313394,0.196525516,0.424099443,Good
0.527687296,0.55826087,0.042918455,0.528761062,0.746158679,0.319895969,0.435396308,0.520191591,Poor
0.234527687,0.260869565,0.150214592,0.238938053,0.55298762,0.254876463,0.512486428,0.59232608,Moderate
0.299674267,0.184347826,0.137339056,0.42699115,0.747479631,0.517555267,0.422366992,0.548932216,Moderate
0.09771987,0.248695652,0.356223176,0.276548673,0.699773256,0.144343303,0.110749186,0.330289976,Good
0.100977199,0.045217391,0.502145923,0.17920354,0.630685915,0.260078023,0.364820847,0.308210214,Good
0.299674267,0.217391304,0.124463519,0.362831858,0.654605631,0.204161248,0.350705755,0.432930713,Moderate
0.078175896,0.208695652,0.407725322,0.112831858,0.636881209,0.470741222,0.380021716,0.53355543,Good
0.286644951,0.297391304,0.150214592,0.517699115,0.736713672,0.574772432,0.4082519,0.687441243,Moderate
0.205211726,0.102608696,0.326180258,0.17699115,0.529161846,0.547464239,0.209554832,0.316822437,Good
0.110749186,0.346086957,0.334763948,0.338495575,0.656500485,0.185955787,0.314875136,0.5157953,Good
0.495114007,0.533913043,0.064377682,0.588495575,0.777274248,0.530559168,0.348534202,0.668186023,Poor
0.104234528,0.267826087,0.386266094,0.243362832,0.589943482,0.436931079,0.107491857,0.60016941,Good
0.586319218,0.702608696,0.012875536,0.705752212,0.900808878,0.379713914,0.409337676,0.773067363,Hazardous
0.195439739,0.297391304,0.145922747,0.360619469,0.68671426,0.368010403,0.212812161,0.666324867,Moderate
0.2247557,0.302608696,0.145922747,0.369469027,0.693328019,0.643693108,0.374592834,0.693305957,Moderate
0.136807818,0.189565217,0.446351931,0.212389381,0.52283747,0.10663199,0.441910966,0.448039736,Good
0.218241042,0.379130435,0.158798283,0.517699115,0.555814039,0.175552666,0.352877307,0.498977887,Moderate
0.273615635,0.175652174,0.175965665,0.365044248,0.638913042,0.44863459,0.465798046,0.574221758,Moderate
0.068403909,0.349565217,0.446351931,0.117256637,0.676457644,0.092327698,0.323561346,0.489916133,Good
0.071661238,0.27826087,0.394849785,0.172566372,0.634832924,0.024707412,0.398479913,0.539093529,Good
0.332247557,0.450434783,0.13304721,0.188053097,0.713701281,0.527958388,0.381107492,0.62888218,Moderate
0.364820847,0.205217391,0.266094421,0.398230088,0.795350642,0.253576073,0.623235613,0.580468627,Moderate
0.371335505,0.44,0.150214592,0.39380531,0.698177277,0.546163849,0.42888165,0.6361563,Moderate
0.19218241,0.243478261,0.214592275,0.451327434,0.718178599,0.244473342,0.345276873,0.356686711,Moderate
0.537459283,0.499130435,0.240343348,0.60840708,0.843822512,0.429128739,0.286644951,0.631188246,Poor
0.296416938,0.326956522,0.124463519,0.353982301,0.750101021,0.179453836,0.300760043,0.789470175,Moderate
0.407166124,0.464347826,0.39055794,0.716814159,0.746158679,0.241872562,0.655808903,0.419509461,Poor
0.140065147,0.255652174,0.343347639,0.263274336,0.601934441,0.167750325,0.254071661,0.430036576,Good
0.140065147,0.093913043,0.630901288,0.309734513,0.558609226,0.279583875,0.311617807,0.610277134,Good
0.348534202,0.208695652,0.377682403,0.243362832,0.722578047,0.511053316,0.368078176,0.597408713,Moderate
0.306188925,0.540869565,0.055793991,0.353982301,0.634832924,0.325097529,0.402823018,0.469075758,Poor
0.114006515,0.076521739,0.399141631,0.35840708,0.662101346,0.252275683,0.112920738,0.502858366,Good
0.084690554,0.175652174,0.557939914,0.221238938,0.658381251,0.407022107,0.190010858,0.427093383,Good
0.110749186,0.135652174,0.484978541,0.274336283,0.704501653,0.461638492,0.067318132,0.282908201,Good
0.149837134,0.246956522,0.480686695,0.210176991,0.628586634,0.438231469,0.421281216,0.484669685,Good
0.094462541,0.074782609,0.407725322,0.181415929,0.569490985,0.343302991,0.159609121,0.286280039,Good
0.299674267,0.452173913,0.107296137,0.369469027,0.709143286,0.378413524,0.545059718,0.584111646,Moderate
0.156351792,0.187826087,0.343347639,0.139380531,0.669381327,0.540962289,0.13029316,0.567741744,Good
0.084690554,0.046956522,0.519313305,0.183628319,0.640928685,0.148244473,0.321389794,0.373641067,Good
0.426710098,0.495652174,0.08583691,0.601769912,0.770148091,0.319895969,0.451682953,0.671849539,Poor
0.094462541,0.373913043,0.394849785,0.35619469,0.665767524,0.22756827,0.364820847,0.514902525,Good
0.583061889,0.56173913,0.081545064,0.338495575,0.716694947,0.434330299,0.203040174,0.568400737,Poor
0.084690554,0.290434783,0.339055794,0.287610619,0.644912419,0.405721717,0.180238871,0.454495655,Good
0.221498371,0.486956522,0.175965665,0.342920354,0.716694947,0.531859558,0.393051031,0.571658697,Moderate
0.478827362,0.473043478,0.111587983,0.5,0.764052329,0.743823147,0.587404995,0.651487801,Poor
0.983713355,0.497391304,0.145922747,0.466814159,0.795350642,0.771131339,0.510314875,0.815895237,Hazardous
0.609120521,0.488695652,0.030042918,0.400442478,0.942458378,0.78283485,0.64495114,0.651079706,Hazardous
0.475570033,0.582608696,0.145922747,0.542035398,0.704501653,0.713914174,0.487513572,0.812864163,Hazardous
0.534201954,0.342608696,0.188841202,0.586283186,0.816268493,0.613784135,0.365906623,0.428571215,Hazardous
0.078175896,0.313043478,0.381974249,0.267699115,0.589943482,0.44473342,0.20412595,0.580468627,Good
0.117263844,0.128695652,0.519313305,0.17920354,0.658381251,0.143042913,0.427795874,0.50852118,Good
0.19218241,0.168695652,0.446351931,0.252212389,0.582466232,0.399219766,0.232356135,0.497004636,Good
0.348534202,0.377391304,0.115879828,0.409292035,0.808107725,0.240572172,0.483170467,0.514902525,Moderate
0.586319218,0.466086957,0.214592275,0.688053097,0.946089472,0.642392718,0.496199783,0.814306532,Hazardous
0.436482085,0.59826087,0.0472103,0.453539823,0.825145259,0.345903771,0.298588491,0.760913592,Poor
0.133550489,0.245217391,0.515021459,0.194690265,0.613382633,0.11443433,0.185667752,0.483601102,Good
0.133550489,0.175652174,0.373390558,0.334070796,0.706058347,0.150845254,0.42019544,0.500928966,Good
0.16286645,0.15826087,0.356223176,0.263274336,0.606576074,0.195058518,0.160694897,0.465543889,Good
0.338762215,0.252173913,0.120171674,0.446902655,0.634832924,0.345903771,0.208469055,0.539870462,Moderate
0.286644951,0.372173913,0.115879828,0.422566372,0.716694947,0.287386216,0.361563518,0.67614611,Moderate
0.260586319,0.295652174,0.206008584,0.14380531,0.693328019,0.318595579,0.487513572,0.545963866,Moderate
0.114006515,0.339130435,0.583690987,0.287610619,0.658381251,0.405721717,0.37567861,0.567080242,Good
0.436482085,0.427826087,0.317596567,0.373893805,0.799674882,0.55916775,0.446254072,0.444047739,Moderate
0.195439739,0.128695652,0.184549356,0.480088496,0.726902286,0.213263979,0.17155266,0.482525902,Moderate
0.312703583,0.537391304,0.360515021,0.267699115,0.569490985,0.21976593,0.357220413,0.494002068,Moderate
0.211726384,0.196521739,0.128755365,0.407079646,0.771349812,0.383615085,0.384364821,0.608197537,Moderate
0.283387622,0.28173913,0.214592275,0.170353982,0.652696476,0.306892068,0.214983713,0.657102653,Moderate
0.283387622,0.154782609,0.154506438,0.227876106,0.738084742,0.544863459,0.390879479,0.454495655,Moderate
0.136807818,0.208695652,0.369098712,0.32300885,0.652696476,0.058517555,0.380021716,0.588267433,Good
0.51465798,0.845217391,0.064377682,0.699115044,0.722578047,0.763328999,0.770901194,0.537529156,Hazardous
0.068403909,0.215652174,0.330472103,0.205752212,0.636881209,0.087126138,0.458197611,0.375648537,Good
0.368078176,0.326956522,0.13304721,0.721238938,0.784205144,0.712613784,0.596091205,0.601805004,Poor
0.166123779,0.085217391,0.339055794,0.238938053,0.685033444,0.537061118,0.057546145,0.342787758,Good
0.110749186,0.116521739,0.394849785,0.32300885,0.57992388,0.373211964,0.191096634,0.588267433,Good
0.094462541,0.179130435,0.364806867,0.32079646,0.592387577,0.475942783,0.374592834,0.356686711,Good
0.09771987,0.255652174,0.536480687,0.294247788,0.694954789,0.157347204,0.070575461,0.56641621,Good
0.449511401,0.6,0.098712446,0.457964602,0.839280884,0.425227568,0.476655809,0.679647121,Poor
0.433224756,0.372173913,0.193133047,0.369469027,0.663941077,0.495448635,0.460369164,0.56641621,Poor
0.140065147,0.252173913,0.343347639,0.165929204,0.613382633,0.455136541,0.347448426,0.39983059,Good
0.094462541,0.309565217,0.433476395,0.17699115,0.632767917,0.466840052,0.451682953,0.437183437,Good
0.081433225,0.11826087,0.463519313,0.289823009,0.572139824,0.078023407,0.347448426,0.586498546,Good
0.185667752,0.302608696,0.330472103,0.318584071,0.564108614,0.276983095,0.360477742,0.383454086,Good
0.648208469,0.580869565,0.030042918,0.668141593,0.850046844,0.802340702,0.830618893,0.739699889,Hazardous
0.276872964,0.335652174,0.154506438,0.349557522,0.716694947,0.565669701,0.307274701,0.68677721,Moderate
0.045602606,0.083478261,0.407725322,0.227876106,0.558609226,0.078023407,0.328990228,0.477047712,Good
0.276872964,0.255652174,0.115879828,0.126106195,0.707605519,0.586475943,0.297502714,0.607148324,Moderate
0.146579805,0.128695652,0.381974249,0.174778761,0.592387577,0.071521456,0.431053203,0.615870842,Good
0.146579805,0.262608696,0.120171674,0.495575221,0.726902286,0.270481144,0.365906623,0.477047712,Moderate
0.143322476,0.210434783,0.394849785,0.267699115,0.709143286,0.085825748,0.454940282,0.439961804,Good
0.328990228,0.495652174,0.197424893,0.615044248,0.669381327,0.22236671,0.467969598,0.583509759,Poor
0.146579805,0.260869565,0.356223176,0.203539823,0.611134068,0.184655397,0.212812161,0.385351855,Good
0.153094463,0.342608696,0.326180258,0.148230088,0.519614982,0.371911573,0.198697068,0.450650976,Good
0.143322476,0.332173913,0.420600858,0.289823009,0.630685915,0.299089727,0.34310532,0.40664104,Good
0.123778502,0.132173913,0.364806867,0.305309735,0.636881209,0.126137841,0.250814332,0.322335415,Good
0.583061889,0.285217391,0.051502146,0.71460177,0.902242094,0.745123537,0.437567861,0.536741652,Hazardous
0.475570033,0.499130435,0.0472103,0.628318584,0.750101021,0.55786736,0.395222584,0.635263526,Hazardous
0.156351792,0.24,0.356223176,0.294247788,0.630685915,0.213263979,0.454940282,0.577373282,Good
0.286644951,0.313043478,0.120171674,0.210176991,0.669381327,0.642392718,0.230184582,0.765412954,Moderate
0.394136808,0.551304348,0.115879828,0.325221239,0.724027689,0.625487646,0.561346363,0.694582759,Poor
0.403908795,0.353043478,0.055793991,0.446902655,0.731153846,0.592977893,0.380021716,0.758068696,Poor
0.117263844,0.142608696,0.407725322,0.265486726,0.615611387,0.243172952,0.225841477,0.389086284,Good
0.120521173,0.313043478,0.394849785,0.245575221,0.615611387,0.397919376,0.049945711,0.289587648,Good
0.599348534,0.573913043,0.115879828,0.471238938,0.807068866,0.435630689,0.412595005,0.558243208,Poor
0.114006515,0.243478261,0.433476395,0.212389381,0.669381327,0.345903771,0.161780673,0.535950561,Good
0.117263844,0.332173913,0.429184549,0.241150442,0.646881004,0.119635891,0.472312704,0.455758527,Good
0.436482085,0.467826087,0.077253219,0.661504425,0.738084742,0.405721717,0.361563518,0.52447932,Poor
0.276872964,0.332173913,0.317596567,0.35840708,0.613382633,0.273081925,0.357220413,0.377633064,Moderate
0.45276873,0.51826087,0.055793991,0.519911504,0.844721134,0.293888166,0.3669924,0.720804082,Poor
0.084690554,0.229565217,0.369098712,0.300884956,0.57992388,0.097529259,0.11834962,0.639245351,Good
0.351791531,0.246956522,0.13304721,0.382743363,0.736713672,0.490247074,0.199782845,0.401558407,Moderate
0.635179153,0.304347826,0.042918455,0.415929204,0.874316333,0.44083225,0.575461455,0.740678168,Poor
0.078175896,0.229565217,0.429184549,0.342920354,0.597206044,0.44083225,0.237785016,0.554007774,Good
0.83713355,0.551304348,0.081545064,0.652654867,0.822220811,0.685305592,0.385450597,0.683078936,Hazardous
0.087947883,0.194782609,0.596566524,0.336283186,0.594808283,0.21716515,0.34310532,0.316822437,Good
0.32247557,0.532173913,0.180257511,0.415929204,0.624335074,0.278283485,0.369163952,0.691372978,Moderate
0.374592834,0.27826087,0.248927039,0.203539823,0.685033444,0.574772432,0.223669924,0.677554996,Moderate
0.156351792,0.019130435,0.497854077,0.345132743,0.574761214,0.170351105,0.318132465,0.345182888,Good
0.553745928,0.500869565,0.128755365,0.438053097,0.851797452,0.684005202,0.628664495,0.609240449,Poor
0.459283388,0.556521739,0.150214592,0.402654867,0.736713672,0.371911573,0.574375679,0.646106262,Poor
0.605863192,0.646956522,0.270386266,0.619469027,0.801809594,0.546163849,0.68946797,0.645685306,Hazardous
0.260586319,0.490434783,0.158798283,0.314159292,0.784205144,0.258777633,0.456026059,0.596292026,Poor
0.16286645,0.083478261,0.459227468,0.349557522,0.660248137,0.403120936,0.200868621,0.513103087,Good
0.403908795,0.500869565,0.008583691,0.685840708,0.707605519,0.646293888,0.369163952,0.576747537,Hazardous
0.315960912,0.424347826,0.193133047,0.272123894,0.732555301,0.395318596,0.299674267,0.540643934,Moderate
0.114006515,0.292173913,0.334763948,0.17920354,0.636881209,0.122236671,0.466883822,0.396322506,Good
0.127035831,0.226086957,0.356223176,0.183628319,0.656500485,0.530559168,0.10640608,0.450650976,Good
0.671009772,0.511304348,0.111587983,0.867256637,0.658381251,0.382314694,0.600434311,0.881491512,Hazardous
0.381107492,0.617391304,0.025751073,0.637168142,0.895727694,0.882964889,0.944625407,0.762211064,Hazardous
0.299674267,0.586086957,0.077253219,0.371681416,0.646881004,0.547464239,0.426710098,0.196461436,Poor
0.140065147,0.286956522,0.699570815,0.252212389,0.544313792,0.024707412,0.346362649,0.389086284,Good
0.358306189,0.170434783,0.060085837,0.32079646,0.809142335,0.539661899,0.266015201,0.673293575,Poor
0.221498371,0.339130435,0.330472103,0.298672566,0.867030527,0.600780234,0.642779587,0.50665402,Moderate
0.736156352,0.657391304,0.364806867,0.699115044,0.871104075,0.806241873,0.441910966,0.545213782,Hazardous
0.169381107,0.236521739,0.467811159,0.360619469,0.640928685,0.459037711,0.27795874,0.419509461,Good
0.231270358,0.433043478,0.107296137,0.252212389,0.738084742,0.368010403,0.244299674,0.521057648,Moderate
0.293159609,0.234782609,0.150214592,0.548672566,0.759067697,0.66189857,0.522258415,0.625127565,Moderate
0.703583062,0.516521739,0.210300429,0.668141593,0.874316333,0.569570871,0.568946797,0.6330113,Hazardous
0.195439739,0.24,0.360515021,0.139380531,0.660248137,0.278283485,0.426710098,0.471391048,Good
0.133550489,0.111304348,0.364806867,0.307522124,0.644912419,0.33680104,0.457111835,0.381535345,Good
0.110749186,0.116521739,0.339055794,0.194690265,0.685033444,0.462938882,0.333333333,0.389086284,Good
0.478827362,0.523478261,0.068669528,0.457964602,0.810172731,0.351105332,0.26927253,0.786872884,Poor
0.123778502,0.12173913,0.515021459,0.307522124,0.640928685,0.10663199,0.462540717,0.519321192,Good
0.188925081,0.19826087,0.111587983,0.325221239,0.75780604,0.305591678,0.403908795,0.651894939,Moderate
0.276872964,0.455652174,0.184549356,0.378318584,0.736713672,0.488946684,0.488599349,0.716372729,Moderate
0.136807818,0.363478261,0.549356223,0.230088496,0.646881004,0.477243173,0.4082519,0.654718484,Good
0.146579805,0.179130435,0.575107296,0.351769912,0.57992388,0.44473342,0.033659066,0.401558407,Good
0.127035831,0.344347826,0.326180258,0.256637168,0.674707036,0.137841352,0.207383279,0.379595166,Good
0.087947883,0.28173913,0.369098712,0.241150442,0.606576074,0.208062419,0.463626493,0.53355543,Good
0.338762215,0.191304348,0.107296137,0.39159292,0.699773256,0.573472042,0.262757872,0.569057237,Moderate
0.120521173,0.088695652,0.356223176,0.342920354,0.650772802,0.340702211,0.109663409,0.431489674,Good
0.241042345,0.455652174,0.347639485,0.300884956,0.658381251,0.425227568,0.414766558,0.483601102,Moderate
0.179153094,0.323478261,0.197424893,0.227876106,0.718178599,0.185955787,0.217155266,0.435777404,Moderate
0.104234528,0.132173913,0.343347639,0.134955752,0.630685915,0.261378414,0.295331162,0.484669685,Good
0.100977199,0.248695652,0.35193133,0.256637168,0.611134068,0.132639792,0.041259501,0.392742086,Good
0.241042345,0.349565217,0.261802575,0.654867257,0.826112609,0.520156047,0.629750271,0.498977887,Poor
0.16286645,0.193043478,0.480686695,0.311946903,0.716694947,0.21846554,0.255157438,0.64098616,Good
0.38762215,0.354782609,0.201716738,0.205752212,0.676457644,0.383615085,0.363735071,0.489916133,Moderate
0.325732899,0.464347826,0.141630901,0.32300885,0.624335074,0.373211964,0.513572204,0.302221889,Moderate
0.091205212,0.196521739,0.347639485,0.28539823,0.624335074,0.179453836,0.180238871,0.569711265,Good
0.254071661,0.267826087,0.163090129,0.466814159,0.819262159,0.505851756,0.391965255,0.638368358,Moderate
0.09771987,0.290434783,0.394849785,0.300884956,0.57992388,0.11183355,0.099891422,0.35444611,Good
0.332247557,0.233043478,0.377682403,0.409292035,0.67116905,0.231469441,0.191096634,0.558939178,Moderate
0.094462541,0.248695652,0.347639485,0.25,0.628586634,0.261378414,0.145494028,0.539870462,Good
0.068403909,0.234782609,0.429184549,0.241150442,0.693328019,0.260078023,0.09771987,0.565080478,Good
0.146579805,0.267826087,0.553648069,0.152654867,0.674707036,0.200260078,0.459283388,0.446719241,Good
0.087947883,0.373913043,0.420600858,0.411504425,0.678196221,0.644993498,0.243213898,0.602346796,Moderate
0.09771987,0.140869565,0.39055794,0.188053097,0.640928685,0.516254876,0.386536374,0.439961804,Good
0.482084691,0.299130435,0.240343348,0.506637168,0.825145259,0.520156047,0.346362649,0.513103087,Poor
0.361563518,0.347826087,0.137339056,0.314159292,0.674707036,0.478543563,0.282301846,0.56440874,Moderate
0.091205212,0.088695652,0.381974249,0.387168142,0.630685915,0.352405722,0.327904452,0.536741652,Good
0.159609121,0.133913043,0.450643777,0.236725664,0.577355718,0.422626788,0.102062975,0.249194131,Good
0.351791531,0.187826087,0.407725322,0.298672566,0.681637932,0.482444733,0.39630836,0.629808285,Moderate
0.501628664,0.511304348,0.090128755,0.546460177,0.876699037,0.397919376,0.76330076,0.709214081,Hazardous
0.153094463,0.27826087,0.364806867,0.296460177,0.620010834,0.276983095,0.092290988,0.387229109,Good
0.719869707,0.532173913,0.008583691,0.407079646,0.719653599,0.808842653,0.686210641,0.660618629,Hazardous
0.358306189,0.394782609,0.150214592,0.371681416,0.785342053,0.141742523,0.300760043,0.595730978,Moderate
0.501628664,0.302608696,0.107296137,0.307522124,0.729744584,0.261378414,0.339847991,0.437183437,Poor
0.426710098,0.544347826,0.012875536,0.623893805,0.874316333,0.910273082,0.702497286,0.889125455,Hazardous
0.338762215,0.419130435,0.128755365,0.289823009,0.752695525,0.55396619,0.517915309,0.444047739,Moderate
0.211726384,0.448695652,0.128755365,0.486725664,0.719653599,0.624187256,0.407166124,0.56237779,Moderate
0.436482085,0.422608696,0.120171674,0.35619469,0.859528637,0.474642393,0.359391965,0.667443953,Poor
0.527687296,0.59826087,0.124463519,0.564159292,0.738084742,0.469440832,0.223669924,0.883859914,Poor
0.254071661,0.276521739,0.201716738,0.353982301,0.793160482,0.21846554,0.308360478,0.700829628,Moderate
0.345276873,0.179130435,0.184549356,0.39159292,0.726902286,0.639791938,0.576547231,0.587090179,Moderate
0.117263844,0.266086957,0.399141631,0.137168142,0.628586634,0.527958388,0.260586319,0.365370732,Good
0.175895765,0.186086957,0.39055794,0.283185841,0.615611387,0.144343303,0.11834962,0.352176218,Good
0.368078176,0.215652174,0.13304721,0.190265487,0.726902286,0.654096229,0.376764387,0.671849539,Moderate
0.114006515,0.12173913,0.339055794,0.276548673,0.665767524,0.499349805,0.217155266,0.637044508,Good
0.104234528,0.170434783,0.386266094,0.221238938,0.620010834,0.302990897,0.271444083,0.424099443,Good
0.140065147,0.076521739,0.566523605,0.287610619,0.617820675,0.487646294,0.306188925,0.390923806,Good
0.123778502,0.099130435,0.394849785,0.336283186,0.650772802,0.33550065,0.324647123,0.29914846,Good
0.488599349,0.264347826,0.068669528,0.342920354,0.752695525,0.470741222,0.344191097,0.692342157,Poor
0.104234528,0.043478261,0.343347639,0.238938053,0.626469786,0.355006502,0.363735071,0.417952103,Good
0.302931596,0.346086957,0.180257511,0.466814159,0.683341385,0.371911573,0.285559175,0.583509759,Moderate
0.407166124,0.631304348,0.060085837,0.736725664,0.669381327,0.478543563,0.32247557,0.836031,Poor
0.078175896,0.07826087,0.364806867,0.210176991,0.535331954,0.22236671,0.061889251,0.615369704,Good
0.140065147,0.233043478,0.360515021,0.241150442,0.67116905,0.492847854,0.287730727,0.41319443,Good
0.114006515,0.271304348,0.326180258,0.303097345,0.59958129,0.10793238,0.371335505,0.347545431,Good
0.628664495,0.469565217,0.038626609,0.433628319,0.880621005,0.655396619,0.470141151,0.759606352,Hazardous
0.527687296,0.346086957,0.201716738,0.362831858,0.753982865,0.586475943,0.336590662,0.644416281,Poor
0.482084691,0.393043478,0.051502146,0.590707965,0.688383982,0.364109233,0.479913138,0.682056494,Poor
0.250814332,0.52,0.248927039,0.362831858,0.67992293,0.273081925,0.462540717,0.481444003,Moderate
0.110749186,0.274782609,0.394849785,0.265486726,0.676457644,0.410923277,0.07383279,0.445388628,Good
0.104234528,0.233043478,0.399141631,0.241150442,0.634832924,0.455136541,0.255157438,0.492989562,Good
0.706840391,0.593043478,0.206008584,0.814159292,0.852668234,0.903771131,0.359391965,0.561010506,Hazardous
0.449511401,0.493913043,0.038626609,0.67699115,0.752695525,0.570871261,0.747014115,0.677554996,Hazardous
0.332247557,0.382608696,0.111587983,0.378318584,0.718178599,0.420026008,0.424538545,0.52447932,Moderate
0.495114007,0.516521739,0.064377682,0.517699115,0.827076275,0.612483745,0.467969598,0.473675874,Poor
0.537459283,0.525217391,0.012875536,0.634955752,0.894993407,0.342002601,0.560260586,0.547454384,Hazardous
0.146579805,0.342608696,0.373390558,0.305309735,0.642928394,0.422626788,0.389793702,0.551125646,Good
0.211726384,0.309565217,0.077253219,0.555309735,0.835587944,0.656697009,0.564603692,0.58885308,Poor
0.143322476,0.196521739,0.47639485,0.241150442,0.630685915,0.100130039,0.24864278,0.608719776,Good
0.534201954,0.636521739,0.064377682,0.230088496,0.642928394,0.318595579,0.608034745,0.6361563,Poor
0.413680782,0.4,0.145922747,0.508849558,0.648834387,0.490247074,0.639522258,0.608197537,Poor
0.104234528,0.086956522,0.459227468,0.314159292,0.561373864,0.243172952,0.362649294,0.417952103,Good
0.371335505,0.457391304,0.274678112,0.314159292,0.828992662,0.456436931,0.47339848,0.732437572,Poor
0.45276873,0.664347826,0.137339056,0.699115044,0.912053479,0.590377113,0.659066232,0.792572676,Hazardous
0.123778502,0.276521739,0.450643777,0.329646018,0.601934441,0.487646294,0.323561346,0.416380652,Good
0.570032573,0.344347826,0.094420601,0.411504425,0.796438651,0.304291287,0.232356135,0.756739779,Poor
0.110749186,0.074782609,0.356223176,0.223451327,0.650772802,0.205461638,0.242128122,0.335397527,Good
0.270358306,0.457391304,0.261802575,0.353982301,0.706058347,0.589076723,0.260586319,0.728034724,Moderate
0.156351792,0.24173913,0.343347639,0.292035398,0.709143286,0.180754226,0.422366992,0.465543889,Good
0.28990228,0.203478261,0.43776824,0.455752212,0.725469071,0.258777633,0.296416938,0.497004636,Moderate
0.843648208,0.68173913,0.060085837,0.438053097,0.678196221,0.864759428,0.801302932,0.82072983,Hazardous
0.185667752,0.231304348,0.111587983,0.329646018,0.499367229,0.274382315,0.294245385,0.736481871,Moderate
0.335504886,0.445217391,0.137339056,0.409292035,0.739448421,0.374512354,0.351791531,0.521057648,Moderate
0.309446254,0.457391304,0.115879828,0.314159292,0.701359229,0.213263979,0.21606949,0.511284807,Moderate
0.338762215,0.215652174,0.206008584,0.103982301,0.833721059,0.327698309,0.155266015,0.488879448,Moderate
0.560260586,0.455652174,0.188841202,0.703539823,0.825145259,0.501950585,0.574375679,0.591176114,Poor
0.244299674,0.28173913,0.231759657,0.283185841,0.698177277,0.646293888,0.285559175,0.41319443,Moderate
0.319218241,0.568695652,0.042918455,0.205752212,0.713701281,0.546163849,0.448425624,0.758068696,Poor
0.423452769,0.551304348,0.038626609,0.508849558,0.75780604,0.459037711,0.681867535,0.514005137,Poor
0.345276873,0.28,0.154506438,0.451327434,0.68671426,0.284785436,0.156351792,0.567080242,Moderate
0.114006515,0.113043478,0.56223176,0.305309735,0.669381327,0.461638492,0.251900109,0.387229109,Good
0.211726384,0.39826087,0.107296137,0.484513274,0.722578047,0.396618986,0.536373507,0.736231843,Moderate
0.381107492,0.52,0.819742489,0.484513274,0.704501653,0.660598179,0.427795874,0.580468627,Poor
0.332247557,0.335652174,0.210300429,0.351769912,0.73533513,0.534460338,0.415852334,0.529488635,Moderate
0.543973941,0.356521739,0.077253219,0.207964602,0.886772356,0.707412224,0.615635179,0.664064824,Poor
0.609120521,0.655652174,0.068669528,0.690265487,0.803926442,0.611183355,0.370249729,0.763070691,Hazardous
0.273615635,0.259130435,0.158798283,0.453539823,0.756538058,0.381014304,0.482084691,0.471391048,Moderate
0.231270358,0.394782609,0.141630901,0.550884956,0.638913042,0.21716515,0.228013029,0.449350264,Moderate
0.120521173,0.234782609,0.403433476,0.35840708,0.589943482,0.386215865,0.31053203,0.477047712,Good
0.123778502,0.132173913,0.347639485,0.267699115,0.613382633,0.461638492,0.323561346,0.561010506,Good
0.078175896,0.12,0.369098712,0.150442478,0.620010834,0.368010403,0.439739414,0.471391048,Good
0.228013029,0.175652174,0.163090129,0.380530973,0.777274248,0.182054616,0.241042345,0.461938689,Moderate
0.299674267,0.44173913,0.188841202,0.292035398,0.638913042,0.353706112,0.260586319,0.488879448,Moderate
0.068403909,0.123478261,0.467811159,0.345132743,0.604265903,0.058517555,0.217155266,0.421052975,Good
0.182410423,0.203478261,0.330472103,0.238938053,0.642928394,0.283485046,0.279044517,0.39983059,Good
0.120521173,0.151304348,0.43776824,0.17699115,0.648834387,0.068920676,0.346362649,0.469075758,Good
0.146579805,0.109565217,0.347639485,0.309734513,0.650772802,0.046814044,0.444082519,0.424099443,Good
0.631921824,0.497391304,0.004291845,0.783185841,0.938774403,0.517555267,0.649294245,0.58590489,Hazardous
0.133550489,0.139130435,0.510729614,0.451327434,0.453246827,0.143042913,0.335504886,0.434359892,Good
0.325732899,0.206956522,0.223175966,0.362831858,0.759067697,0.650195059,0.283387622,0.434359892,Moderate
0.325732899,0.253913043,0.175965665,0.311946903,0.665767524,0.537061118,0.380021716,0.725657808,Moderate
0.491856678,0.415652174,0.128755365,0.615044248,0.823199389,0.494148244,0.628664495,0.603962102,Poor
0.009771987,0.165217391,0.472103004,0.139380531,0.634832924,0.455136541,0.454940282,0.427093383,Good
0.38762215,0.406956522,0.201716738,0.309734513,0.802870232,0.599479844,0.103148751,0.446719241,Moderate
0.625407166,0.556521739,0.115879828,0.754424779,0.81425285,0.479843953,0.530944625,0.730379543,Hazardous
0.364820847,0.330434783,0.167381974,0.387168142,0.773736263,0.344603381,0.323561346,0.561695494,Moderate
0.273615635,0.403478261,0.339055794,0.39159292,0.674707036,0.539661899,0.245385451,0.549666442,Moderate
0.091205212,0.290434783,0.442060086,0.238938053,0.57992388,0.235370611,0.302931596,0.404963305,Good
0.312703583,0.405217391,0.158798283,0.336283186,0.667580879,0.244473342,0.276872964,0.59346848,Moderate
0.32247557,0.347826087,0.167381974,0.378318584,0.73533513,0.542262679,0.540716612,0.670758577,Poor
0.540716612,0.422608696,0.158798283,0.577433628,0.740804789,0.682704811,0.679695983,0.809615346,Poor
0.276872964,0.52173913,0.167381974,0.365044248,0.728327427,0.44863459,0.456026059,0.625127565,Moderate
0.221498371,0.313043478,0.111587983,0.402654867,0.674707036,0.534460338,0.255157438,0.687441243,Moderate
0.169381107,0.11826087,0.35193133,0.298672566,0.613382633,0.533159948,0.043431053,0.521057648,Good
0.530944625,0.64173913,0.154506438,0.35840708,0.759067697,0.680104031,0.678610206,0.779035105,Poor
0.534201954,0.344347826,0.077253219,0.486725664,0.886772356,0.736020806,0.592833876,0.584711454,Poor
0.364820847,0.342608696,0.128755365,0.305309735,0.797522002,0.270481144,0.429967427,0.542943891,Moderate
0.618892508,0.450434783,0.356223176,0.296460177,0.870294597,0.629388817,0.586319218,0.729861201,Poor
0.345276873,0.259130435,0.150214592,0.431415929,0.718178599,0.196358908,0.421281216,0.41319443,Moderate
0.123778502,0.130434783,0.373390558,0.241150442,0.652696476,0.178153446,0.327904452,0.755624527,Good
0.400651466,0.71826087,0.098712446,0.438053097,0.848284036,0.968790637,0.517915309,0.607148324,Hazardous
0.188925081,0.31826087,0.253218884,0.42920354,0.694954789,0.273081925,0.235613464,0.552572689,Moderate
0.35504886,0.382608696,0.163090129,0.553097345,0.728327427,0.283485046,0.372421281,0.463148758,Moderate
0.397394137,0.363478261,0.193133047,0.351769912,0.747479631,0.609882965,0.231270358,0.557544438,Moderate
0.338762215,0.408695652,0.274678112,0.486725664,0.702935321,0.537061118,0.536373507,0.543703823,Moderate
0.19218241,0.309565217,0.167381974,0.365044248,0.732555301,0.231469441,0.488599349,0.482525902,Moderate
0.654723127,0.547826087,0.081545064,0.738938053,0.829945438,0.834850455,0.453854506,0.667443953,Hazardous
0.368078176,0.196521739,0.175965665,0.35619469,0.777274248,0.271781534,0.541802389,0.614363068,Moderate
0.123778502,0.224347826,0.377682403,0.230088496,0.67992293,0.119635891,0.438653637,0.369555132,Good
0.260586319,0.485217391,0.150214592,0.342920354,0.685033444,0.326397919,0.279044517,0.367475536,Moderate
0.276872964,0.509565217,0.077253219,0.280973451,0.747479631,0.673602081,0.507057546,0.634815412,Poor
0.159609121,0.483478261,0.107296137,0.334070796,0.761572291,0.548764629,0.562432139,0.488879448,Moderate
0.482084691,0.499130435,0.064377682,0.384955752,0.736713672,0.570871261,0.270358306,0.535155849,Poor
0.107491857,0.309565217,0.360515021,0.353982301,0.662101346,0.313394018,0.180238871,0.385351855,Good
0.42019544,0.485217391,0.13304721,0.422566372,0.561373864,0.418725618,0.391965255,0.65551685,Poor
0.504885993,0.446956522,0.090128755,0.469026549,0.739448421,0.453836151,0.668838219,0.738716066,Poor
0.058631922,0.217391304,0.321888412,0.258849558,0.681637932,0.368010403,0.338762215,0.539093529,Good
0.140065147,0.326956522,0.326180258,0.157079646,0.630685915,0.062418726,0.099891422,0.542943891,Good
0.586319218,0.459130435,0.0472103,0.334070796,0.864554535,0.304291287,0.416938111,0.599070392,Poor
0.149837134,0.111304348,0.394849785,0.207964602,0.617820675,0.239271782,0.223669924,0.487836536,Good
0.700325733,0.393043478,0.227467811,0.621681416,0.835587944,0.466840052,0.629750271,0.762211064,Hazardous
0.091205212,0.304347826,0.347639485,0.243362832,0.652696476,0.084525358,0.19218241,0.305241865,Good
0.218241042,0.514782609,0.248927039,0.398230088,0.783063102,0.577373212,0.198697068,0.620804249,Moderate
0.055374593,0.300869565,0.343347639,0.32300885,0.688383982,0.156046814,0.372421281,0.390923806,Good
0.237785016,0.330434783,0.17167382,0.296460177,0.762815349,0.384915475,0.39630836,0.458257049,Moderate
0.45276873,0.424347826,0.785407725,0.491150442,0.867030527,0.739921977,0.736156352,0.789838065,Hazardous
0.16286645,0.203478261,0.502145923,0.283185841,0.604265903,0.152145644,0.297502714,0.539093529,Good
0.140065147,0.177391304,0.347639485,0.289823009,0.564108614,0.309492848,0.076004343,0.516683507,Good
0.371335505,0.836521739,0.021459227,0.685840708,0.882172923,0.759427828,0.717698154,0.698668694,Hazardous
0.853420195,0.459130435,0.051502146,0.738938053,0.905790004,0.521456437,0.627578719,0.569711265,Hazardous
0.185667752,0.387826087,0.296137339,0.407079646,0.630685915,0.509752926,0.479913138,0.618847673,Moderate
0.146579805,0.271304348,0.381974249,0.362831858,0.622182194,0.492847854,0.2247557,0.472537219,Good
0.319218241,0.173913043,0.270386266,0.475663717,0.740804789,0.459037711,0.45276873,0.673293575,Moderate
0.107491857,0.097391304,0.467811159,0.39159292,0.606576074,0.117035111,0.271444083,0.603425335,Good
0.475570033,0.662608696,0.012875536,0.601769912,0.883715378,0.750325098,0.413680782,0.842391292,Hazardous
0.28990228,0.311304348,0.137339056,0.325221239,0.731153846,0.677503251,0.661237785,0.567080242,Moderate
0.319218241,0.476521739,0.30472103,0.276548673,0.685033444,0.248374512,0.458197611,0.546710724,Moderate
0.078175896,0.283478261,0.39055794,0.263274336,0.646881004,0.068920676,0.091205212,0.591752049,Good
0.237785016,0.274782609,0.248927039,0.236725664,0.726902286,0.355006502,0.454940282,0.791665916,Moderate
